0,100, generated, node, -
0,101, generated, node, -
0,102, generated, node, -
0,103, generated, node, -
0,104, generated, node, -
0,105, generated, node, -
0,106, generated, node, -
0,107, generated, node, -
0,108, generated, node, -
0,109, generated, node, -
0,110, generated, node, -
0,111, generated, node, -
0,112, generated, node, -
0,113, generated, node, -
0,114, generated, node, -
0,115, generated, node, -
0,116, generated, node, -
0,117, generated, node, -
0,118, generated, node, -
0, 108,Appended, Transaction, 2301
0, 108, broadcasting, data, 2301
1,102,received,transaction,2301 
1,115,received,transaction,2301 
1,116,received,transaction,2301 
1,109,received,transaction,2301 
2,105,received,transaction,2301 
3,117,received,transaction,2301 
3,114,received,transaction,2301 
5,103,received,transaction,2301 
6,101,received,transaction,2301 
6,100,received,transaction,2301 
7,110,received,transaction,2301 
8,111,received,transaction,2301 
8,106,received,transaction,2301 
8,112,received,transaction,2301 
9, 106,Appended, Transaction, 2302
9, 106, broadcasting, data, 2302
10,113,received,transaction,2301 
10,107,received,transaction,2301 
10,111,received,transaction,2302 
10,118,received,transaction,2302 
10,105,received,transaction,2302 
10,104,received,transaction,2302 
11,116,received,transaction,2302 
11,113,received,transaction,2302 
12,110,received,transaction,2302 
13,114,received,transaction,2302 
14,117,received,transaction,2302 
14,104,received,transaction,2301 
15,109,received,transaction,2302 
16,118,received,transaction,2301 
17,102,received,transaction,2302 
18,107,received,transaction,2302 
19,108,received,transaction,2302 
19, 106,Appended, Transaction, 2303
19, 106, broadcasting, data, 2303
20,112,received,transaction,2302 
20,104,received,transaction,2303 
21,102,received,transaction,2303 
21,111,received,transaction,2303 
21,113,received,transaction,2303 
21,114,received,transaction,2303 
22,100,received,transaction,2302 
22,115,received,transaction,2302 
22,118,received,transaction,2303 
23,109,received,transaction,2303 
23,107,received,transaction,2303 
24,103,received,transaction,2303 
25,112,received,transaction,2303 
26,101,received,transaction,2303 
26,100,received,transaction,2303 
27,103,received,transaction,2302 
29, 114,Appended, Transaction, 2304
29, 114, broadcasting, data, 2304
29,103,received,transaction,2304 
29,116,received,transaction,2303 
30,101,received,transaction,2302 
30,117,received,transaction,2304 
31,108,received,transaction,2304 
31,101,received,transaction,2304 
32,106,received,transaction,2304 
32,117,received,transaction,2303 
32,113,received,transaction,2304 
32,107,received,transaction,2304 
33,115,received,transaction,2303 
33,108,received,transaction,2303 
34,110,received,transaction,2304 
34,112,received,transaction,2304 
36,100,received,transaction,2304 
37,105,received,transaction,2303 
38,115,received,transaction,2304 
38,110,received,transaction,2303 
38,111,received,transaction,2304 
39,116,received,transaction,2304 
39,102,received,transaction,2304 
39, 106,Appended, Transaction, 2305
39, 106, broadcasting, data, 2305
39,105,received,transaction,2304 
40,118,received,transaction,2304 
40,100,received,transaction,2305 
40,104,received,transaction,2305 
40,118,received,transaction,2305 
41,116,received,transaction,2305 
41,101,received,transaction,2305 
41,111,received,transaction,2305 
41,113,received,transaction,2305 
42,109,received,transaction,2305 
42,109,received,transaction,2304 
44,104,received,transaction,2304 
46,114,received,transaction,2305 
46,117,received,transaction,2305 
48,110,received,transaction,2305 
49, 115,Appended, Transaction, 2306
49, 115, broadcasting, data, 2306
49,107,received,transaction,2305 
51,108,received,transaction,2306 
51,102,received,transaction,2305 
51,118,received,transaction,2306 
51,114,received,transaction,2306 
51,100,received,transaction,2306 
51,112,received,transaction,2306 
51,108,received,transaction,2305 
51,116,received,transaction,2306 
52,111,received,transaction,2306 
52,113,received,transaction,2306 
52,105,received,transaction,2305 
52,101,received,transaction,2306 
53,112,received,transaction,2305 
54,104,received,transaction,2306 
54,102,received,transaction,2306 
54,109,received,transaction,2306 
55,106,received,transaction,2306 
55,110,received,transaction,2306 
55,103,received,transaction,2306 
56,107,received,transaction,2306 
58,103,received,transaction,2305 
59,117,received,transaction,2306 
59, 102,Appended, Transaction, 2307
59, 102, broadcasting, data, 2307
59,106,received,transaction,2307 
60,117,received,transaction,2307 
61,100,received,transaction,2307 
61,101,received,transaction,2307 
61,110,received,transaction,2307 
61,113,received,transaction,2307 
62,109,received,transaction,2307 
62,111,received,transaction,2307 
64,115,received,transaction,2307 
64,116,received,transaction,2307 
64,118,received,transaction,2307 
65,115,received,transaction,2305 
65,104,received,transaction,2307 
67,114,received,transaction,2307 
69,103,received,transaction,2307 
69, 113,Appended, Transaction, 2308
69, 113, broadcasting, data, 2308
70,105,received,transaction,2307 
71,106,received,transaction,2308 
72,108,received,transaction,2307 
72,114,received,transaction,2308 
72,103,received,transaction,2308 
72,112,received,transaction,2308 
74,109,received,transaction,2308 
74,118,received,transaction,2308 
75,111,received,transaction,2308 
77,117,received,transaction,2308 
78,112,received,transaction,2307 
78,107,received,transaction,2307 
79,108,received,transaction,2308 
79, 101,Appended, Transaction, 2309
79, 101, broadcasting, data, 2309
79,105,received,transaction,2308 
80,116,received,transaction,2308 
80,115,received,transaction,2308 
80,106,received,transaction,2309 
81,101,received,transaction,2308 
81,110,received,transaction,2308 
81,102,received,transaction,2309 
81,117,received,transaction,2309 
81,114,received,transaction,2309 
82,103,received,transaction,2309 
82,112,received,transaction,2309 
82,115,received,transaction,2309 
82,116,received,transaction,2309 
84,111,received,transaction,2309 
84,100,received,transaction,2308 
84,100,received,transaction,2309 
84,109,received,transaction,2309 
84,104,received,transaction,2308 
84,102,received,transaction,2308 
85,105,received,transaction,2309 
85,108,received,transaction,2309 
89,107,received,transaction,2308 
89, 100,Appended, Transaction, 2310
89, 100, broadcasting, data, 2310
91,118,received,transaction,2310 
91,104,received,transaction,2310 
91,109,received,transaction,2310 
91,115,received,transaction,2310 
91,116,received,transaction,2310 
91,114,received,transaction,2310 
92,103,received,transaction,2310 
92,106,received,transaction,2310 
92,107,received,transaction,2310 
93,110,received,transaction,2309 
94,101,received,transaction,2310 
94,102,received,transaction,2310 
94,111,received,transaction,2310 
95,113,received,transaction,2309 
96,118,received,transaction,2309 
96,104,received,transaction,2309 
98,107,received,transaction,2309 
99, 116,Appended, Transaction, 2311
99, 116, broadcasting, data, 2311
99,109,received,transaction,2311 
100,110,received,transaction,2310 
100,117,received,transaction,2310 
101,104,received,transaction,2311 
101,105,received,transaction,2311 
101,118,received,transaction,2311 
101,112,received,transaction,2310 
102,101,received,transaction,2311 
102,111,received,transaction,2311 
102,113,received,transaction,2310 
103,100,received,transaction,2311 
104,108,received,transaction,2311 
104,107,received,transaction,2311 
104,114,received,transaction,2311 
104,105,received,transaction,2310 
104,102,received,transaction,2311 
106,115,received,transaction,2311 
106,113,received,transaction,2311 
107,117,received,transaction,2311 
109, 117,Appended, Transaction, 2312
109, 117, broadcasting, data, 2312
110,110,received,transaction,2312 
110,102,received,transaction,2312 
110,104,received,transaction,2312 
110,112,received,transaction,2312 
110,114,received,transaction,2312 
112,101,received,transaction,2312 
113,110,received,transaction,2311 
114,103,received,transaction,2312 
114,108,received,transaction,2310 
115,118,received,transaction,2312 
115,107,received,transaction,2312 
117,111,received,transaction,2312 
117,113,received,transaction,2312 
118,105,received,transaction,2312 
118,100,received,transaction,2312 
119, 101,Appended, Transaction, 2313
119, 101, broadcasting, data, 2313
119,115,received,transaction,2312 
121,107,received,transaction,2313 
121,102,received,transaction,2313 
121,110,received,transaction,2313 
121,113,received,transaction,2313 
121,114,received,transaction,2313 
122,106,received,transaction,2311 
122,111,received,transaction,2313 
122,112,received,transaction,2313 
123,116,received,transaction,2312 
123,103,received,transaction,2311 
123,117,received,transaction,2313 
124,118,received,transaction,2313 
124,108,received,transaction,2312 
124,115,received,transaction,2313 
124,100,received,transaction,2313 
124,109,received,transaction,2313 
126,109,received,transaction,2312 
127,116,received,transaction,2313 
127,103,received,transaction,2313 
129, 101,Appended, Transaction, 2314
129, 101, broadcasting, data, 2314
130,105,received,transaction,2313 
131,104,received,transaction,2313 
131,106,received,transaction,2312 
131,106,received,transaction,2314 
132,112,received,transaction,2314 
132,115,received,transaction,2314 
133,111,received,transaction,2314 
133,107,received,transaction,2314 
133,102,received,transaction,2314 
133,113,received,transaction,2314 
134,105,received,transaction,2314 
134,114,received,transaction,2314 
134,106,received,transaction,2313 
135,108,received,transaction,2314 
135,100,received,transaction,2314 
136,109,received,transaction,2314 
137,103,received,transaction,2314 
137,108,received,transaction,2313 
139, 103,Appended, Transaction, 2315
139, 103, broadcasting, data, 2315
140,104,received,transaction,2314 
140,116,received,transaction,2314 
141,110,received,transaction,2314 
141,107,received,transaction,2315 
142,100,received,transaction,2315 
142,101,received,transaction,2315 
142,113,received,transaction,2315 
142,118,received,transaction,2315 
143,117,received,transaction,2314 
144,106,received,transaction,2315 
144,110,received,transaction,2315 
145,114,received,transaction,2315 
147,118,received,transaction,2314 
148,111,received,transaction,2315 
149,116,received,transaction,2315 
149, 101,Appended, Transaction, 2316
149, 101, broadcasting, data, 2316
150,118,received,transaction,2316 
150,112,received,transaction,2316 
151,103,received,transaction,2316 
151,112,received,transaction,2315 
151,102,received,transaction,2316 
151,106,received,transaction,2316 
151,113,received,transaction,2316 
151,111,received,transaction,2316 
151,115,received,transaction,2316 
151,110,received,transaction,2316 
151,109,received,transaction,2316 
152,109,received,transaction,2315 
152,116,received,transaction,2316 
155,105,received,transaction,2315 
155,105,received,transaction,2316 
155,104,received,transaction,2316 
157,115,received,transaction,2315 
157,100,received,transaction,2316 
158,104,received,transaction,2315 
158,108,received,transaction,2315 
159,114,received,transaction,2316 
159, 112,Appended, Transaction, 2317
159, 112, broadcasting, data, 2317
160,102,received,transaction,2315 
160,117,received,transaction,2317 
160,108,received,transaction,2316 
160,101,received,transaction,2317 
161,104,received,transaction,2317 
161,105,received,transaction,2317 
161,109,received,transaction,2317 
161,115,received,transaction,2317 
161,100,received,transaction,2317 
162,117,received,transaction,2316 
162,118,received,transaction,2317 
164,107,received,transaction,2316 
164,108,received,transaction,2317 
165,116,received,transaction,2317 
165,111,received,transaction,2317 
165,106,received,transaction,2317 
165,110,received,transaction,2317 
166,117,received,transaction,2315 
167,102,received,transaction,2317 
167,103,received,transaction,2317 
167,114,received,transaction,2317 
169, 105,Appended, Transaction, 2318
169, 105, broadcasting, data, 2318
170,104,received,transaction,2318 
170,107,received,transaction,2318 
170,108,received,transaction,2318 
170,117,received,transaction,2318 
171,100,received,transaction,2318 
171,109,received,transaction,2318 
171,116,received,transaction,2318 
171,118,received,transaction,2318 
171,114,received,transaction,2318 
171,107,received,transaction,2317 
172,103,received,transaction,2318 
172,101,received,transaction,2318 
172,113,received,transaction,2318 
173,113,received,transaction,2317 
174,102,received,transaction,2318 
179, 107,Appended, Transaction, 2319
179, 107, broadcasting, data, 2319
179,106,received,transaction,2319 
180,103,received,transaction,2319 
181,105,received,transaction,2319 
182,101,received,transaction,2319 
182,110,received,transaction,2318 
182,106,received,transaction,2318 
182,109,received,transaction,2319 
182,114,received,transaction,2319 
183,110,received,transaction,2319 
184,116,received,transaction,2319 
184,108,received,transaction,2319 
186,112,received,transaction,2319 
187,115,received,transaction,2319 
187,112,received,transaction,2318 
187,111,received,transaction,2318 
187,100,received,transaction,2319 
189, 107,Appended, Transaction, 2320
189, 107, broadcasting, data, 2320
191,104,received,transaction,2320 
192,102,received,transaction,2320 
192,113,received,transaction,2319 
193,102,received,transaction,2319 
194,105,received,transaction,2320 
194,112,received,transaction,2320 
194,116,received,transaction,2320 
195,108,received,transaction,2320 
196,109,received,transaction,2320 
196,113,received,transaction,2320 
197,117,received,transaction,2319 
198,118,received,transaction,2319 
198,103,received,transaction,2320 
198,114,received,transaction,2320 
199, 104,Appended, Transaction, 2321
199, 104, broadcasting, data, 2321
199,105,received,transaction,2321 
200,115,received,transaction,2320 
200,118,received,transaction,2320 
200,100,received,transaction,2320 
200,110,received,transaction,2321 
201,106,received,transaction,2321 
201,112,received,transaction,2321 
201,115,received,transaction,2321 
201,104,received,transaction,2319 
202,117,received,transaction,2321 
203,116,received,transaction,2321 
203,118,received,transaction,2321 
204,111,received,transaction,2321 
204,111,received,transaction,2319 
204,114,received,transaction,2321 
205,111,received,transaction,2320 
205,108,received,transaction,2321 
205,102,received,transaction,2321 
205,117,received,transaction,2320 
205,101,received,transaction,2320 
207,109,received,transaction,2321 
207,100,received,transaction,2321 
208,107,received,transaction,2321 
209, 101,Appended, Transaction, 2322
209, 101, broadcasting, data, 2322
209,101,received,transaction,2321 
211,118,received,transaction,2322 
211,102,received,transaction,2322 
211,110,received,transaction,2322 
211,113,received,transaction,2322 
212,112,received,transaction,2322 
212,115,received,transaction,2322 
212,116,received,transaction,2322 
212,110,received,transaction,2320 
215,106,received,transaction,2320 
215,103,received,transaction,2321 
215,103,received,transaction,2322 
217,113,received,transaction,2321 
217,111,received,transaction,2322 
218,114,received,transaction,2322 
218,107,received,transaction,2322 
219, 106,Appended, Transaction, 2323
219, 106, broadcasting, data, 2323
220,109,received,transaction,2322 
220,118,received,transaction,2323 
220,100,received,transaction,2323 
221,116,received,transaction,2323 
221,110,received,transaction,2323 
221,100,received,transaction,2322 
221,102,received,transaction,2323 
222,106,received,transaction,2322 
223,107,received,transaction,2323 
223,105,received,transaction,2323 
224,104,received,transaction,2322 
224,103,received,transaction,2323 
224,109,received,transaction,2323 
225,104,received,transaction,2323 
225,115,received,transaction,2323 
225,114,received,transaction,2323 
225,113,received,transaction,2323 
225,108,received,transaction,2322 
226,111,received,transaction,2323 
227,105,received,transaction,2322 
228,117,received,transaction,2322 
229, 100,Appended, Transaction, 2324
229, 100, broadcasting, data, 2324
231,113,received,transaction,2324 
231,115,received,transaction,2324 
231,116,received,transaction,2324 
231,108,received,transaction,2323 
232,112,received,transaction,2324 
232,103,received,transaction,2324 
233,101,received,transaction,2323 
233,104,received,transaction,2324 
234,112,received,transaction,2323 
234,114,received,transaction,2324 
234,105,received,transaction,2324 
235,106,received,transaction,2324 
235,102,received,transaction,2324 
237,108,received,transaction,2324 
238,107,received,transaction,2324 
238,117,received,transaction,2324 
238,117,received,transaction,2323 
239, 103,Appended, Transaction, 2325
239, 103, broadcasting, data, 2325
241,111,received,transaction,2324 
241,101,received,transaction,2324 
241,109,received,transaction,2324 
242,101,received,transaction,2325 
242,111,received,transaction,2325 
244,108,received,transaction,2325 
244,118,received,transaction,2324 
246,102,received,transaction,2325 
246,112,received,transaction,2325 
246,115,received,transaction,2325 
246,116,received,transaction,2325 
246,117,received,transaction,2325 
246,110,received,transaction,2324 
247,100,received,transaction,2325 
247,106,received,transaction,2325 
248,104,received,transaction,2325 
249,110,received,transaction,2325 
249, 117,Appended, Transaction, 2326
249, 117, broadcasting, data, 2326
249,113,received,transaction,2325 
249,118,received,transaction,2325 
250,104,received,transaction,2326 
250,105,received,transaction,2326 
250,114,received,transaction,2326 
250,115,received,transaction,2326 
251,111,received,transaction,2326 
251,106,received,transaction,2326 
252,112,received,transaction,2326 
253,105,received,transaction,2325 
253,116,received,transaction,2326 
253,118,received,transaction,2326 
254,103,received,transaction,2326 
254,109,received,transaction,2325 
255,107,received,transaction,2326 
256,110,received,transaction,2326 
257,113,received,transaction,2326 
258,108,received,transaction,2326 
259, 115,Appended, Transaction, 2327
259, 115, broadcasting, data, 2327
259,109,received,transaction,2326 
259,116,received,transaction,2327 
260,108,received,transaction,2327 
260,117,received,transaction,2327 
261,100,received,transaction,2327 
261,109,received,transaction,2327 
261,118,received,transaction,2327 
261,107,received,transaction,2325 
261,114,received,transaction,2325 
262,101,received,transaction,2327 
262,113,received,transaction,2327 
264,107,received,transaction,2327 
265,110,received,transaction,2327 
265,111,received,transaction,2327 
267,104,received,transaction,2327 
267,106,received,transaction,2327 
268,102,received,transaction,2326 
269, 111,Appended, Transaction, 2328
269, 111, broadcasting, data, 2328
271,110,received,transaction,2328 
271,114,received,transaction,2328 
271,103,received,transaction,2328 
271,103,received,transaction,2327 
272,115,received,transaction,2328 
272,101,received,transaction,2328 
272,105,received,transaction,2328 
272,112,received,transaction,2328 
272,116,received,transaction,2328 
273,114,received,transaction,2327 
273,100,received,transaction,2326 
273,102,received,transaction,2327 
273,104,received,transaction,2328 
274,112,received,transaction,2327 
274,100,received,transaction,2328 
274,109,received,transaction,2328 
275,113,received,transaction,2328 
277,108,received,transaction,2328 
277,101,received,transaction,2326 
277,117,received,transaction,2328 
279,102,received,transaction,2328 
279, 110,Appended, Transaction, 2329
279, 110, broadcasting, data, 2329
280,100,received,transaction,2329 
280,104,received,transaction,2329 
280,118,received,transaction,2329 
280,114,received,transaction,2329 
280,106,received,transaction,2328 
281,101,received,transaction,2329 
281,113,received,transaction,2329 
282,109,received,transaction,2329 
283,107,received,transaction,2329 
283,102,received,transaction,2329 
284,117,received,transaction,2329 
285,105,received,transaction,2329 
286,107,received,transaction,2328 
287,108,received,transaction,2329 
287,103,received,transaction,2329 
288,111,received,transaction,2329 
289, 104,Appended, Transaction, 2330
289, 104, broadcasting, data, 2330
289,116,received,transaction,2329 
290,108,received,transaction,2330 
290,117,received,transaction,2330 
290,118,received,transaction,2328 
291,105,received,transaction,2330 
291,107,received,transaction,2330 
291,115,received,transaction,2330 
291,116,received,transaction,2330 
292,112,received,transaction,2330 
293,100,received,transaction,2330 
293,118,received,transaction,2330 
293,106,received,transaction,2329 
293,110,received,transaction,2330 
294,102,received,transaction,2330 
295,113,received,transaction,2330 
296,112,received,transaction,2329 
297,115,received,transaction,2329 
297,109,received,transaction,2330 
298,114,received,transaction,2330 
299,111,received,transaction,2330 
299, 116,Appended, Transaction, 2331
299, 116, broadcasting, data, 2331
300,108,received,transaction,2331 
300,117,received,transaction,2331 
301,109,received,transaction,2331 
301,115,received,transaction,2331 
302,101,received,transaction,2331 
303,113,received,transaction,2331 
304,118,received,transaction,2331 
304,107,received,transaction,2331 
304,114,received,transaction,2331 
306,102,received,transaction,2331 
308,103,received,transaction,2331 
308,100,received,transaction,2331 
309, 105,Appended, Transaction, 2332
309, 105, broadcasting, data, 2332
310,107,received,transaction,2332 
310,108,received,transaction,2332 
310,117,received,transaction,2332 
310,103,received,transaction,2330 
311,100,received,transaction,2332 
311,109,received,transaction,2332 
311,112,received,transaction,2332 
311,106,received,transaction,2331 
311,101,received,transaction,2332 
312,101,received,transaction,2330 
313,104,received,transaction,2332 
314,106,received,transaction,2330 
314,111,received,transaction,2331 
315,104,received,transaction,2331 
315,106,received,transaction,2332 
315,110,received,transaction,2332 
315,103,received,transaction,2332 
317,105,received,transaction,2331 
319,114,received,transaction,2332 
319,116,received,transaction,2332 
319,111,received,transaction,2332 
319, 115,Appended, Transaction, 2333
319, 115, broadcasting, data, 2333
320,103,received,transaction,2333 
320,117,received,transaction,2333 
320,118,received,transaction,2333 
321,109,received,transaction,2333 
321,116,received,transaction,2333 
322,110,received,transaction,2331 
322,101,received,transaction,2333 
323,102,received,transaction,2332 
324,102,received,transaction,2333 
324,107,received,transaction,2333 
325,106,received,transaction,2333 
326,118,received,transaction,2332 
326,113,received,transaction,2332 
327,112,received,transaction,2333 
328,113,received,transaction,2333 
329,100,received,transaction,2333 
329,104,received,transaction,2333 
329, 118,Appended, Transaction, 2334
329, 118, broadcasting, data, 2334
329,110,received,transaction,2333 
329,111,received,transaction,2333 
330,100,received,transaction,2334 
330,106,received,transaction,2334 
330,110,received,transaction,2334 
332,103,received,transaction,2334 
332,104,received,transaction,2334 
333,102,received,transaction,2334 
333,114,received,transaction,2333 
334,116,received,transaction,2334 
334,105,received,transaction,2334 
334,101,received,transaction,2334 
334,111,received,transaction,2334 
335,112,received,transaction,2334 
336,114,received,transaction,2334 
337,108,received,transaction,2333 
337,107,received,transaction,2334 
337,109,received,transaction,2334 
338,108,received,transaction,2334 
339, 116,Appended, Transaction, 2335
339, 116, broadcasting, data, 2335
340,108,received,transaction,2335 
341,110,received,transaction,2335 
341,106,received,transaction,2335 
341,104,received,transaction,2335 
342,101,received,transaction,2335 
342,111,received,transaction,2335 
342,113,received,transaction,2335 
344,118,received,transaction,2335 
344,102,received,transaction,2335 
344,115,received,transaction,2334 
344,117,received,transaction,2334 
346,103,received,transaction,2335 
349, 115,Appended, Transaction, 2336
349, 115, broadcasting, data, 2336
350,107,received,transaction,2336 
350,114,received,transaction,2335 
350,115,received,transaction,2335 
350,108,received,transaction,2336 
350,117,received,transaction,2336 
350,100,received,transaction,2335 
350,107,received,transaction,2335 
350,109,received,transaction,2335 
351,109,received,transaction,2336 
351,116,received,transaction,2336 
351,111,received,transaction,2336 
352,113,received,transaction,2336 
353,105,received,transaction,2335 
354,112,received,transaction,2336 
354,114,received,transaction,2336 
354,113,received,transaction,2334 
355,110,received,transaction,2336 
355,118,received,transaction,2336 
356,103,received,transaction,2336 
356,101,received,transaction,2336 
358,117,received,transaction,2335 
358,100,received,transaction,2336 
359,104,received,transaction,2336 
359, 108,Appended, Transaction, 2337
359, 108, broadcasting, data, 2337
360,104,received,transaction,2337 
360,102,received,transaction,2337 
360,115,received,transaction,2337 
361,110,received,transaction,2337 
362,105,received,transaction,2337 
362,117,received,transaction,2337 
363,114,received,transaction,2337 
363,116,received,transaction,2337 
363,100,received,transaction,2337 
364,103,received,transaction,2337 
364,106,received,transaction,2336 
365,109,received,transaction,2337 
367,101,received,transaction,2337 
368,118,received,transaction,2337 
369,102,received,transaction,2336 
369, 111,Appended, Transaction, 2338
369, 111, broadcasting, data, 2338
369,116,received,transaction,2338 
371,102,received,transaction,2338 
371,114,received,transaction,2338 
371,112,received,transaction,2337 
372,101,received,transaction,2338 
372,103,received,transaction,2338 
372,115,received,transaction,2338 
373,111,received,transaction,2337 
374,100,received,transaction,2338 
374,109,received,transaction,2338 
375,105,received,transaction,2338 
377,117,received,transaction,2338 
377,112,received,transaction,2338 
378,106,received,transaction,2338 
379,113,received,transaction,2337 
379, 107,Appended, Transaction, 2339
379, 107, broadcasting, data, 2339
381,107,received,transaction,2338 
382,102,received,transaction,2339 
382,114,received,transaction,2339 
382,106,received,transaction,2337 
383,110,received,transaction,2338 
383,106,received,transaction,2339 
383,110,received,transaction,2339 
383,104,received,transaction,2338 
384,109,received,transaction,2339 
384,111,received,transaction,2339 
384,112,received,transaction,2339 
384,113,received,transaction,2339 
384,115,received,transaction,2339 
385,117,received,transaction,2339 
386,107,received,transaction,2337 
386,104,received,transaction,2339 
387,113,received,transaction,2338 
387,100,received,transaction,2339 
388,103,received,transaction,2339 
389,118,received,transaction,2338 
389, 102,Appended, Transaction, 2340
389, 102, broadcasting, data, 2340
390,108,received,transaction,2338 
391,114,received,transaction,2340 
391,101,received,transaction,2340 
391,110,received,transaction,2340 
391,111,received,transaction,2340 
391,113,received,transaction,2340 
392,100,received,transaction,2340 
392,117,received,transaction,2340 
392,101,received,transaction,2339 
393,109,received,transaction,2340 
394,112,received,transaction,2340 
394,118,received,transaction,2340 
394,105,received,transaction,2340 
395,116,received,transaction,2340 
395,107,received,transaction,2340 
395,108,received,transaction,2340 
397,115,received,transaction,2340 
398,104,received,transaction,2340 
398,118,received,transaction,2339 
398,106,received,transaction,2340 
399, 104,Appended, Transaction, 2341
399, 104, broadcasting, data, 2341
400,114,received,transaction,2341 
400,106,received,transaction,2341 
401,108,received,transaction,2339 
401,116,received,transaction,2339 
401,115,received,transaction,2341 
401,116,received,transaction,2341 
401,113,received,transaction,2341 
402,103,received,transaction,2341 
403,100,received,transaction,2341 
404,107,received,transaction,2341 
404,102,received,transaction,2341 
407,110,received,transaction,2341 
407,109,received,transaction,2341 
408,112,received,transaction,2341 
409,108,received,transaction,2341 
409,117,received,transaction,2341 
409,111,received,transaction,2341 
409, 113,Appended, Transaction, 2342
409, 113, broadcasting, data, 2342
410,118,received,transaction,2341 
410,103,received,transaction,2340 
411,105,received,transaction,2339 
411,114,received,transaction,2342 
412,103,received,transaction,2342 
412,111,received,transaction,2342 
412,115,received,transaction,2342 
413,101,received,transaction,2342 
413,110,received,transaction,2342 
413,105,received,transaction,2342 
414,100,received,transaction,2342 
414,107,received,transaction,2342 
414,109,received,transaction,2342 
417,105,received,transaction,2341 
419, 114,Appended, Transaction, 2343
419, 114, broadcasting, data, 2343
420,117,received,transaction,2343 
421,118,received,transaction,2342 
421,106,received,transaction,2343 
421,110,received,transaction,2343 
421,111,received,transaction,2343 
421,113,received,transaction,2343 
421,115,received,transaction,2343 
421,102,received,transaction,2342 
422,112,received,transaction,2342 
422,101,received,transaction,2343 
422,101,received,transaction,2341 
423,116,received,transaction,2342 
423,108,received,transaction,2343 
423,104,received,transaction,2342 
423,116,received,transaction,2343 
424,107,received,transaction,2343 
424,104,received,transaction,2343 
424,105,received,transaction,2343 
424,118,received,transaction,2343 
425,103,received,transaction,2343 
426,117,received,transaction,2342 
428,100,received,transaction,2343 
429,102,received,transaction,2343 
429, 111,Appended, Transaction, 2344
429, 111, broadcasting, data, 2344
431,110,received,transaction,2344 
431,114,received,transaction,2344 
432,108,received,transaction,2342 
432,112,received,transaction,2343 
432,112,received,transaction,2344 
432,115,received,transaction,2344 
433,113,received,transaction,2344 
434,106,received,transaction,2342 
434,107,received,transaction,2344 
434,109,received,transaction,2344 
434,118,received,transaction,2344 
436,117,received,transaction,2344 
437,103,received,transaction,2344 
438,106,received,transaction,2344 
438,108,received,transaction,2344 
438,109,received,transaction,2343 
439, 109,Appended, Transaction, 2345
439, 109, broadcasting, data, 2345
441,118,received,transaction,2345 
441,100,received,transaction,2344 
441,101,received,transaction,2344 
441,100,received,transaction,2345 
441,105,received,transaction,2345 
441,112,received,transaction,2345 
441,115,received,transaction,2345 
441,116,received,transaction,2345 
442,113,received,transaction,2345 
443,107,received,transaction,2345 
444,110,received,transaction,2345 
444,116,received,transaction,2344 
445,111,received,transaction,2345 
445,114,received,transaction,2345 
445,117,received,transaction,2345 
446,108,received,transaction,2345 
446,106,received,transaction,2345 
446,102,received,transaction,2344 
447,104,received,transaction,2345 
448,101,received,transaction,2345 
450, 108,Appended, Transaction, 2346
450, 108, broadcasting, data, 2346
450,112,received,transaction,2346 
450,103,received,transaction,2345 
451,102,received,transaction,2346 
451,104,received,transaction,2346 
451,115,received,transaction,2346 
451,113,received,transaction,2346 
452,104,received,transaction,2344 
452,105,received,transaction,2344 
452,117,received,transaction,2346 
453,107,received,transaction,2346 
453,118,received,transaction,2346 
454,109,received,transaction,2346 
455,114,received,transaction,2346 
457,106,received,transaction,2346 
457,111,received,transaction,2346 
459, 105,Appended, Transaction, 2347
459, 105, broadcasting, data, 2347
460,103,received,transaction,2346 
460,108,received,transaction,2347 
461,100,received,transaction,2347 
461,118,received,transaction,2347 
462,102,received,transaction,2345 
462,112,received,transaction,2347 
462,100,received,transaction,2346 
462,111,received,transaction,2347 
462,101,received,transaction,2347 
462,113,received,transaction,2347 
462,103,received,transaction,2347 
464,109,received,transaction,2347 
465,105,received,transaction,2346 
465,110,received,transaction,2347 
466,101,received,transaction,2346 
466,116,received,transaction,2347 
466,106,received,transaction,2347 
466,110,received,transaction,2346 
467,102,received,transaction,2347 
468,104,received,transaction,2347 
468,116,received,transaction,2346 
469,114,received,transaction,2347 
469, 105,Appended, Transaction, 2348
469, 105, broadcasting, data, 2348
470,108,received,transaction,2348 
471,100,received,transaction,2348 
471,109,received,transaction,2348 
471,117,received,transaction,2348 
472,110,received,transaction,2348 
472,107,received,transaction,2347 
472,113,received,transaction,2348 
474,117,received,transaction,2347 
474,114,received,transaction,2348 
474,116,received,transaction,2348 
475,104,received,transaction,2348 
477,107,received,transaction,2348 
478,102,received,transaction,2348 
479, 108,Appended, Transaction, 2349
479, 108, broadcasting, data, 2349
480,112,received,transaction,2348 
480,102,received,transaction,2349 
480,112,received,transaction,2349 
480,115,received,transaction,2349 
481,111,received,transaction,2348 
482,101,received,transaction,2348 
482,117,received,transaction,2349 
482,110,received,transaction,2349 
483,103,received,transaction,2348 
483,106,received,transaction,2348 
483,116,received,transaction,2349 
484,103,received,transaction,2349 
484,107,received,transaction,2349 
485,118,received,transaction,2349 
486,104,received,transaction,2349 
486,106,received,transaction,2349 
487,118,received,transaction,2348 
487,111,received,transaction,2349 
489, 117,Appended, Transaction, 2350
489, 117, broadcasting, data, 2350
490,110,received,transaction,2350 
490,105,received,transaction,2350 
490,115,received,transaction,2350 
490,116,received,transaction,2350 
491,102,received,transaction,2350 
492,114,received,transaction,2350 
492,113,received,transaction,2350 
493,108,received,transaction,2350 
493,109,received,transaction,2349 
493,100,received,transaction,2349 
495,112,received,transaction,2350 
496,103,received,transaction,2350 
496,104,received,transaction,2350 
497,101,received,transaction,2350 
498,118,received,transaction,2350 
499,106,received,transaction,2350 
499,100,received,transaction,2350 
499, 102,Appended, Transaction, 2351
499, 102, broadcasting, data, 2351
499,113,received,transaction,2349 
499,109,received,transaction,2350 
Simulation ended
