0,100, generated, node, -
0,101, generated, node, -
0,102, generated, node, -
0,103, generated, node, -
0,104, generated, node, -
0,105, generated, node, -
0,106, generated, node, -
0,107, generated, node, -
0,108, generated, node, -
0,109, generated, node, -
0,110, generated, node, -
0,111, generated, node, -
0,112, generated, node, -
0,113, generated, node, -
0,114, generated, node, -
0,115, generated, node, -
0,116, generated, node, -
0,117, generated, node, -
0,118, generated, node, -
0, 100,Appended, Transaction, 2301
0, 100, broadcasting, data, 2301
1,106,received,transaction,2301 
1,114,received,transaction,2301 
2,112,received,transaction,2301 
2,116,received,transaction,2301 
3,105,received,transaction,2301 
4,111,received,transaction,2301 
5,102,received,transaction,2301 
5,113,received,transaction,2301 
8,101,received,transaction,2301 
8,103,received,transaction,2301 
9,117,received,transaction,2301 
10, 100,Appended, Transaction, 2302
10, 100, broadcasting, data, 2302
10,104,received,transaction,2301 
10,110,received,transaction,2301 
11,110,received,transaction,2302 
11,106,received,transaction,2302 
12,105,received,transaction,2302 
12,115,received,transaction,2302 
13,103,received,transaction,2302 
13,107,received,transaction,2301 
15,101,received,transaction,2302 
15,102,received,transaction,2302 
15,113,received,transaction,2302 
16,118,received,transaction,2302 
17,104,received,transaction,2302 
18,107,received,transaction,2302 
18,115,received,transaction,2301 
20, 100,Appended, Transaction, 2303
20, 100, broadcasting, data, 2303
20,107,received,transaction,2303 
20,109,received,transaction,2303 
20,108,received,transaction,2301 
20,111,received,transaction,2302 
20,109,received,transaction,2302 
21,118,received,transaction,2303 
21,112,received,transaction,2302 
21,106,received,transaction,2303 
22,105,received,transaction,2303 
22,112,received,transaction,2303 
22,115,received,transaction,2303 
22,108,received,transaction,2302 
22,101,received,transaction,2303 
23,117,received,transaction,2302 
23,114,received,transaction,2303 
23,109,received,transaction,2301 
24,116,received,transaction,2302 
24,118,received,transaction,2301 
25,113,received,transaction,2303 
25,104,received,transaction,2303 
26,110,received,transaction,2303 
27,114,received,transaction,2302 
28,102,received,transaction,2303 
29,116,received,transaction,2303 
30, 100,Appended, Transaction, 2304
30, 100, broadcasting, data, 2304
30,117,received,transaction,2303 
30,111,received,transaction,2303 
31,110,received,transaction,2304 
31,113,received,transaction,2304 
31,104,received,transaction,2304 
32,105,received,transaction,2304 
32,109,received,transaction,2304 
32,112,received,transaction,2304 
32,116,received,transaction,2304 
32,101,received,transaction,2304 
33,103,received,transaction,2304 
33,103,received,transaction,2303 
33,118,received,transaction,2304 
35,111,received,transaction,2304 
35,114,received,transaction,2304 
35,106,received,transaction,2304 
36,108,received,transaction,2304 
40, 100,Appended, Transaction, 2305
40, 100, broadcasting, data, 2305
40,102,received,transaction,2304 
40,110,received,transaction,2305 
41,106,received,transaction,2305 
41,109,received,transaction,2305 
42,115,received,transaction,2305 
42,115,received,transaction,2304 
42,112,received,transaction,2305 
44,104,received,transaction,2305 
44,117,received,transaction,2304 
45,107,received,transaction,2304 
45,101,received,transaction,2305 
45,111,received,transaction,2305 
45,105,received,transaction,2305 
45,103,received,transaction,2305 
47,118,received,transaction,2305 
47,102,received,transaction,2305 
50, 100,Appended, Transaction, 2306
50, 100, broadcasting, data, 2306
51,103,received,transaction,2306 
51,110,received,transaction,2306 
51,114,received,transaction,2305 
52,109,received,transaction,2306 
52,116,received,transaction,2306 
54,117,received,transaction,2305 
54,114,received,transaction,2306 
54,113,received,transaction,2306 
55,107,received,transaction,2306 
55,101,received,transaction,2306 
55,111,received,transaction,2306 
55,113,received,transaction,2305 
55,104,received,transaction,2306 
56,102,received,transaction,2306 
57,108,received,transaction,2303 
57,118,received,transaction,2306 
59,108,received,transaction,2306 
60, 100,Appended, Transaction, 2307
60, 100, broadcasting, data, 2307
60,106,received,transaction,2307 
61,110,received,transaction,2307 
61,116,received,transaction,2307 
61,116,received,transaction,2305 
62,109,received,transaction,2307 
62,112,received,transaction,2307 
63,103,received,transaction,2307 
63,112,received,transaction,2306 
63,118,received,transaction,2307 
64,104,received,transaction,2307 
64,107,received,transaction,2305 
64,115,received,transaction,2306 
64,102,received,transaction,2307 
65,113,received,transaction,2307 
65,105,received,transaction,2307 
67,105,received,transaction,2306 
67,114,received,transaction,2307 
67,117,received,transaction,2307 
69,108,received,transaction,2307 
69,108,received,transaction,2305 
69,111,received,transaction,2307 
70, 100,Appended, Transaction, 2308
70, 100, broadcasting, data, 2308
71,106,received,transaction,2308 
71,110,received,transaction,2308 
71,118,received,transaction,2308 
71,106,received,transaction,2306 
71,109,received,transaction,2308 
72,105,received,transaction,2308 
72,112,received,transaction,2308 
72,115,received,transaction,2308 
72,116,received,transaction,2308 
72,101,received,transaction,2307 
73,101,received,transaction,2308 
73,103,received,transaction,2308 
73,107,received,transaction,2307 
73,107,received,transaction,2308 
74,104,received,transaction,2308 
74,115,received,transaction,2307 
76,117,received,transaction,2306 
78,114,received,transaction,2308 
78,113,received,transaction,2308 
79,108,received,transaction,2308 
79,117,received,transaction,2308 
80, 100,Appended, Transaction, 2309
80, 100, broadcasting, data, 2309
81,103,received,transaction,2309 
81,102,received,transaction,2308 
82,112,received,transaction,2309 
83,109,received,transaction,2309 
83,114,received,transaction,2309 
84,110,received,transaction,2309 
84,115,received,transaction,2309 
84,113,received,transaction,2309 
84,111,received,transaction,2308 
85,101,received,transaction,2309 
85,102,received,transaction,2309 
85,117,received,transaction,2309 
87,118,received,transaction,2309 
87,106,received,transaction,2309 
87,116,received,transaction,2309 
89,108,received,transaction,2309 
90, 100,Appended, Transaction, 2310
90, 100, broadcasting, data, 2310
90,112,received,transaction,2310 
91,108,received,transaction,2310 
91,105,received,transaction,2309 
91,106,received,transaction,2310 
93,107,received,transaction,2309 
94,103,received,transaction,2310 
94,111,received,transaction,2310 
95,101,received,transaction,2310 
95,102,received,transaction,2310 
97,110,received,transaction,2310 
97,115,received,transaction,2310 
98,111,received,transaction,2309 
98,114,received,transaction,2310 
99,109,received,transaction,2310 
100, 100,Appended, Transaction, 2311
100, 100, broadcasting, data, 2311
100,104,received,transaction,2309 
100,116,received,transaction,2310 
100,101,received,transaction,2311 
100,117,received,transaction,2310 
101,106,received,transaction,2311 
101,118,received,transaction,2311 
101,102,received,transaction,2311 
102,105,received,transaction,2311 
102,109,received,transaction,2311 
102,112,received,transaction,2311 
102,115,received,transaction,2311 
102,116,received,transaction,2311 
103,103,received,transaction,2311 
103,113,received,transaction,2310 
104,107,received,transaction,2311 
104,104,received,transaction,2311 
105,111,received,transaction,2311 
106,110,received,transaction,2311 
107,113,received,transaction,2311 
107,104,received,transaction,2310 
107,107,received,transaction,2310 
109,105,received,transaction,2310 
109,118,received,transaction,2310 
110, 100,Appended, Transaction, 2312
110, 100, broadcasting, data, 2312
110,114,received,transaction,2311 
110,115,received,transaction,2312 
110,101,received,transaction,2312 
111,106,received,transaction,2312 
111,110,received,transaction,2312 
112,109,received,transaction,2312 
112,112,received,transaction,2312 
113,104,received,transaction,2312 
114,117,received,transaction,2311 
114,108,received,transaction,2311 
115,111,received,transaction,2312 
116,107,received,transaction,2312 
116,117,received,transaction,2312 
118,103,received,transaction,2312 
119,108,received,transaction,2312 
119, 100,Appended, Transaction, 2313
119, 100, broadcasting, data, 2313
120,113,received,transaction,2312 
120,117,received,transaction,2313 
120,116,received,transaction,2312 
120,106,received,transaction,2313 
120,110,received,transaction,2313 
121,105,received,transaction,2313 
121,109,received,transaction,2313 
122,105,received,transaction,2312 
122,116,received,transaction,2313 
122,102,received,transaction,2312 
123,115,received,transaction,2313 
124,118,received,transaction,2313 
124,102,received,transaction,2313 
124,111,received,transaction,2313 
125,104,received,transaction,2313 
125,103,received,transaction,2313 
125,112,received,transaction,2313 
126,101,received,transaction,2313 
126,108,received,transaction,2313 
127,114,received,transaction,2312 
129, 100,Appended, Transaction, 2314
129, 100, broadcasting, data, 2314
130,112,received,transaction,2314 
130,110,received,transaction,2314 
131,106,received,transaction,2314 
131,105,received,transaction,2314 
131,109,received,transaction,2314 
131,115,received,transaction,2314 
131,116,received,transaction,2314 
132,108,received,transaction,2314 
133,117,received,transaction,2314 
134,118,received,transaction,2312 
134,101,received,transaction,2314 
134,102,received,transaction,2314 
134,111,received,transaction,2314 
134,113,received,transaction,2314 
136,114,received,transaction,2313 
137,114,received,transaction,2314 
137,107,received,transaction,2314 
138,113,received,transaction,2313 
138,118,received,transaction,2314 
139, 100,Appended, Transaction, 2315
139, 100, broadcasting, data, 2315
140,106,received,transaction,2315 
140,110,received,transaction,2315 
140,107,received,transaction,2315 
141,103,received,transaction,2315 
141,105,received,transaction,2315 
141,108,received,transaction,2315 
142,114,received,transaction,2315 
143,109,received,transaction,2315 
143,104,received,transaction,2314 
144,101,received,transaction,2315 
145,112,received,transaction,2315 
145,115,received,transaction,2315 
145,107,received,transaction,2313 
146,117,received,transaction,2315 
146,118,received,transaction,2315 
146,111,received,transaction,2315 
149, 100,Appended, Transaction, 2316
149, 100, broadcasting, data, 2316
150,110,received,transaction,2316 
150,118,received,transaction,2316 
151,103,received,transaction,2314 
151,104,received,transaction,2315 
151,102,received,transaction,2315 
152,106,received,transaction,2316 
152,102,received,transaction,2316 
152,107,received,transaction,2316 
152,103,received,transaction,2316 
153,113,received,transaction,2316 
153,112,received,transaction,2316 
154,104,received,transaction,2316 
154,114,received,transaction,2316 
155,116,received,transaction,2315 
159,117,received,transaction,2316 
159, 100,Appended, Transaction, 2317
159, 100, broadcasting, data, 2317
160,101,received,transaction,2316 
160,111,received,transaction,2317 
160,106,received,transaction,2317 
160,110,received,transaction,2317 
161,113,received,transaction,2315 
161,115,received,transaction,2316 
161,108,received,transaction,2317 
161,105,received,transaction,2317 
161,109,received,transaction,2317 
161,112,received,transaction,2317 
162,105,received,transaction,2316 
162,103,received,transaction,2317 
163,116,received,transaction,2316 
164,101,received,transaction,2317 
164,102,received,transaction,2317 
164,113,received,transaction,2317 
165,109,received,transaction,2316 
166,116,received,transaction,2317 
167,118,received,transaction,2317 
167,114,received,transaction,2317 
169,111,received,transaction,2316 
169, 100,Appended, Transaction, 2318
169, 100, broadcasting, data, 2318
170,110,received,transaction,2318 
171,108,received,transaction,2316 
171,105,received,transaction,2318 
171,109,received,transaction,2318 
171,107,received,transaction,2317 
172,104,received,transaction,2317 
172,114,received,transaction,2318 
172,112,received,transaction,2318 
173,117,received,transaction,2317 
173,118,received,transaction,2318 
174,116,received,transaction,2318 
174,107,received,transaction,2318 
175,113,received,transaction,2318 
177,106,received,transaction,2318 
177,115,received,transaction,2318 
178,103,received,transaction,2318 
179,115,received,transaction,2317 
180, 100,Appended, Transaction, 2319
180, 100, broadcasting, data, 2319
180,101,received,transaction,2318 
180,115,received,transaction,2319 
180,102,received,transaction,2318 
181,118,received,transaction,2319 
181,107,received,transaction,2319 
181,101,received,transaction,2319 
182,104,received,transaction,2318 
182,117,received,transaction,2319 
182,109,received,transaction,2319 
183,103,received,transaction,2319 
185,111,received,transaction,2319 
185,113,received,transaction,2319 
185,110,received,transaction,2319 
185,105,received,transaction,2319 
186,111,received,transaction,2318 
187,117,received,transaction,2318 
188,108,received,transaction,2319 
189,106,received,transaction,2319 
190, 100,Appended, Transaction, 2320
190, 100, broadcasting, data, 2320
190,103,received,transaction,2320 
190,112,received,transaction,2319 
190,116,received,transaction,2319 
191,118,received,transaction,2320 
192,109,received,transaction,2320 
192,112,received,transaction,2320 
192,108,received,transaction,2318 
193,116,received,transaction,2320 
194,104,received,transaction,2320 
194,102,received,transaction,2319 
195,101,received,transaction,2320 
195,113,received,transaction,2320 
195,107,received,transaction,2320 
197,117,received,transaction,2320 
197,115,received,transaction,2320 
197,110,received,transaction,2320 
198,106,received,transaction,2320 
199,114,received,transaction,2320 
199,108,received,transaction,2320 
199,104,received,transaction,2319 
199,114,received,transaction,2319 
199, 100,Appended, Transaction, 2321
199, 100, broadcasting, data, 2321
201,105,received,transaction,2321 
201,111,received,transaction,2320 
201,112,received,transaction,2321 
201,115,received,transaction,2321 
202,106,received,transaction,2321 
203,105,received,transaction,2320 
203,102,received,transaction,2320 
204,101,received,transaction,2321 
204,102,received,transaction,2321 
204,111,received,transaction,2321 
206,103,received,transaction,2321 
207,104,received,transaction,2321 
207,107,received,transaction,2321 
208,116,received,transaction,2321 
209,113,received,transaction,2321 
209,109,received,transaction,2321 
209, 100,Appended, Transaction, 2322
209, 100, broadcasting, data, 2322
211,101,received,transaction,2322 
211,105,received,transaction,2322 
211,112,received,transaction,2322 
211,116,received,transaction,2322 
212,110,received,transaction,2321 
212,115,received,transaction,2322 
212,106,received,transaction,2322 
213,108,received,transaction,2321 
213,102,received,transaction,2322 
213,104,received,transaction,2322 
214,114,received,transaction,2322 
215,114,received,transaction,2321 
215,118,received,transaction,2321 
215,110,received,transaction,2322 
215,117,received,transaction,2322 
217,118,received,transaction,2322 
218,108,received,transaction,2322 
219, 100,Appended, Transaction, 2323
219, 100, broadcasting, data, 2323
220,117,received,transaction,2321 
221,118,received,transaction,2323 
221,115,received,transaction,2323 
221,116,received,transaction,2323 
222,117,received,transaction,2323 
223,103,received,transaction,2323 
223,107,received,transaction,2322 
223,104,received,transaction,2323 
224,101,received,transaction,2323 
224,102,received,transaction,2323 
224,111,received,transaction,2323 
224,113,received,transaction,2323 
225,112,received,transaction,2323 
225,113,received,transaction,2322 
225,114,received,transaction,2323 
225,106,received,transaction,2323 
226,110,received,transaction,2323 
226,107,received,transaction,2323 
228,111,received,transaction,2322 
228,109,received,transaction,2322 
229, 100,Appended, Transaction, 2324
229, 100, broadcasting, data, 2324
230,106,received,transaction,2324 
230,118,received,transaction,2324 
231,109,received,transaction,2323 
231,112,received,transaction,2324 
231,115,received,transaction,2324 
232,116,received,transaction,2324 
233,101,received,transaction,2324 
234,105,received,transaction,2323 
236,111,received,transaction,2324 
237,102,received,transaction,2324 
238,104,received,transaction,2324 
238,103,received,transaction,2322 
239,105,received,transaction,2324 
239, 100,Appended, Transaction, 2325
239, 100, broadcasting, data, 2325
240,110,received,transaction,2324 
240,118,received,transaction,2325 
240,109,received,transaction,2324 
240,103,received,transaction,2325 
240,106,received,transaction,2325 
241,115,received,transaction,2325 
241,114,received,transaction,2324 
241,108,received,transaction,2323 
241,109,received,transaction,2325 
241,112,received,transaction,2325 
241,116,received,transaction,2325 
242,113,received,transaction,2324 
243,103,received,transaction,2324 
243,101,received,transaction,2325 
243,113,received,transaction,2325 
244,114,received,transaction,2325 
245,105,received,transaction,2325 
245,117,received,transaction,2324 
246,104,received,transaction,2325 
247,111,received,transaction,2325 
248,108,received,transaction,2325 
249,108,received,transaction,2324 
249, 100,Appended, Transaction, 2326
249, 100, broadcasting, data, 2326
250,117,received,transaction,2325 
250,112,received,transaction,2326 
250,107,received,transaction,2324 
250,110,received,transaction,2326 
251,102,received,transaction,2325 
251,105,received,transaction,2326 
251,116,received,transaction,2326 
252,103,received,transaction,2326 
253,102,received,transaction,2326 
253,104,received,transaction,2326 
254,101,received,transaction,2326 
255,108,received,transaction,2326 
256,118,received,transaction,2326 
258,106,received,transaction,2326 
258,107,received,transaction,2326 
258,115,received,transaction,2326 
258,117,received,transaction,2326 
259,110,received,transaction,2325 
259, 100,Appended, Transaction, 2327
259, 100, broadcasting, data, 2327
260,101,received,transaction,2327 
260,106,received,transaction,2327 
261,111,received,transaction,2326 
261,109,received,transaction,2327 
261,115,received,transaction,2327 
261,116,received,transaction,2327 
261,118,received,transaction,2327 
262,103,received,transaction,2327 
262,104,received,transaction,2327 
264,105,received,transaction,2327 
264,113,received,transaction,2326 
264,102,received,transaction,2327 
265,110,received,transaction,2327 
266,107,received,transaction,2325 
267,107,received,transaction,2327 
269,114,received,transaction,2326 
269, 100,Appended, Transaction, 2328
269, 100, broadcasting, data, 2328
270,117,received,transaction,2327 
270,102,received,transaction,2328 
270,112,received,transaction,2327 
270,106,received,transaction,2328 
270,110,received,transaction,2328 
270,118,received,transaction,2328 
271,109,received,transaction,2326 
271,105,received,transaction,2328 
271,115,received,transaction,2328 
272,103,received,transaction,2328 
273,117,received,transaction,2328 
274,101,received,transaction,2328 
274,114,received,transaction,2328 
275,111,received,transaction,2327 
278,116,received,transaction,2328 
278,108,received,transaction,2327 
278,109,received,transaction,2328 
278,108,received,transaction,2328 
279,112,received,transaction,2328 
280, 100,Appended, Transaction, 2329
280, 100, broadcasting, data, 2329
280,101,received,transaction,2329 
280,111,received,transaction,2329 
281,105,received,transaction,2329 
281,114,received,transaction,2327 
281,107,received,transaction,2328 
282,115,received,transaction,2329 
282,110,received,transaction,2329 
283,103,received,transaction,2329 
283,113,received,transaction,2327 
283,106,received,transaction,2329 
285,113,received,transaction,2329 
285,118,received,transaction,2329 
285,108,received,transaction,2329 
286,104,received,transaction,2328 
286,104,received,transaction,2329 
289,112,received,transaction,2329 
289,109,received,transaction,2329 
289, 100,Appended, Transaction, 2330
289, 100, broadcasting, data, 2330
290,116,received,transaction,2329 
290,103,received,transaction,2330 
290,107,received,transaction,2329 
290,114,received,transaction,2329 
290,106,received,transaction,2330 
290,110,received,transaction,2330 
290,118,received,transaction,2330 
291,109,received,transaction,2330 
291,112,received,transaction,2330 
291,116,received,transaction,2330 
292,117,received,transaction,2329 
293,105,received,transaction,2330 
293,113,received,transaction,2330 
293,111,received,transaction,2328 
293,102,received,transaction,2329 
294,113,received,transaction,2328 
295,101,received,transaction,2330 
296,102,received,transaction,2330 
296,111,received,transaction,2330 
300, 100,Appended, Transaction, 2331
300, 100, broadcasting, data, 2331
301,106,received,transaction,2331 
301,118,received,transaction,2331 
301,115,received,transaction,2330 
302,112,received,transaction,2331 
302,116,received,transaction,2331 
302,115,received,transaction,2331 
302,101,received,transaction,2331 
302,108,received,transaction,2331 
303,105,received,transaction,2331 
303,104,received,transaction,2330 
304,111,received,transaction,2331 
304,117,received,transaction,2330 
305,103,received,transaction,2331 
306,110,received,transaction,2331 
306,104,received,transaction,2331 
306,107,received,transaction,2330 
307,107,received,transaction,2331 
308,114,received,transaction,2331 
308,113,received,transaction,2331 
308,114,received,transaction,2330 
309,117,received,transaction,2331 
309,109,received,transaction,2331 
310, 100,Appended, Transaction, 2332
310, 100, broadcasting, data, 2332
310,108,received,transaction,2330 
311,110,received,transaction,2332 
312,105,received,transaction,2332 
312,109,received,transaction,2332 
312,116,received,transaction,2332 
313,111,received,transaction,2332 
314,104,received,transaction,2332 
315,102,received,transaction,2332 
315,114,received,transaction,2332 
315,112,received,transaction,2332 
318,107,received,transaction,2332 
318,113,received,transaction,2332 
318,106,received,transaction,2332 
319,108,received,transaction,2332 
319, 100,Appended, Transaction, 2333
319, 100, broadcasting, data, 2333
320,102,received,transaction,2331 
320,118,received,transaction,2333 
321,115,received,transaction,2333 
321,116,received,transaction,2333 
322,111,received,transaction,2333 
322,106,received,transaction,2333 
323,107,received,transaction,2333 
323,104,received,transaction,2333 
324,101,received,transaction,2333 
325,115,received,transaction,2332 
325,103,received,transaction,2332 
325,105,received,transaction,2333 
326,102,received,transaction,2333 
326,112,received,transaction,2333 
327,118,received,transaction,2332 
327,114,received,transaction,2333 
329,108,received,transaction,2333 
329, 100,Appended, Transaction, 2334
329, 100, broadcasting, data, 2334
330,109,received,transaction,2333 
330,113,received,transaction,2333 
330,106,received,transaction,2334 
330,110,received,transaction,2334 
331,110,received,transaction,2333 
331,102,received,transaction,2334 
332,103,received,transaction,2334 
333,112,received,transaction,2334 
333,115,received,transaction,2334 
333,103,received,transaction,2333 
333,101,received,transaction,2332 
334,101,received,transaction,2334 
334,114,received,transaction,2334 
337,107,received,transaction,2334 
338,118,received,transaction,2334 
338,116,received,transaction,2334 
339,113,received,transaction,2334 
339, 100,Appended, Transaction, 2335
339, 100, broadcasting, data, 2335
339,117,received,transaction,2333 
340,106,received,transaction,2335 
340,105,received,transaction,2334 
340,117,received,transaction,2335 
340,102,received,transaction,2335 
340,110,received,transaction,2335 
341,109,received,transaction,2334 
341,117,received,transaction,2332 
341,108,received,transaction,2335 
341,105,received,transaction,2335 
341,109,received,transaction,2335 
341,112,received,transaction,2335 
341,116,received,transaction,2335 
343,111,received,transaction,2335 
344,104,received,transaction,2334 
344,114,received,transaction,2335 
344,118,received,transaction,2335 
345,117,received,transaction,2334 
345,103,received,transaction,2335 
346,113,received,transaction,2335 
346,101,received,transaction,2335 
348,115,received,transaction,2335 
348,104,received,transaction,2335 
349, 100,Appended, Transaction, 2336
349, 100, broadcasting, data, 2336
350,111,received,transaction,2336 
350,118,received,transaction,2336 
351,108,received,transaction,2334 
351,105,received,transaction,2336 
351,115,received,transaction,2336 
351,116,received,transaction,2336 
352,112,received,transaction,2336 
353,110,received,transaction,2336 
353,108,received,transaction,2336 
354,111,received,transaction,2334 
354,113,received,transaction,2336 
357,107,received,transaction,2336 
358,106,received,transaction,2336 
359, 100,Appended, Transaction, 2337
359, 100, broadcasting, data, 2337
360,103,received,transaction,2336 
360,110,received,transaction,2337 
360,118,received,transaction,2337 
361,101,received,transaction,2336 
361,105,received,transaction,2337 
361,115,received,transaction,2337 
362,104,received,transaction,2336 
362,103,received,transaction,2337 
363,107,received,transaction,2335 
363,102,received,transaction,2336 
363,104,received,transaction,2337 
364,109,received,transaction,2337 
364,101,received,transaction,2337 
364,111,received,transaction,2337 
364,114,received,transaction,2337 
365,107,received,transaction,2337 
367,117,received,transaction,2336 
367,117,received,transaction,2337 
367,116,received,transaction,2337 
368,106,received,transaction,2337 
369,114,received,transaction,2336 
369,102,received,transaction,2337 
369, 100,Appended, Transaction, 2338
369, 100, broadcasting, data, 2338
370,109,received,transaction,2336 
370,103,received,transaction,2338 
370,106,received,transaction,2338 
371,101,received,transaction,2338 
371,102,received,transaction,2338 
371,109,received,transaction,2338 
372,113,received,transaction,2338 
373,104,received,transaction,2338 
373,116,received,transaction,2338 
374,112,received,transaction,2338 
374,110,received,transaction,2338 
374,111,received,transaction,2338 
375,108,received,transaction,2338 
375,112,received,transaction,2337 
375,114,received,transaction,2338 
376,105,received,transaction,2338 
378,118,received,transaction,2338 
378,113,received,transaction,2337 
378,108,received,transaction,2337 
379,115,received,transaction,2338 
379, 100,Appended, Transaction, 2339
379, 100, broadcasting, data, 2339
380,110,received,transaction,2339 
380,118,received,transaction,2339 
381,105,received,transaction,2339 
381,109,received,transaction,2339 
382,116,received,transaction,2339 
382,113,received,transaction,2339 
383,104,received,transaction,2339 
384,117,received,transaction,2339 
384,107,received,transaction,2338 
384,111,received,transaction,2339 
385,114,received,transaction,2339 
386,101,received,transaction,2339 
387,112,received,transaction,2339 
387,102,received,transaction,2339 
387,106,received,transaction,2339 
389, 100,Appended, Transaction, 2340
389, 100, broadcasting, data, 2340
389,112,received,transaction,2340 
389,102,received,transaction,2340 
390,116,received,transaction,2340 
390,118,received,transaction,2340 
391,117,received,transaction,2338 
391,105,received,transaction,2340 
391,115,received,transaction,2340 
392,107,received,transaction,2339 
392,108,received,transaction,2339 
393,115,received,transaction,2339 
394,103,received,transaction,2339 
396,110,received,transaction,2340 
398,117,received,transaction,2340 
399, 100,Appended, Transaction, 2341
399, 100, broadcasting, data, 2341
400,101,received,transaction,2340 
401,113,received,transaction,2341 
401,106,received,transaction,2340 
401,109,received,transaction,2341 
401,115,received,transaction,2341 
401,102,received,transaction,2341 
401,108,received,transaction,2340 
401,106,received,transaction,2341 
402,101,received,transaction,2341 
402,105,received,transaction,2341 
402,104,received,transaction,2340 
402,103,received,transaction,2341 
402,114,received,transaction,2340 
403,118,received,transaction,2341 
404,109,received,transaction,2340 
404,111,received,transaction,2341 
404,114,received,transaction,2341 
404,111,received,transaction,2340 
406,103,received,transaction,2340 
406,107,received,transaction,2340 
407,107,received,transaction,2341 
408,108,received,transaction,2341 
408,117,received,transaction,2341 
408,113,received,transaction,2340 
409, 100,Appended, Transaction, 2342
409, 100, broadcasting, data, 2342
409,116,received,transaction,2341 
409,104,received,transaction,2341 
409,114,received,transaction,2342 
410,104,received,transaction,2342 
410,106,received,transaction,2342 
410,110,received,transaction,2342 
410,112,received,transaction,2341 
411,105,received,transaction,2342 
411,115,received,transaction,2342 
411,116,received,transaction,2342 
412,110,received,transaction,2341 
412,113,received,transaction,2342 
414,101,received,transaction,2342 
414,102,received,transaction,2342 
415,109,received,transaction,2342 
416,117,received,transaction,2342 
417,111,received,transaction,2342 
419, 100,Appended, Transaction, 2343
419, 100, broadcasting, data, 2343
419,118,received,transaction,2343 
420,109,received,transaction,2343 
420,107,received,transaction,2342 
421,105,received,transaction,2343 
421,115,received,transaction,2343 
421,108,received,transaction,2342 
422,112,received,transaction,2342 
423,104,received,transaction,2343 
423,103,received,transaction,2342 
424,118,received,transaction,2342 
424,103,received,transaction,2343 
424,117,received,transaction,2343 
424,111,received,transaction,2343 
424,114,received,transaction,2343 
428,108,received,transaction,2343 
428,112,received,transaction,2343 
429, 100,Appended, Transaction, 2344
429, 100, broadcasting, data, 2344
429,107,received,transaction,2343 
429,118,received,transaction,2344 
430,106,received,transaction,2344 
430,110,received,transaction,2344 
430,102,received,transaction,2343 
431,112,received,transaction,2344 
432,110,received,transaction,2343 
433,104,received,transaction,2344 
434,101,received,transaction,2344 
434,114,received,transaction,2344 
434,105,received,transaction,2344 
435,111,received,transaction,2344 
435,109,received,transaction,2344 
436,103,received,transaction,2344 
437,101,received,transaction,2343 
437,106,received,transaction,2343 
437,116,received,transaction,2344 
439, 100,Appended, Transaction, 2345
439, 100, broadcasting, data, 2345
439,112,received,transaction,2345 
440,102,received,transaction,2344 
440,106,received,transaction,2345 
441,104,received,transaction,2345 
441,109,received,transaction,2345 
441,116,received,transaction,2345 
441,107,received,transaction,2344 
441,113,received,transaction,2343 
441,114,received,transaction,2345 
443,103,received,transaction,2345 
443,115,received,transaction,2345 
443,111,received,transaction,2345 
443,116,received,transaction,2343 
444,101,received,transaction,2345 
445,115,received,transaction,2344 
445,110,received,transaction,2345 
446,108,received,transaction,2344 
447,118,received,transaction,2345 
447,108,received,transaction,2345 
448,113,received,transaction,2344 
448,113,received,transaction,2345 
449, 100,Appended, Transaction, 2346
449, 100, broadcasting, data, 2346
449,117,received,transaction,2344 
450,106,received,transaction,2346 
451,112,received,transaction,2346 
451,116,received,transaction,2346 
451,104,received,transaction,2346 
452,103,received,transaction,2346 
453,115,received,transaction,2346 
454,101,received,transaction,2346 
454,111,received,transaction,2346 
454,113,received,transaction,2346 
454,114,received,transaction,2346 
455,108,received,transaction,2346 
457,102,received,transaction,2345 
457,117,received,transaction,2346 
458,117,received,transaction,2345 
459,107,received,transaction,2345 
459, 100,Appended, Transaction, 2347
459, 100, broadcasting, data, 2347
459,109,received,transaction,2346 
460,102,received,transaction,2346 
460,110,received,transaction,2347 
460,105,received,transaction,2345 
461,109,received,transaction,2347 
461,115,received,transaction,2347 
462,114,received,transaction,2347 
464,105,received,transaction,2346 
464,112,received,transaction,2347 
464,113,received,transaction,2347 
464,106,received,transaction,2347 
465,101,received,transaction,2347 
466,118,received,transaction,2347 
467,105,received,transaction,2347 
467,116,received,transaction,2347 
467,102,received,transaction,2347 
468,107,received,transaction,2346 
469,107,received,transaction,2347 
469, 100,Appended, Transaction, 2348
469, 100, broadcasting, data, 2348
470,110,received,transaction,2348 
470,106,received,transaction,2348 
470,118,received,transaction,2348 
470,104,received,transaction,2347 
470,107,received,transaction,2348 
470,111,received,transaction,2348 
470,110,received,transaction,2346 
470,109,received,transaction,2348 
471,111,received,transaction,2347 
471,115,received,transaction,2348 
472,103,received,transaction,2348 
472,118,received,transaction,2346 
473,104,received,transaction,2348 
473,105,received,transaction,2348 
474,103,received,transaction,2347 
476,108,received,transaction,2347 
476,114,received,transaction,2348 
477,113,received,transaction,2348 
477,116,received,transaction,2348 
478,108,received,transaction,2348 
479, 100,Appended, Transaction, 2349
479, 100, broadcasting, data, 2349
479,118,received,transaction,2349 
479,111,received,transaction,2349 
480,112,received,transaction,2348 
480,110,received,transaction,2349 
481,117,received,transaction,2348 
481,105,received,transaction,2349 
481,109,received,transaction,2349 
481,116,received,transaction,2349 
482,103,received,transaction,2349 
482,117,received,transaction,2347 
484,101,received,transaction,2348 
484,101,received,transaction,2349 
484,114,received,transaction,2349 
485,102,received,transaction,2348 
487,115,received,transaction,2349 
488,107,received,transaction,2349 
489, 100,Appended, Transaction, 2350
489, 100, broadcasting, data, 2350
490,110,received,transaction,2350 
490,103,received,transaction,2350 
490,112,received,transaction,2349 
491,104,received,transaction,2349 
491,112,received,transaction,2350 
491,115,received,transaction,2350 
492,117,received,transaction,2349 
492,118,received,transaction,2350 
493,104,received,transaction,2350 
493,116,received,transaction,2350 
494,102,received,transaction,2349 
494,114,received,transaction,2350 
495,106,received,transaction,2349 
495,105,received,transaction,2350 
495,108,received,transaction,2350 
495,106,received,transaction,2350 
496,117,received,transaction,2350 
498,108,received,transaction,2349 
499, 100,Appended, Transaction, 2351
499, 100, broadcasting, data, 2351
499,118,received,transaction,2351 
Simulation ended
