0,100, generated, node, -
0,101, generated, node, -
0,102, generated, node, -
0,103, generated, node, -
0,104, generated, node, -
0,105, generated, node, -
0,106, generated, node, -
0,107, generated, node, -
0,108, generated, node, -
0,109, generated, node, -
0,110, generated, node, -
0,111, generated, node, -
0,112, generated, node, -
0,113, generated, node, -
0,114, generated, node, -
0,115, generated, node, -
0,116, generated, node, -
0,117, generated, node, -
0,118, generated, node, -
1000, 103, Created, block,99901,0
No of blocks in node 103 is 1
1000, 103, broadcasting, data, 99901
1000,112, received, block, 99901
1000,112, interrupted, block, 99901 
1000,111, received, block, 99901
1000,111, interrupted, block, 99901 
1002,115, received, block, 99901
1002,115, interrupted, block, 99901 
1003,101, received, block, 99901
1003,101, interrupted, block, 99901 
1003,113, received, block, 99901
1003,113, interrupted, block, 99901 
1003,100, received, block, 99901
1003,100, interrupted, block, 99901 
1004,107, received, block, 99901
1004,107, interrupted, block, 99901 
1005,106, received, block, 99901
1005,106, interrupted, block, 99901 
1005,110, received, block, 99901
1005,110, interrupted, block, 99901 
1005,117, received, block, 99901
1005,117, interrupted, block, 99901 
1006,108, received, block, 99901
1006,108, interrupted, block, 99901 
1007,102, received, block, 99901
1007,102, interrupted, block, 99901 
1007,104, received, block, 99901
1007,104, interrupted, block, 99901 
1009,118, received, block, 99901
1009,118, interrupted, block, 99901 
1010,105, received, block, 99901
1010,105, interrupted, block, 99901 
No of blocks in node 106 is 1
No of blocks in node 115 is 1
No of blocks in node 113 is 1
No of blocks in node 112 is 1
1013,116, received, block, 99901
1013,116, interrupted, block, 99901 
1023,114, received, block, 99901
1023,114, interrupted, block, 99901 
No of blocks in node 118 is 1
1025,109, received, block, 99901
1025,109, interrupted, block, 99901 
No of blocks in node 107 is 1
No of blocks in node 108 is 1
No of blocks in node 110 is 1
No of blocks in node 104 is 1
No of blocks in node 100 is 1
No of blocks in node 102 is 1
No of blocks in node 101 is 1
No of blocks in node 111 is 1
No of blocks in node 117 is 1
No of blocks in node 105 is 1
No of blocks in node 116 is 1
No of blocks in node 109 is 1
No of blocks in node 114 is 1
2000, 103, Created, block,99902,0
No of blocks in node 103 is 2
2000, 103, broadcasting, data, 99902
2002,106, received, block, 99902
2002,106, interrupted, block, 99902 
2003,100, received, block, 99902
2003,100, interrupted, block, 99902 
2003,111, received, block, 99902
2003,111, interrupted, block, 99902 
2004,118, received, block, 99902
2004,118, interrupted, block, 99902 
2005,108, received, block, 99902
2005,108, interrupted, block, 99902 
2005,110, received, block, 99902
2005,110, interrupted, block, 99902 
2007,102, received, block, 99902
2007,102, interrupted, block, 99902 
2007,105, received, block, 99902
2007,105, interrupted, block, 99902 
2007,109, received, block, 99902
2007,109, interrupted, block, 99902 
2008,114, received, block, 99902
2008,114, interrupted, block, 99902 
2009,104, received, block, 99902
2009,104, interrupted, block, 99902 
2010,113, received, block, 99902
2010,113, interrupted, block, 99902 
2012,116, received, block, 99902
2012,116, interrupted, block, 99902 
2012,117, received, block, 99902
2012,117, interrupted, block, 99902 
2013,107, received, block, 99902
2013,107, interrupted, block, 99902 
2013,112, received, block, 99902
2013,112, interrupted, block, 99902 
2015,101, received, block, 99902
2015,101, interrupted, block, 99902 
No of blocks in node 113 is 2
2018,115, received, block, 99902
2018,115, interrupted, block, 99902 
No of blocks in node 104 is 2
No of blocks in node 105 is 2
No of blocks in node 110 is 2
No of blocks in node 112 is 2
No of blocks in node 116 is 2
No of blocks in node 106 is 2
No of blocks in node 117 is 2
No of blocks in node 102 is 2
No of blocks in node 111 is 2
No of blocks in node 109 is 2
No of blocks in node 118 is 2
No of blocks in node 115 is 2
No of blocks in node 114 is 2
No of blocks in node 100 is 2
No of blocks in node 101 is 2
No of blocks in node 108 is 2
No of blocks in node 107 is 2
3000, 103, Created, block,99903,0
No of blocks in node 103 is 3
3000, 103, broadcasting, data, 99903
3001,104, received, block, 99903
3001,104, interrupted, block, 99903 
3001,116, received, block, 99903
3001,116, interrupted, block, 99903 
3003,111, received, block, 99903
3003,111, interrupted, block, 99903 
3003,118, received, block, 99903
3003,118, interrupted, block, 99903 
3004,115, received, block, 99903
3004,115, interrupted, block, 99903 
3004,110, received, block, 99903
3004,110, interrupted, block, 99903 
3005,109, received, block, 99903
3005,109, interrupted, block, 99903 
3005,113, received, block, 99903
3005,113, interrupted, block, 99903 
No of blocks in node 115 is 3
3006,105, received, block, 99903
3006,105, interrupted, block, 99903 
3007,114, received, block, 99903
3007,114, interrupted, block, 99903 
3010,108, received, block, 99903
3010,108, interrupted, block, 99903 
No of blocks in node 113 is 3
3011,117, received, block, 99903
3011,117, interrupted, block, 99903 
3013,106, received, block, 99903
3013,106, interrupted, block, 99903 
No of blocks in node 108 is 3
No of blocks in node 106 is 3
3017,100, received, block, 99903
3017,100, interrupted, block, 99903 
3020,102, received, block, 99903
3020,102, interrupted, block, 99903 
No of blocks in node 104 is 3
3021,107, received, block, 99903
3021,107, interrupted, block, 99903 
No of blocks in node 117 is 3
No of blocks in node 118 is 3
3024,112, received, block, 99903
3024,112, interrupted, block, 99903 
3025,101, received, block, 99903
3025,101, interrupted, block, 99903 
No of blocks in node 110 is 3
No of blocks in node 109 is 3
No of blocks in node 107 is 3
No of blocks in node 116 is 3
No of blocks in node 105 is 3
No of blocks in node 114 is 3
No of blocks in node 102 is 3
No of blocks in node 111 is 3
No of blocks in node 100 is 3
No of blocks in node 101 is 3
No of blocks in node 112 is 3
4000, 103, Created, block,99904,0
No of blocks in node 103 is 4
4000, 103, broadcasting, data, 99904
4001,112, received, block, 99904
4001,112, interrupted, block, 99904 
4001,101, received, block, 99904
4001,101, interrupted, block, 99904 
4002,111, received, block, 99904
4002,111, interrupted, block, 99904 
4002,114, received, block, 99904
4002,114, interrupted, block, 99904 
4003,118, received, block, 99904
4003,118, interrupted, block, 99904 
4006,105, received, block, 99904
4006,105, interrupted, block, 99904 
4007,115, received, block, 99904
4007,115, interrupted, block, 99904 
4007,116, received, block, 99904
4007,116, interrupted, block, 99904 
4007,106, received, block, 99904
4007,106, interrupted, block, 99904 
4008,113, received, block, 99904
4008,113, interrupted, block, 99904 
No of blocks in node 115 is 4
No of blocks in node 111 is 4
4010,117, received, block, 99904
4010,117, interrupted, block, 99904 
4011,108, received, block, 99904
4011,108, interrupted, block, 99904 
4017,107, received, block, 99904
4017,107, interrupted, block, 99904 
4018,110, received, block, 99904
4018,110, interrupted, block, 99904 
No of blocks in node 112 is 4
4020,104, received, block, 99904
4020,104, interrupted, block, 99904 
4023,102, received, block, 99904
4023,102, interrupted, block, 99904 
4023,100, received, block, 99904
4023,100, interrupted, block, 99904 
No of blocks in node 101 is 4
4030,109, received, block, 99904
4030,109, interrupted, block, 99904 
No of blocks in node 114 is 4
No of blocks in node 116 is 4
No of blocks in node 100 is 4
No of blocks in node 102 is 4
No of blocks in node 113 is 4
No of blocks in node 109 is 4
No of blocks in node 106 is 4
No of blocks in node 117 is 4
No of blocks in node 105 is 4
No of blocks in node 108 is 4
No of blocks in node 118 is 4
No of blocks in node 107 is 4
No of blocks in node 110 is 4
No of blocks in node 104 is 4
5000, 103, Created, block,99905,0
No of blocks in node 103 is 5
5000, 103, broadcasting, data, 99905
5003,111, received, block, 99905
5003,111, interrupted, block, 99905 
5003,113, received, block, 99905
5003,113, interrupted, block, 99905 
5003,110, received, block, 99905
5003,110, interrupted, block, 99905 
5005,106, received, block, 99905
5005,106, interrupted, block, 99905 
5005,104, received, block, 99905
5005,104, interrupted, block, 99905 
5006,117, received, block, 99905
5006,117, interrupted, block, 99905 
5007,105, received, block, 99905
5007,105, interrupted, block, 99905 
5007,109, received, block, 99905
5007,109, interrupted, block, 99905 
5007,112, received, block, 99905
5007,112, interrupted, block, 99905 
5007,101, received, block, 99905
5007,101, interrupted, block, 99905 
5007,115, received, block, 99905
5007,115, interrupted, block, 99905 
5007,116, received, block, 99905
5007,116, interrupted, block, 99905 
5009,118, received, block, 99905
5009,118, interrupted, block, 99905 
5010,107, received, block, 99905
5010,107, interrupted, block, 99905 
5011,102, received, block, 99905
5011,102, interrupted, block, 99905 
No of blocks in node 115 is 5
No of blocks in node 118 is 5
5013,108, received, block, 99905
5013,108, interrupted, block, 99905 
5015,114, received, block, 99905
5015,114, interrupted, block, 99905 
5017,100, received, block, 99905
5017,100, interrupted, block, 99905 
No of blocks in node 101 is 5
No of blocks in node 113 is 5
No of blocks in node 105 is 5
No of blocks in node 116 is 5
No of blocks in node 102 is 5
No of blocks in node 111 is 5
No of blocks in node 117 is 5
No of blocks in node 110 is 5
No of blocks in node 100 is 5
No of blocks in node 106 is 5
No of blocks in node 107 is 5
No of blocks in node 108 is 5
No of blocks in node 109 is 5
No of blocks in node 112 is 5
No of blocks in node 104 is 5
No of blocks in node 114 is 5
Simulation ended
