0,100, generated, node, -
0,101, generated, node, -
0,102, generated, node, -
0,103, generated, node, -
0,104, generated, node, -
0,105, generated, node, -
0,106, generated, node, -
0,107, generated, node, -
0,108, generated, node, -
0,109, generated, node, -
0,110, generated, node, -
0,111, generated, node, -
0,112, generated, node, -
0,113, generated, node, -
0,114, generated, node, -
0,115, generated, node, -
0,116, generated, node, -
0,117, generated, node, -
0,118, generated, node, -
1000, 106, Created, block,99901,0
No of blocks in node 106 is 1
1000, 106, broadcasting, data, 99901
1001,104, received, block, 99901
1001,104, interrupted, block, 99901 
1002,101, received, block, 99901
1002,101, interrupted, block, 99901 
1002,113, received, block, 99901
1002,113, interrupted, block, 99901 
1002,117, received, block, 99901
1002,117, interrupted, block, 99901 
1002,118, received, block, 99901
1002,118, interrupted, block, 99901 
1005,109, received, block, 99901
1005,109, interrupted, block, 99901 
No of blocks in node 104 is 1
No of blocks in node 101 is 1
1005,115, received, block, 99901
1005,115, interrupted, block, 99901 
1005,100, received, block, 99901
1005,100, interrupted, block, 99901 
1005,110, received, block, 99901
1005,110, interrupted, block, 99901 
1006,105, received, block, 99901
1006,105, interrupted, block, 99901 
1006,112, received, block, 99901
1006,112, interrupted, block, 99901 
1006,114, received, block, 99901
1006,114, interrupted, block, 99901 
1006,107, received, block, 99901
1006,107, interrupted, block, 99901 
No of blocks in node 100 is 1
No of blocks in node 112 is 1
1011,111, received, block, 99901
1011,111, interrupted, block, 99901 
1012,116, received, block, 99901
1012,116, interrupted, block, 99901 
No of blocks in node 110 is 1
No of blocks in node 109 is 1
1014,102, received, block, 99901
1014,102, interrupted, block, 99901 
No of blocks in node 114 is 1
No of blocks in node 111 is 1
1017,103, received, block, 99901
1017,103, interrupted, block, 99901 
1018,108, received, block, 99901
1018,108, interrupted, block, 99901 
No of blocks in node 105 is 1
No of blocks in node 102 is 1
No of blocks in node 115 is 1
No of blocks in node 117 is 1
No of blocks in node 108 is 1
No of blocks in node 107 is 1
No of blocks in node 118 is 1
No of blocks in node 113 is 1
No of blocks in node 116 is 1
No of blocks in node 103 is 1
2000, 106, Created, block,99902,0
No of blocks in node 106 is 2
2000, 106, broadcasting, data, 99902
2001,104, received, block, 99902
2001,104, interrupted, block, 99902 
2001,118, received, block, 99902
2001,118, interrupted, block, 99902 
2002,102, received, block, 99902
2002,102, interrupted, block, 99902 
2002,111, received, block, 99902
2002,111, interrupted, block, 99902 
2002,113, received, block, 99902
2002,113, interrupted, block, 99902 
2002,114, received, block, 99902
2002,114, interrupted, block, 99902 
2002,100, received, block, 99902
2002,100, interrupted, block, 99902 
2003,117, received, block, 99902
2003,117, interrupted, block, 99902 
2004,116, received, block, 99902
2004,116, interrupted, block, 99902 
2005,110, received, block, 99902
2005,110, interrupted, block, 99902 
2005,107, received, block, 99902
2005,107, interrupted, block, 99902 
2005,101, received, block, 99902
2005,101, interrupted, block, 99902 
2005,105, received, block, 99902
2005,105, interrupted, block, 99902 
2006,112, received, block, 99902
2006,112, interrupted, block, 99902 
2006,108, received, block, 99902
2006,108, interrupted, block, 99902 
No of blocks in node 118 is 2
No of blocks in node 104 is 2
2012,115, received, block, 99902
2012,115, interrupted, block, 99902 
2013,103, received, block, 99902
2013,103, interrupted, block, 99902 
No of blocks in node 100 is 2
No of blocks in node 114 is 2
No of blocks in node 112 is 2
No of blocks in node 116 is 2
2019,109, received, block, 99902
2019,109, interrupted, block, 99902 
No of blocks in node 105 is 2
No of blocks in node 107 is 2
No of blocks in node 101 is 2
No of blocks in node 110 is 2
No of blocks in node 102 is 2
No of blocks in node 111 is 2
No of blocks in node 109 is 2
No of blocks in node 117 is 2
No of blocks in node 113 is 2
No of blocks in node 103 is 2
No of blocks in node 108 is 2
No of blocks in node 115 is 2
3000, 106, Created, block,99903,0
No of blocks in node 106 is 3
3000, 106, broadcasting, data, 99903
3000,110, received, block, 99903
3000,110, interrupted, block, 99903 
3001,104, received, block, 99903
3001,104, interrupted, block, 99903 
3002,101, received, block, 99903
3002,101, interrupted, block, 99903 
3002,102, received, block, 99903
3002,102, interrupted, block, 99903 
3002,113, received, block, 99903
3002,113, interrupted, block, 99903 
3002,114, received, block, 99903
3002,114, interrupted, block, 99903 
3003,105, received, block, 99903
3003,105, interrupted, block, 99903 
3005,103, received, block, 99903
3005,103, interrupted, block, 99903 
3006,112, received, block, 99903
3006,112, interrupted, block, 99903 
3006,115, received, block, 99903
3006,115, interrupted, block, 99903 
No of blocks in node 113 is 3
3006,107, received, block, 99903
3006,107, interrupted, block, 99903 
3007,117, received, block, 99903
3007,117, interrupted, block, 99903 
3008,111, received, block, 99903
3008,111, interrupted, block, 99903 
3008,108, received, block, 99903
3008,108, interrupted, block, 99903 
No of blocks in node 101 is 3
3009,116, received, block, 99903
3009,116, interrupted, block, 99903 
3009,109, received, block, 99903
3009,109, interrupted, block, 99903 
3009,100, received, block, 99903
3009,100, interrupted, block, 99903 
No of blocks in node 112 is 3
3010,118, received, block, 99903
3010,118, interrupted, block, 99903 
No of blocks in node 114 is 3
No of blocks in node 115 is 3
No of blocks in node 118 is 3
No of blocks in node 117 is 3
No of blocks in node 104 is 3
No of blocks in node 103 is 3
No of blocks in node 111 is 3
No of blocks in node 102 is 3
No of blocks in node 107 is 3
No of blocks in node 108 is 3
No of blocks in node 116 is 3
No of blocks in node 110 is 3
No of blocks in node 100 is 3
No of blocks in node 105 is 3
No of blocks in node 109 is 3
4000, 106, Created, block,99904,0
No of blocks in node 106 is 4
4000, 106, broadcasting, data, 99904
4001,118, received, block, 99904
4001,118, interrupted, block, 99904 
4002,111, received, block, 99904
4002,111, interrupted, block, 99904 
4002,113, received, block, 99904
4002,113, interrupted, block, 99904 
4003,100, received, block, 99904
4003,100, interrupted, block, 99904 
4004,117, received, block, 99904
4004,117, interrupted, block, 99904 
4005,109, received, block, 99904
4005,109, interrupted, block, 99904 
4005,116, received, block, 99904
4005,116, interrupted, block, 99904 
4005,114, received, block, 99904
4005,114, interrupted, block, 99904 
4006,105, received, block, 99904
4006,105, interrupted, block, 99904 
4007,108, received, block, 99904
4007,108, interrupted, block, 99904 
4008,104, received, block, 99904
4008,104, interrupted, block, 99904 
4009,102, received, block, 99904
4009,102, interrupted, block, 99904 
4010,107, received, block, 99904
4010,107, interrupted, block, 99904 
4012,110, received, block, 99904
4012,110, interrupted, block, 99904 
No of blocks in node 105 is 4
4013,115, received, block, 99904
4013,115, interrupted, block, 99904 
No of blocks in node 100 is 4
4014,112, received, block, 99904
4014,112, interrupted, block, 99904 
No of blocks in node 102 is 4
No of blocks in node 109 is 4
4017,103, received, block, 99904
4017,103, interrupted, block, 99904 
No of blocks in node 116 is 4
4018,101, received, block, 99904
4018,101, interrupted, block, 99904 
No of blocks in node 111 is 4
No of blocks in node 110 is 4
No of blocks in node 115 is 4
No of blocks in node 112 is 4
No of blocks in node 108 is 4
No of blocks in node 117 is 4
No of blocks in node 113 is 4
No of blocks in node 118 is 4
No of blocks in node 114 is 4
No of blocks in node 104 is 4
No of blocks in node 107 is 4
No of blocks in node 103 is 4
No of blocks in node 101 is 4
5000, 106, Created, block,99905,0
No of blocks in node 106 is 5
5000, 106, broadcasting, data, 99905
5001,104, received, block, 99905
5001,104, interrupted, block, 99905 
5001,118, received, block, 99905
5001,118, interrupted, block, 99905 
5001,108, received, block, 99905
5001,108, interrupted, block, 99905 
5001,107, received, block, 99905
5001,107, interrupted, block, 99905 
5002,101, received, block, 99905
5002,101, interrupted, block, 99905 
5002,111, received, block, 99905
5002,111, interrupted, block, 99905 
5002,113, received, block, 99905
5002,113, interrupted, block, 99905 
5002,114, received, block, 99905
5002,114, interrupted, block, 99905 
5003,116, received, block, 99905
5003,116, interrupted, block, 99905 
5003,100, received, block, 99905
5003,100, interrupted, block, 99905 
5004,105, received, block, 99905
5004,105, interrupted, block, 99905 
5005,103, received, block, 99905
5005,103, interrupted, block, 99905 
No of blocks in node 113 is 5
No of blocks in node 116 is 5
5006,112, received, block, 99905
5006,112, interrupted, block, 99905 
5007,117, received, block, 99905
5007,117, interrupted, block, 99905 
5008,110, received, block, 99905
5008,110, interrupted, block, 99905 
5009,102, received, block, 99905
5009,102, interrupted, block, 99905 
No of blocks in node 104 is 5
No of blocks in node 107 is 5
No of blocks in node 118 is 5
No of blocks in node 117 is 5
5015,115, received, block, 99905
5015,115, interrupted, block, 99905 
No of blocks in node 103 is 5
No of blocks in node 114 is 5
5026,109, received, block, 99905
5026,109, interrupted, block, 99905 
No of blocks in node 111 is 5
No of blocks in node 108 is 5
No of blocks in node 115 is 5
No of blocks in node 112 is 5
No of blocks in node 102 is 5
No of blocks in node 109 is 5
No of blocks in node 105 is 5
No of blocks in node 100 is 5
No of blocks in node 101 is 5
No of blocks in node 110 is 5
Simulation ended
