0,100, generated, node, -
0,101, generated, node, -
0,102, generated, node, -
0,103, generated, node, -
0,104, generated, node, -
0,105, generated, node, -
0,106, generated, node, -
0,107, generated, node, -
0,108, generated, node, -
0,109, generated, node, -
0,110, generated, node, -
0,111, generated, node, -
0,112, generated, node, -
0,113, generated, node, -
0,114, generated, node, -
0,115, generated, node, -
0,116, generated, node, -
0,117, generated, node, -
0,118, generated, node, -
0, 111,Appended, Transaction, 2301
0, 111, broadcasting, data, 2301
0,109,received,transaction,2301 
1,117,received,transaction,2301 
1,115,received,transaction,2301 
2,106,received,transaction,2301 
2,114,received,transaction,2301 
2,104,received,transaction,2301 
3,101,received,transaction,2301 
3,103,received,transaction,2301 
6,110,received,transaction,2301 
7,112,received,transaction,2301 
7,116,received,transaction,2301 
7,105,received,transaction,2301 
8,102,received,transaction,2301 
8,107,received,transaction,2301 
9,113,received,transaction,2301 
10, 112,Appended, Transaction, 2302
10, 112, broadcasting, data, 2302
10,100,received,transaction,2301 
11,117,received,transaction,2302 
11,108,received,transaction,2302 
11,116,received,transaction,2302 
12,100,received,transaction,2302 
12,105,received,transaction,2302 
12,109,received,transaction,2302 
12,115,received,transaction,2302 
12,118,received,transaction,2302 
12,111,received,transaction,2302 
12,118,received,transaction,2301 
12,102,received,transaction,2302 
14,114,received,transaction,2302 
17,103,received,transaction,2302 
17,106,received,transaction,2302 
18,110,received,transaction,2302 
19, 102,Appended, Transaction, 2303
19, 102, broadcasting, data, 2303
20,107,received,transaction,2302 
20,104,received,transaction,2302 
20,117,received,transaction,2303 
21,101,received,transaction,2302 
21,106,received,transaction,2303 
22,110,received,transaction,2303 
22,108,received,transaction,2301 
23,113,received,transaction,2302 
24,100,received,transaction,2303 
24,105,received,transaction,2303 
24,116,received,transaction,2303 
24,118,received,transaction,2303 
25,111,received,transaction,2303 
26,108,received,transaction,2303 
27,101,received,transaction,2303 
29,104,received,transaction,2303 
30, 104,Appended, Transaction, 2304
30, 104, broadcasting, data, 2304
31,108,received,transaction,2304 
31,110,received,transaction,2304 
31,113,received,transaction,2303 
31,114,received,transaction,2303 
32,112,received,transaction,2303 
33,103,received,transaction,2304 
34,118,received,transaction,2304 
34,106,received,transaction,2304 
34,105,received,transaction,2304 
35,102,received,transaction,2304 
35,100,received,transaction,2304 
35,114,received,transaction,2304 
37,113,received,transaction,2304 
38,109,received,transaction,2303 
39,107,received,transaction,2304 
39,112,received,transaction,2304 
40, 114,Appended, Transaction, 2305
40, 114, broadcasting, data, 2305
40,109,received,transaction,2304 
40,106,received,transaction,2305 
40,115,received,transaction,2305 
41,103,received,transaction,2303 
41,115,received,transaction,2304 
41,116,received,transaction,2304 
41,117,received,transaction,2305 
42,113,received,transaction,2305 
43,102,received,transaction,2305 
43,107,received,transaction,2305 
44,104,received,transaction,2305 
44,107,received,transaction,2303 
45,115,received,transaction,2303 
45,101,received,transaction,2305 
45,108,received,transaction,2305 
45,112,received,transaction,2305 
45,116,received,transaction,2305 
46,103,received,transaction,2305 
47,101,received,transaction,2304 
49,111,received,transaction,2305 
