0,100, generated, node, -
0,101, generated, node, -
0,102, generated, node, -
0,103, generated, node, -
0,104, generated, node, -
0,105, generated, node, -
0,106, generated, node, -
0,107, generated, node, -
0,108, generated, node, -
0,109, generated, node, -
0,110, generated, node, -
0,111, generated, node, -
0,112, generated, node, -
0,113, generated, node, -
0,114, generated, node, -
0,115, generated, node, -
0,116, generated, node, -
0,117, generated, node, -
0,118, generated, node, -
0, 100,Appended, Transaction, 2301
0, 100, broadcasting, data, 2301
1,106,received,transaction,2301 
1,107,received,transaction,2301 
2,105,received,transaction,2301 
2,115,received,transaction,2301 
2,116,received,transaction,2301 
2,111,received,transaction,2301 
3,103,received,transaction,2301 
5,108,received,transaction,2301 
5,114,received,transaction,2301 
6,102,received,transaction,2301 
8,110,received,transaction,2301 
9,101,received,transaction,2301 
9, 100,Appended, Transaction, 2302
9, 100, broadcasting, data, 2302
10,103,received,transaction,2302 
11,105,received,transaction,2302 
11,109,received,transaction,2302 
11,112,received,transaction,2302 
11,115,received,transaction,2302 
11,116,received,transaction,2302 
12,109,received,transaction,2301 
12,113,received,transaction,2302 
13,111,received,transaction,2302 
14,112,received,transaction,2301 
14,110,received,transaction,2302 
14,104,received,transaction,2302 
14,114,received,transaction,2302 
14,101,received,transaction,2302 
14,102,received,transaction,2302 
15,113,received,transaction,2301 
15,118,received,transaction,2301 
18,104,received,transaction,2301 
20, 100,Appended, Transaction, 2303
20, 100, broadcasting, data, 2303
21,113,received,transaction,2303 
22,105,received,transaction,2303 
22,109,received,transaction,2303 
22,112,received,transaction,2303 
22,115,received,transaction,2303 
22,116,received,transaction,2303 
23,103,received,transaction,2303 
23,118,received,transaction,2303 
23,111,received,transaction,2303 
23,108,received,transaction,2302 
24,102,received,transaction,2303 
25,114,received,transaction,2303 
25,106,received,transaction,2302 
25,118,received,transaction,2302 
25,110,received,transaction,2303 
26,101,received,transaction,2303 
28,108,received,transaction,2303 
29,117,received,transaction,2302 
30, 100,Appended, Transaction, 2304
30, 100, broadcasting, data, 2304
30,109,received,transaction,2304 
31,106,received,transaction,2304 
31,110,received,transaction,2304 
31,105,received,transaction,2304 
32,112,received,transaction,2304 
32,115,received,transaction,2304 
32,118,received,transaction,2304 
32,117,received,transaction,2303 
33,104,received,transaction,2304 
33,111,received,transaction,2304 
34,113,received,transaction,2304 
34,117,received,transaction,2301 
34,103,received,transaction,2304 
34,107,received,transaction,2302 
34,104,received,transaction,2303 
35,101,received,transaction,2304 
35,102,received,transaction,2304 
35,114,received,transaction,2304 
36,106,received,transaction,2303 
36,107,received,transaction,2303 
39,117,received,transaction,2304 
40, 100,Appended, Transaction, 2305
40, 100, broadcasting, data, 2305
40,116,received,transaction,2304 
40,110,received,transaction,2305 
41,106,received,transaction,2305 
42,115,received,transaction,2305 
42,105,received,transaction,2305 
42,109,received,transaction,2305 
42,116,received,transaction,2305 
42,108,received,transaction,2304 
43,102,received,transaction,2305 
43,111,received,transaction,2305 
46,118,received,transaction,2305 
46,108,received,transaction,2305 
46,103,received,transaction,2305 
48,101,received,transaction,2305 
48,107,received,transaction,2305 
50,104,received,transaction,2305 
50, 100,Appended, Transaction, 2306
50, 100, broadcasting, data, 2306
50,117,received,transaction,2305 
50,109,received,transaction,2306 
50,112,received,transaction,2305 
51,114,received,transaction,2306 
51,106,received,transaction,2306 
51,110,received,transaction,2306 
51,118,received,transaction,2306 
52,105,received,transaction,2306 
52,112,received,transaction,2306 
52,115,received,transaction,2306 
53,104,received,transaction,2306 
53,103,received,transaction,2306 
54,114,received,transaction,2305 
54,116,received,transaction,2306 
54,102,received,transaction,2306 
55,101,received,transaction,2306 
57,117,received,transaction,2306 
57,111,received,transaction,2306 
58,107,received,transaction,2306 
58,107,received,transaction,2304 
60, 100,Appended, Transaction, 2307
60, 100, broadcasting, data, 2307
60,102,received,transaction,2307 
61,116,received,transaction,2307 
62,112,received,transaction,2307 
62,115,received,transaction,2307 
63,118,received,transaction,2307 
63,103,received,transaction,2307 
63,108,received,transaction,2306 
64,113,received,transaction,2307 
64,108,received,transaction,2307 
64,113,received,transaction,2306 
65,113,received,transaction,2305 
66,110,received,transaction,2307 
67,107,received,transaction,2307 
70, 100,Appended, Transaction, 2308
70, 100, broadcasting, data, 2308
70,111,received,transaction,2308 
70,114,received,transaction,2308 
71,113,received,transaction,2308 
71,111,received,transaction,2307 
72,104,received,transaction,2307 
72,115,received,transaction,2308 
73,106,received,transaction,2307 
73,114,received,transaction,2307 
73,101,received,transaction,2307 
74,104,received,transaction,2308 
75,102,received,transaction,2308 
75,109,received,transaction,2307 
76,117,received,transaction,2307 
76,105,received,transaction,2307 
77,103,received,transaction,2308 
77,116,received,transaction,2308 
78,106,received,transaction,2308 
79,101,received,transaction,2308 
79,108,received,transaction,2308 
79,107,received,transaction,2308 
80, 100,Appended, Transaction, 2309
80, 100, broadcasting, data, 2309
80,101,received,transaction,2309 
80,102,received,transaction,2309 
81,106,received,transaction,2309 
81,110,received,transaction,2309 
81,112,received,transaction,2308 
82,109,received,transaction,2308 
82,116,received,transaction,2309 
82,105,received,transaction,2309 
83,104,received,transaction,2309 
84,118,received,transaction,2308 
85,113,received,transaction,2309 
85,105,received,transaction,2308 
86,109,received,transaction,2309 
86,110,received,transaction,2308 
87,115,received,transaction,2309 
87,117,received,transaction,2308 
88,103,received,transaction,2309 
90, 100,Appended, Transaction, 2310
90, 100, broadcasting, data, 2310
90,112,received,transaction,2309 
91,106,received,transaction,2310 
91,118,received,transaction,2310 
91,103,received,transaction,2310 
91,108,received,transaction,2309 
91,118,received,transaction,2309 
92,109,received,transaction,2310 
92,112,received,transaction,2310 
92,115,received,transaction,2310 
94,114,received,transaction,2309 
94,105,received,transaction,2310 
94,116,received,transaction,2310 
95,101,received,transaction,2310 
95,102,received,transaction,2310 
95,113,received,transaction,2310 
95,114,received,transaction,2310 
95,107,received,transaction,2309 
95,111,received,transaction,2309 
96,110,received,transaction,2310 
96,117,received,transaction,2309 
96,107,received,transaction,2310 
99,117,received,transaction,2310 
100, 100,Appended, Transaction, 2311
100, 100, broadcasting, data, 2311
101,118,received,transaction,2311 
101,104,received,transaction,2311 
102,105,received,transaction,2311 
102,115,received,transaction,2311 
102,116,received,transaction,2311 
105,101,received,transaction,2311 
105,111,received,transaction,2311 
105,114,received,transaction,2311 
107,106,received,transaction,2311 
107,117,received,transaction,2311 
108,104,received,transaction,2310 
109,108,received,transaction,2311 
109,102,received,transaction,2311 
109,108,received,transaction,2310 
110,113,received,transaction,2311 
110, 100,Appended, Transaction, 2312
110, 100, broadcasting, data, 2312
110,109,received,transaction,2311 
110,103,received,transaction,2311 
111,105,received,transaction,2312 
113,103,received,transaction,2312 
113,110,received,transaction,2311 
114,104,received,transaction,2312 
114,101,received,transaction,2312 
115,111,received,transaction,2312 
115,113,received,transaction,2312 
115,114,received,transaction,2312 
115,102,received,transaction,2312 
115,111,received,transaction,2310 
115,107,received,transaction,2312 
117,115,received,transaction,2312 
117,112,received,transaction,2311 
117,110,received,transaction,2312 
118,116,received,transaction,2312 
118,118,received,transaction,2312 
120, 100,Appended, Transaction, 2313
120, 100, broadcasting, data, 2313
121,106,received,transaction,2313 
121,110,received,transaction,2313 
121,118,received,transaction,2313 
122,105,received,transaction,2313 
122,115,received,transaction,2313 
122,116,received,transaction,2313 
123,109,received,transaction,2312 
123,112,received,transaction,2312 
124,117,received,transaction,2312 
124,107,received,transaction,2311 
124,102,received,transaction,2313 
124,112,received,transaction,2313 
125,111,received,transaction,2313 
125,113,received,transaction,2313 
125,109,received,transaction,2313 
125,107,received,transaction,2313 
126,101,received,transaction,2313 
127,106,received,transaction,2312 
127,103,received,transaction,2313 
129,108,received,transaction,2312 
129, 100,Appended, Transaction, 2314
129, 100, broadcasting, data, 2314
130,110,received,transaction,2314 
130,118,received,transaction,2314 
131,112,received,transaction,2314 
132,102,received,transaction,2314 
132,116,received,transaction,2314 
132,103,received,transaction,2314 
133,104,received,transaction,2313 
133,106,received,transaction,2314 
134,104,received,transaction,2314 
134,111,received,transaction,2314 
134,113,received,transaction,2314 
134,114,received,transaction,2314 
136,115,received,transaction,2314 
137,114,received,transaction,2313 
137,108,received,transaction,2313 
138,117,received,transaction,2313 
138,109,received,transaction,2314 
139,105,received,transaction,2314 
139, 100,Appended, Transaction, 2315
139, 100, broadcasting, data, 2315
140,106,received,transaction,2315 
141,112,received,transaction,2315 
141,108,received,transaction,2314 
142,101,received,transaction,2315 
142,101,received,transaction,2314 
142,116,received,transaction,2315 
143,117,received,transaction,2314 
143,118,received,transaction,2315 
143,108,received,transaction,2315 
143,104,received,transaction,2315 
144,111,received,transaction,2315 
144,109,received,transaction,2315 
144,115,received,transaction,2315 
145,107,received,transaction,2314 
146,102,received,transaction,2315 
146,117,received,transaction,2315 
147,107,received,transaction,2315 
149, 100,Appended, Transaction, 2316
149, 100, broadcasting, data, 2316
150,116,received,transaction,2316 
150,110,received,transaction,2316 
150,118,received,transaction,2316 
150,103,received,transaction,2315 
151,113,received,transaction,2315 
151,109,received,transaction,2316 
151,112,received,transaction,2316 
152,106,received,transaction,2316 
152,110,received,transaction,2315 
153,114,received,transaction,2316 
153,114,received,transaction,2315 
154,101,received,transaction,2316 
154,115,received,transaction,2316 
156,111,received,transaction,2316 
156,105,received,transaction,2315 
156,117,received,transaction,2316 
157,113,received,transaction,2316 
158,107,received,transaction,2316 
158,108,received,transaction,2316 
159,105,received,transaction,2316 
159, 100,Appended, Transaction, 2317
159, 100, broadcasting, data, 2317
160,118,received,transaction,2317 
160,101,received,transaction,2317 
161,102,received,transaction,2316 
161,105,received,transaction,2317 
161,115,received,transaction,2317 
161,116,received,transaction,2317 
162,112,received,transaction,2317 
162,113,received,transaction,2317 
162,103,received,transaction,2317 
162,108,received,transaction,2317 
163,106,received,transaction,2317 
163,104,received,transaction,2317 
164,102,received,transaction,2317 
164,114,received,transaction,2317 
166,107,received,transaction,2317 
167,111,received,transaction,2317 
167,104,received,transaction,2316 
167,110,received,transaction,2317 
169,103,received,transaction,2316 
169, 100,Appended, Transaction, 2318
169, 100, broadcasting, data, 2318
170,117,received,transaction,2317 
170,102,received,transaction,2318 
170,110,received,transaction,2318 
170,118,received,transaction,2318 
171,115,received,transaction,2318 
171,109,received,transaction,2317 
171,105,received,transaction,2318 
171,109,received,transaction,2318 
171,112,received,transaction,2318 
172,103,received,transaction,2318 
174,104,received,transaction,2318 
174,101,received,transaction,2318 
176,106,received,transaction,2318 
177,113,received,transaction,2318 
177,107,received,transaction,2318 
177,117,received,transaction,2318 
178,114,received,transaction,2318 
178,116,received,transaction,2318 
180, 100,Appended, Transaction, 2319
180, 100, broadcasting, data, 2319
181,110,received,transaction,2319 
181,118,received,transaction,2319 
182,109,received,transaction,2319 
182,112,received,transaction,2319 
182,115,received,transaction,2319 
182,108,received,transaction,2319 
182,116,received,transaction,2319 
183,103,received,transaction,2319 
183,105,received,transaction,2319 
184,104,received,transaction,2319 
184,111,received,transaction,2319 
185,113,received,transaction,2319 
187,108,received,transaction,2318 
187,111,received,transaction,2318 
188,107,received,transaction,2319 
189,106,received,transaction,2319 
189, 100,Appended, Transaction, 2320
189, 100, broadcasting, data, 2320
190,109,received,transaction,2320 
191,105,received,transaction,2320 
191,112,received,transaction,2320 
193,103,received,transaction,2320 
194,113,received,transaction,2320 
194,114,received,transaction,2320 
194,102,received,transaction,2319 
195,116,received,transaction,2320 
195,110,received,transaction,2320 
195,101,received,transaction,2320 
196,107,received,transaction,2320 
196,115,received,transaction,2320 
196,102,received,transaction,2320 
197,101,received,transaction,2319 
197,111,received,transaction,2320 
198,108,received,transaction,2320 
199, 100,Appended, Transaction, 2321
199, 100, broadcasting, data, 2321
199,114,received,transaction,2319 
199,117,received,transaction,2319 
200,106,received,transaction,2320 
200,103,received,transaction,2321 
200,110,received,transaction,2321 
200,118,received,transaction,2321 
201,115,received,transaction,2321 
201,105,received,transaction,2321 
201,109,received,transaction,2321 
201,112,received,transaction,2321 
201,116,received,transaction,2321 
202,117,received,transaction,2320 
202,118,received,transaction,2320 
202,111,received,transaction,2321 
204,101,received,transaction,2321 
204,102,received,transaction,2321 
204,113,received,transaction,2321 
204,114,received,transaction,2321 
206,104,received,transaction,2321 
210, 100,Appended, Transaction, 2322
210, 100, broadcasting, data, 2322
210,101,received,transaction,2322 
210,106,received,transaction,2321 
211,118,received,transaction,2322 
212,105,received,transaction,2322 
212,109,received,transaction,2322 
212,115,received,transaction,2322 
214,104,received,transaction,2322 
214,106,received,transaction,2322 
215,111,received,transaction,2322 
215,113,received,transaction,2322 
215,114,received,transaction,2322 
215,117,received,transaction,2321 
216,103,received,transaction,2322 
217,110,received,transaction,2322 
218,107,received,transaction,2322 
218,104,received,transaction,2320 
219,108,received,transaction,2322 
219,102,received,transaction,2322 
220, 100,Appended, Transaction, 2323
220, 100, broadcasting, data, 2323
220,116,received,transaction,2322 
220,107,received,transaction,2321 
221,106,received,transaction,2323 
221,110,received,transaction,2323 
221,118,received,transaction,2323 
222,116,received,transaction,2323 
222,117,received,transaction,2322 
223,103,received,transaction,2323 
223,108,received,transaction,2321 
223,109,received,transaction,2323 
224,104,received,transaction,2323 
225,102,received,transaction,2323 
225,101,received,transaction,2323 
226,115,received,transaction,2323 
228,112,received,transaction,2322 
229,108,received,transaction,2323 
229,113,received,transaction,2323 
229,111,received,transaction,2323 
230, 100,Appended, Transaction, 2324
230, 100, broadcasting, data, 2324
231,106,received,transaction,2324 
231,114,received,transaction,2324 
232,105,received,transaction,2324 
232,109,received,transaction,2324 
232,115,received,transaction,2324 
232,114,received,transaction,2323 
232,118,received,transaction,2324 
233,116,received,transaction,2324 
234,112,received,transaction,2323 
235,101,received,transaction,2324 
235,111,received,transaction,2324 
235,117,received,transaction,2323 
235,104,received,transaction,2324 
237,107,received,transaction,2323 
237,102,received,transaction,2324 
237,105,received,transaction,2323 
238,117,received,transaction,2324 
238,108,received,transaction,2324 
240, 100,Appended, Transaction, 2325
240, 100, broadcasting, data, 2325
240,110,received,transaction,2324 
242,105,received,transaction,2325 
242,118,received,transaction,2325 
242,108,received,transaction,2325 
243,112,received,transaction,2324 
244,104,received,transaction,2325 
245,113,received,transaction,2325 
245,101,received,transaction,2325 
246,116,received,transaction,2325 
246,112,received,transaction,2325 
247,109,received,transaction,2325 
247,103,received,transaction,2325 
247,113,received,transaction,2324 
248,115,received,transaction,2325 
249,114,received,transaction,2325 
249,103,received,transaction,2324 
249, 100,Appended, Transaction, 2326
249, 100, broadcasting, data, 2326
250,107,received,transaction,2325 
250,110,received,transaction,2325 
250,106,received,transaction,2326 
250,111,received,transaction,2325 
250,118,received,transaction,2326 
251,116,received,transaction,2326 
251,105,received,transaction,2326 
252,102,received,transaction,2326 
252,102,received,transaction,2325 
252,103,received,transaction,2326 
253,104,received,transaction,2326 
254,115,received,transaction,2326 
254,111,received,transaction,2326 
255,107,received,transaction,2324 
256,106,received,transaction,2325 
257,117,received,transaction,2325 
257,107,received,transaction,2326 
258,113,received,transaction,2326 
258,108,received,transaction,2326 
259, 100,Appended, Transaction, 2327
259, 100, broadcasting, data, 2327
260,106,received,transaction,2327 
260,110,received,transaction,2327 
261,115,received,transaction,2327 
261,114,received,transaction,2326 
261,109,received,transaction,2327 
261,112,received,transaction,2327 
262,110,received,transaction,2326 
263,101,received,transaction,2326 
263,109,received,transaction,2326 
263,103,received,transaction,2327 
264,113,received,transaction,2327 
265,101,received,transaction,2327 
265,112,received,transaction,2326 
268,117,received,transaction,2327 
269, 100,Appended, Transaction, 2328
269, 100, broadcasting, data, 2328
270,114,received,transaction,2327 
270,103,received,transaction,2328 
270,108,received,transaction,2327 
270,116,received,transaction,2327 
271,118,received,transaction,2327 
271,117,received,transaction,2326 
271,105,received,transaction,2328 
271,109,received,transaction,2328 
271,116,received,transaction,2328 
272,111,received,transaction,2327 
272,101,received,transaction,2328 
272,110,received,transaction,2328 
272,118,received,transaction,2328 
273,105,received,transaction,2327 
273,104,received,transaction,2328 
274,112,received,transaction,2328 
274,102,received,transaction,2328 
274,114,received,transaction,2328 
277,106,received,transaction,2328 
277,115,received,transaction,2328 
278,104,received,transaction,2327 
278,117,received,transaction,2328 
280, 100,Appended, Transaction, 2329
280, 100, broadcasting, data, 2329
280,111,received,transaction,2328 
280,107,received,transaction,2327 
280,107,received,transaction,2328 
281,106,received,transaction,2329 
281,118,received,transaction,2329 
282,105,received,transaction,2329 
282,115,received,transaction,2329 
282,116,received,transaction,2329 
283,102,received,transaction,2327 
284,110,received,transaction,2329 
285,101,received,transaction,2329 
285,111,received,transaction,2329 
285,113,received,transaction,2329 
285,108,received,transaction,2329 
286,108,received,transaction,2328 
286,109,received,transaction,2329 
289,117,received,transaction,2329 
289,112,received,transaction,2329 
289,107,received,transaction,2329 
289, 100,Appended, Transaction, 2330
289, 100, broadcasting, data, 2330
290,114,received,transaction,2329 
290,106,received,transaction,2330 
290,110,received,transaction,2330 
290,118,received,transaction,2330 
291,113,received,transaction,2328 
291,115,received,transaction,2330 
292,117,received,transaction,2330 
293,108,received,transaction,2330 
294,111,received,transaction,2330 
294,113,received,transaction,2330 
294,114,received,transaction,2330 
295,105,received,transaction,2330 
295,107,received,transaction,2330 
296,103,received,transaction,2329 
299, 100,Appended, Transaction, 2331
299, 100, broadcasting, data, 2331
299,112,received,transaction,2331 
300,109,received,transaction,2330 
300,109,received,transaction,2331 
300,110,received,transaction,2331 
301,111,received,transaction,2331 
301,116,received,transaction,2331 
302,115,received,transaction,2331 
302,118,received,transaction,2331 
302,106,received,transaction,2331 
302,103,received,transaction,2330 
302,104,received,transaction,2329 
302,103,received,transaction,2331 
303,104,received,transaction,2331 
304,102,received,transaction,2330 
304,101,received,transaction,2330 
305,116,received,transaction,2330 
305,107,received,transaction,2331 
306,104,received,transaction,2330 
306,113,received,transaction,2331 
308,105,received,transaction,2331 
308,117,received,transaction,2331 
308,112,received,transaction,2330 
309,101,received,transaction,2331 
309, 100,Appended, Transaction, 2332
309, 100, broadcasting, data, 2332
310,113,received,transaction,2332 
310,106,received,transaction,2332 
310,118,received,transaction,2332 
311,108,received,transaction,2331 
311,112,received,transaction,2332 
312,116,received,transaction,2332 
313,102,received,transaction,2329 
313,103,received,transaction,2332 
315,105,received,transaction,2332 
316,101,received,transaction,2332 
316,102,received,transaction,2331 
316,114,received,transaction,2331 
317,114,received,transaction,2332 
317,107,received,transaction,2332 
318,110,received,transaction,2332 
318,117,received,transaction,2332 
319, 100,Appended, Transaction, 2333
319, 100, broadcasting, data, 2333
320,109,received,transaction,2332 
320,106,received,transaction,2333 
320,110,received,transaction,2333 
320,102,received,transaction,2332 
321,116,received,transaction,2333 
321,105,received,transaction,2333 
321,109,received,transaction,2333 
321,112,received,transaction,2333 
321,115,received,transaction,2333 
321,114,received,transaction,2333 
322,115,received,transaction,2332 
322,111,received,transaction,2333 
323,104,received,transaction,2333 
324,111,received,transaction,2332 
324,113,received,transaction,2333 
325,103,received,transaction,2333 
325,104,received,transaction,2332 
326,117,received,transaction,2333 
328,102,received,transaction,2333 
328,101,received,transaction,2333 
328,108,received,transaction,2332 
329, 100,Appended, Transaction, 2334
329, 100, broadcasting, data, 2334
330,110,received,transaction,2334 
330,106,received,transaction,2334 
330,118,received,transaction,2334 
331,107,received,transaction,2333 
331,109,received,transaction,2334 
331,112,received,transaction,2334 
331,113,received,transaction,2334 
332,115,received,transaction,2334 
332,117,received,transaction,2334 
332,103,received,transaction,2334 
334,107,received,transaction,2334 
334,102,received,transaction,2334 
335,104,received,transaction,2334 
335,105,received,transaction,2334 
337,108,received,transaction,2333 
338,108,received,transaction,2334 
338,114,received,transaction,2334 
339,118,received,transaction,2333 
340, 100,Appended, Transaction, 2335
340, 100, broadcasting, data, 2335
340,110,received,transaction,2335 
341,106,received,transaction,2335 
341,111,received,transaction,2334 
342,112,received,transaction,2335 
342,115,received,transaction,2335 
342,116,received,transaction,2335 
342,116,received,transaction,2334 
342,102,received,transaction,2335 
344,104,received,transaction,2335 
344,105,received,transaction,2335 
345,101,received,transaction,2335 
345,103,received,transaction,2335 
345,109,received,transaction,2335 
348,107,received,transaction,2335 
349,108,received,transaction,2335 
349,111,received,transaction,2335 
349,101,received,transaction,2334 
350, 100,Appended, Transaction, 2336
350, 100, broadcasting, data, 2336
350,117,received,transaction,2335 
351,110,received,transaction,2336 
351,104,received,transaction,2336 
351,109,received,transaction,2336 
352,105,received,transaction,2336 
352,116,received,transaction,2336 
352,107,received,transaction,2336 
352,115,received,transaction,2336 
353,118,received,transaction,2335 
355,111,received,transaction,2336 
355,113,received,transaction,2336 
355,114,received,transaction,2336 
355,117,received,transaction,2336 
355,106,received,transaction,2336 
357,112,received,transaction,2336 
358,114,received,transaction,2335 
359,108,received,transaction,2336 
359, 100,Appended, Transaction, 2337
359, 100, broadcasting, data, 2337
360,109,received,transaction,2337 
361,101,received,transaction,2337 
361,105,received,transaction,2337 
362,118,received,transaction,2336 
362,103,received,transaction,2337 
363,103,received,transaction,2336 
363,115,received,transaction,2337 
363,104,received,transaction,2337 
364,107,received,transaction,2337 
364,112,received,transaction,2337 
364,114,received,transaction,2337 
366,106,received,transaction,2337 
367,113,received,transaction,2337 
367,102,received,transaction,2337 
367,116,received,transaction,2337 
367,117,received,transaction,2337 
368,101,received,transaction,2336 
368,113,received,transaction,2335 
368,118,received,transaction,2337 
369, 100,Appended, Transaction, 2338
369, 100, broadcasting, data, 2338
369,110,received,transaction,2337 
370,102,received,transaction,2336 
370,106,received,transaction,2338 
370,110,received,transaction,2338 
371,109,received,transaction,2338 
371,112,received,transaction,2338 
371,116,received,transaction,2338 
372,118,received,transaction,2338 
373,104,received,transaction,2338 
374,102,received,transaction,2338 
375,111,received,transaction,2337 
375,111,received,transaction,2338 
376,105,received,transaction,2338 
377,107,received,transaction,2338 
379, 100,Appended, Transaction, 2339
379, 100, broadcasting, data, 2339
380,116,received,transaction,2339 
380,118,received,transaction,2339 
381,113,received,transaction,2338 
381,113,received,transaction,2339 
381,108,received,transaction,2337 
381,115,received,transaction,2339 
381,105,received,transaction,2339 
382,110,received,transaction,2339 
382,107,received,transaction,2339 
382,101,received,transaction,2339 
382,104,received,transaction,2339 
383,101,received,transaction,2338 
384,115,received,transaction,2338 
384,117,received,transaction,2338 
384,102,received,transaction,2339 
384,114,received,transaction,2339 
387,103,received,transaction,2338 
388,108,received,transaction,2339 
389,114,received,transaction,2338 
389,108,received,transaction,2338 
389, 100,Appended, Transaction, 2340
389, 100, broadcasting, data, 2340
390,106,received,transaction,2340 
390,110,received,transaction,2340 
391,106,received,transaction,2339 
391,103,received,transaction,2339 
391,105,received,transaction,2340 
391,109,received,transaction,2340 
391,112,received,transaction,2340 
392,103,received,transaction,2340 
393,115,received,transaction,2340 
393,118,received,transaction,2340 
394,109,received,transaction,2339 
396,101,received,transaction,2340 
396,117,received,transaction,2340 
396,112,received,transaction,2339 
398,104,received,transaction,2340 
398,108,received,transaction,2340 
399,111,received,transaction,2340 
399, 100,Appended, Transaction, 2341
399, 100, broadcasting, data, 2341
400,116,received,transaction,2340 
400,118,received,transaction,2341 
401,105,received,transaction,2341 
401,115,received,transaction,2341 
401,116,received,transaction,2341 
402,111,received,transaction,2339 
402,114,received,transaction,2340 
402,117,received,transaction,2339 
403,102,received,transaction,2341 
403,109,received,transaction,2341 
404,113,received,transaction,2340 
404,113,received,transaction,2341 
405,112,received,transaction,2341 
405,108,received,transaction,2341 
406,102,received,transaction,2340 
406,114,received,transaction,2341 
406,117,received,transaction,2341 
407,107,received,transaction,2340 
409, 100,Appended, Transaction, 2342
409, 100, broadcasting, data, 2342
410,110,received,transaction,2342 
410,118,received,transaction,2342 
411,105,received,transaction,2342 
411,115,received,transaction,2342 
411,114,received,transaction,2342 
412,104,received,transaction,2342 
412,106,received,transaction,2341 
414,104,received,transaction,2341 
414,101,received,transaction,2342 
414,102,received,transaction,2342 
414,113,received,transaction,2342 
414,101,received,transaction,2341 
415,111,received,transaction,2341 
416,110,received,transaction,2341 
416,103,received,transaction,2341 
417,107,received,transaction,2342 
417,108,received,transaction,2342 
419,111,received,transaction,2342 
419, 100,Appended, Transaction, 2343
419, 100, broadcasting, data, 2343
420,110,received,transaction,2343 
420,103,received,transaction,2342 
420,109,received,transaction,2342 
420,109,received,transaction,2343 
421,115,received,transaction,2343 
421,116,received,transaction,2343 
422,104,received,transaction,2343 
422,106,received,transaction,2342 
422,103,received,transaction,2343 
423,112,received,transaction,2343 
423,102,received,transaction,2343 
423,107,received,transaction,2341 
424,108,received,transaction,2343 
424,114,received,transaction,2343 
425,112,received,transaction,2342 
425,107,received,transaction,2343 
425,105,received,transaction,2343 
425,116,received,transaction,2342 
425,111,received,transaction,2343 
428,117,received,transaction,2343 
429, 100,Appended, Transaction, 2344
429, 100, broadcasting, data, 2344
430,106,received,transaction,2344 
431,106,received,transaction,2343 
431,109,received,transaction,2344 
431,116,received,transaction,2344 
432,117,received,transaction,2342 
434,110,received,transaction,2344 
434,102,received,transaction,2344 
435,114,received,transaction,2344 
436,103,received,transaction,2344 
436,113,received,transaction,2343 
436,112,received,transaction,2344 
436,115,received,transaction,2344 
437,118,received,transaction,2343 
438,101,received,transaction,2343 
439, 100,Appended, Transaction, 2345
439, 100, broadcasting, data, 2345
439,104,received,transaction,2344 
439,102,received,transaction,2345 
440,107,received,transaction,2344 
442,118,received,transaction,2344 
442,101,received,transaction,2345 
442,112,received,transaction,2345 
443,111,received,transaction,2344 
443,101,received,transaction,2344 
443,113,received,transaction,2344 
443,113,received,transaction,2345 
443,118,received,transaction,2345 
443,105,received,transaction,2345 
444,103,received,transaction,2345 
445,105,received,transaction,2344 
446,117,received,transaction,2344 
446,108,received,transaction,2344 
448,115,received,transaction,2345 
448,117,received,transaction,2345 
449,104,received,transaction,2345 
449,110,received,transaction,2345 
449, 100,Appended, Transaction, 2346
449, 100, broadcasting, data, 2346
449,108,received,transaction,2345 
450,107,received,transaction,2346 
450,106,received,transaction,2346 
450,118,received,transaction,2346 
450,112,received,transaction,2346 
451,117,received,transaction,2346 
451,110,received,transaction,2346 
451,109,received,transaction,2346 
452,105,received,transaction,2346 
452,107,received,transaction,2345 
452,114,received,transaction,2346 
452,116,received,transaction,2345 
453,111,received,transaction,2345 
453,116,received,transaction,2346 
453,104,received,transaction,2346 
454,114,received,transaction,2345 
454,102,received,transaction,2346 
454,111,received,transaction,2346 
457,103,received,transaction,2346 
457,115,received,transaction,2346 
458,109,received,transaction,2345 
458,108,received,transaction,2346 
459,106,received,transaction,2345 
459, 100,Appended, Transaction, 2347
459, 100, broadcasting, data, 2347
460,112,received,transaction,2347 
460,106,received,transaction,2347 
460,110,received,transaction,2347 
461,115,received,transaction,2347 
461,105,received,transaction,2347 
461,109,received,transaction,2347 
463,113,received,transaction,2346 
464,104,received,transaction,2347 
464,118,received,transaction,2347 
464,101,received,transaction,2347 
464,102,received,transaction,2347 
468,108,received,transaction,2347 
468,117,received,transaction,2347 
469,116,received,transaction,2347 
469, 100,Appended, Transaction, 2348
469, 100, broadcasting, data, 2348
470,112,received,transaction,2348 
470,107,received,transaction,2347 
470,111,received,transaction,2347 
470,113,received,transaction,2347 
471,103,received,transaction,2347 
471,114,received,transaction,2347 
471,109,received,transaction,2348 
471,115,received,transaction,2348 
471,116,received,transaction,2348 
473,114,received,transaction,2348 
473,101,received,transaction,2348 
474,117,received,transaction,2348 
474,102,received,transaction,2348 
474,111,received,transaction,2348 
475,118,received,transaction,2348 
477,101,received,transaction,2346 
477,107,received,transaction,2348 
478,113,received,transaction,2348 
478,108,received,transaction,2348 
479, 100,Appended, Transaction, 2349
479, 100, broadcasting, data, 2349
479,103,received,transaction,2348 
479,114,received,transaction,2349 
480,112,received,transaction,2349 
480,110,received,transaction,2349 
480,106,received,transaction,2349 
480,118,received,transaction,2349 
481,105,received,transaction,2348 
481,115,received,transaction,2349 
481,116,received,transaction,2349 
482,108,received,transaction,2349 
482,103,received,transaction,2349 
483,101,received,transaction,2349 
483,104,received,transaction,2349 
484,104,received,transaction,2348 
484,102,received,transaction,2349 
485,113,received,transaction,2349 
486,111,received,transaction,2349 
487,105,received,transaction,2349 
488,106,received,transaction,2348 
489, 100,Appended, Transaction, 2350
489, 100, broadcasting, data, 2350
490,106,received,transaction,2350 
490,110,received,transaction,2350 
490,118,received,transaction,2350 
490,109,received,transaction,2349 
491,112,received,transaction,2350 
493,107,received,transaction,2349 
493,110,received,transaction,2348 
493,117,received,transaction,2349 
494,116,received,transaction,2350 
494,104,received,transaction,2350 
494,111,received,transaction,2350 
494,103,received,transaction,2350 
494,109,received,transaction,2350 
497,105,received,transaction,2350 
497,102,received,transaction,2350 
498,117,received,transaction,2350 
499,107,received,transaction,2350 
499, 100,Appended, Transaction, 2351
499, 100, broadcasting, data, 2351
499,108,received,transaction,2351 
Simulation ended
