0,100, generated, node, -
0,101, generated, node, -
0,102, generated, node, -
0,103, generated, node, -
0,104, generated, node, -
0,105, generated, node, -
0,106, generated, node, -
0,107, generated, node, -
0,108, generated, node, -
0,109, generated, node, -
0,110, generated, node, -
0,111, generated, node, -
0,112, generated, node, -
0,113, generated, node, -
0,114, generated, node, -
0,115, generated, node, -
0,116, generated, node, -
0,117, generated, node, -
0,118, generated, node, -
0, 114,Appended, Transaction, 2301
0, 114, broadcasting, data, 2301
0,103,received,transaction,2301 
1,117,received,transaction,2301 
1,118,received,transaction,2301 
2,108,received,transaction,2301 
2,107,received,transaction,2301 
3,102,received,transaction,2301 
3,101,received,transaction,2301 
3,113,received,transaction,2301 
3,106,received,transaction,2301 
5,100,received,transaction,2301 
5,105,received,transaction,2301 
6,109,received,transaction,2301 
6,116,received,transaction,2301 
9, 114,Appended, Transaction, 2302
9, 114, broadcasting, data, 2302
10,115,received,transaction,2301 
11,111,received,transaction,2302 
11,103,received,transaction,2302 
11,117,received,transaction,2302 
11,112,received,transaction,2301 
11,106,received,transaction,2302 
12,111,received,transaction,2301 
13,105,received,transaction,2302 
13,110,received,transaction,2302 
13,116,received,transaction,2302 
14,104,received,transaction,2302 
14,112,received,transaction,2302 
16,107,received,transaction,2302 
16,118,received,transaction,2302 
17,110,received,transaction,2301 
17,109,received,transaction,2302 
18,113,received,transaction,2302 
19,115,received,transaction,2302 
19, 112,Appended, Transaction, 2303
19, 112, broadcasting, data, 2303
21,108,received,transaction,2302 
21,104,received,transaction,2303 
21,115,received,transaction,2303 
21,118,received,transaction,2303 
21,101,received,transaction,2303 
21,105,received,transaction,2303 
22,109,received,transaction,2303 
22,113,received,transaction,2303 
22,104,received,transaction,2301 
23,102,received,transaction,2302 
24,110,received,transaction,2303 
24,107,received,transaction,2303 
24,114,received,transaction,2303 
24,102,received,transaction,2303 
24,101,received,transaction,2302 
26,108,received,transaction,2303 
27,111,received,transaction,2303 
28,100,received,transaction,2303 
29,103,received,transaction,2303 
29, 116,Appended, Transaction, 2304
29, 116, broadcasting, data, 2304
31,106,received,transaction,2303 
31,116,received,transaction,2303 
31,105,received,transaction,2304 
31,115,received,transaction,2304 
31,118,received,transaction,2304 
32,117,received,transaction,2303 
32,111,received,transaction,2304 
32,113,received,transaction,2304 
32,101,received,transaction,2304 
33,103,received,transaction,2304 
34,100,received,transaction,2302 
34,102,received,transaction,2304 
34,114,received,transaction,2304 
35,106,received,transaction,2304 
36,104,received,transaction,2304 
37,100,received,transaction,2304 
37,108,received,transaction,2304 
39,107,received,transaction,2304 
39, 108,Appended, Transaction, 2305
39, 108, broadcasting, data, 2305
40,102,received,transaction,2305 
40,105,received,transaction,2305 
41,109,received,transaction,2304 
41,114,received,transaction,2305 
42,117,received,transaction,2305 
44,103,received,transaction,2305 
44,104,received,transaction,2305 
45,100,received,transaction,2305 
45,110,received,transaction,2304 
46,110,received,transaction,2305 
47,117,received,transaction,2304 
48,109,received,transaction,2305 
49, 114,Appended, Transaction, 2306
49, 114, broadcasting, data, 2306
