0,100, generated, node, -
0,101, generated, node, -
0,102, generated, node, -
0,103, generated, node, -
0,104, generated, node, -
0,105, generated, node, -
0,106, generated, node, -
0,107, generated, node, -
0,108, generated, node, -
0,109, generated, node, -
0,110, generated, node, -
0,111, generated, node, -
0,112, generated, node, -
0,113, generated, node, -
0,114, generated, node, -
0,115, generated, node, -
0,116, generated, node, -
0,117, generated, node, -
0,118, generated, node, -
0, 100,Appended, Transaction, 2301
0, 100, broadcasting, data, 2301
0,105,received,transaction,2301 
1,106,received,transaction,2301 
1,110,received,transaction,2301 
1,118,received,transaction,2301 
1,104,received,transaction,2301 
2,112,received,transaction,2301 
2,115,received,transaction,2301 
3,103,received,transaction,2301 
3,109,received,transaction,2301 
5,114,received,transaction,2301 
5,117,received,transaction,2301 
5,107,received,transaction,2301 
6,101,received,transaction,2301 
7,113,received,transaction,2301 
7,108,received,transaction,2301 
10, 100,Appended, Transaction, 2302
10, 100, broadcasting, data, 2302
11,106,received,transaction,2302 
11,110,received,transaction,2302 
11,114,received,transaction,2302 
11,102,received,transaction,2301 
12,112,received,transaction,2302 
12,115,received,transaction,2302 
12,116,received,transaction,2302 
12,109,received,transaction,2302 
12,111,received,transaction,2301 
12,107,received,transaction,2302 
14,104,received,transaction,2302 
14,116,received,transaction,2301 
15,113,received,transaction,2302 
15,105,received,transaction,2302 
15,108,received,transaction,2302 
16,111,received,transaction,2302 
19,117,received,transaction,2302 
19,118,received,transaction,2302 
20, 100,Appended, Transaction, 2303
20, 100, broadcasting, data, 2303
21,114,received,transaction,2303 
21,110,received,transaction,2303 
21,118,received,transaction,2303 
21,116,received,transaction,2303 
22,102,received,transaction,2303 
22,109,received,transaction,2303 
22,112,received,transaction,2303 
22,115,received,transaction,2303 
22,105,received,transaction,2303 
22,113,received,transaction,2303 
24,106,received,transaction,2303 
25,101,received,transaction,2303 
25,103,received,transaction,2302 
29,104,received,transaction,2303 
29,108,received,transaction,2303 
30, 100,Appended, Transaction, 2304
30, 100, broadcasting, data, 2304
30,102,received,transaction,2302 
31,106,received,transaction,2304 
31,110,received,transaction,2304 
31,118,received,transaction,2304 
32,112,received,transaction,2304 
32,113,received,transaction,2304 
32,111,received,transaction,2303 
32,105,received,transaction,2304 
33,116,received,transaction,2304 
33,107,received,transaction,2304 
34,104,received,transaction,2304 
34,117,received,transaction,2304 
35,103,received,transaction,2304 
35,102,received,transaction,2304 
37,109,received,transaction,2304 
37,103,received,transaction,2303 
37,101,received,transaction,2304 
38,107,received,transaction,2303 
38,111,received,transaction,2304 
40, 100,Appended, Transaction, 2305
40, 100, broadcasting, data, 2305
40,115,received,transaction,2304 
40,101,received,transaction,2302 
40,103,received,transaction,2305 
40,108,received,transaction,2304 
40,114,received,transaction,2304 
40,113,received,transaction,2305 
41,110,received,transaction,2305 
41,118,received,transaction,2305 
42,105,received,transaction,2305 
42,115,received,transaction,2305 
42,116,received,transaction,2305 
42,106,received,transaction,2305 
44,104,received,transaction,2305 
45,111,received,transaction,2305 
48,108,received,transaction,2305 
48,107,received,transaction,2305 
49,117,received,transaction,2305 
50,102,received,transaction,2305 
50, 100,Appended, Transaction, 2306
50, 100, broadcasting, data, 2306
50,116,received,transaction,2306 
51,106,received,transaction,2306 
51,110,received,transaction,2306 
51,118,received,transaction,2306 
51,112,received,transaction,2305 
52,105,received,transaction,2306 
52,109,received,transaction,2306 
52,102,received,transaction,2306 
53,117,received,transaction,2303 
53,101,received,transaction,2305 
53,103,received,transaction,2306 
54,104,received,transaction,2306 
55,113,received,transaction,2306 
55,114,received,transaction,2306 
55,109,received,transaction,2305 
57,111,received,transaction,2306 
57,115,received,transaction,2306 
58,101,received,transaction,2306 
59,108,received,transaction,2306 
59,114,received,transaction,2305 
60,117,received,transaction,2306 
60, 100,Appended, Transaction, 2307
60, 100, broadcasting, data, 2307
61,110,received,transaction,2307 
62,105,received,transaction,2307 
62,112,received,transaction,2307 
62,115,received,transaction,2307 
62,116,received,transaction,2307 
63,103,received,transaction,2307 
64,101,received,transaction,2307 
64,107,received,transaction,2307 
64,114,received,transaction,2307 
64,113,received,transaction,2307 
66,104,received,transaction,2307 
66,109,received,transaction,2307 
69,107,received,transaction,2306 
70, 100,Appended, Transaction, 2308
70, 100, broadcasting, data, 2308
70,108,received,transaction,2307 
70,102,received,transaction,2307 
70,118,received,transaction,2307 
71,117,received,transaction,2308 
71,118,received,transaction,2308 
71,113,received,transaction,2308 
72,104,received,transaction,2308 
72,106,received,transaction,2307 
72,114,received,transaction,2308 
73,107,received,transaction,2308 
74,112,received,transaction,2306 
74,111,received,transaction,2307 
74,102,received,transaction,2308 
74,109,received,transaction,2308 
75,111,received,transaction,2308 
75,112,received,transaction,2308 
76,117,received,transaction,2307 
76,106,received,transaction,2308 
76,115,received,transaction,2308 
78,105,received,transaction,2308 
78,101,received,transaction,2308 
80, 100,Appended, Transaction, 2309
80, 100, broadcasting, data, 2309
80,102,received,transaction,2309 
80,103,received,transaction,2309 
81,116,received,transaction,2308 
81,110,received,transaction,2309 
82,109,received,transaction,2309 
82,112,received,transaction,2309 
83,108,received,transaction,2308 
83,104,received,transaction,2309 
84,118,received,transaction,2309 
85,101,received,transaction,2309 
85,111,received,transaction,2309 
86,115,received,transaction,2309 
86,103,received,transaction,2308 
86,114,received,transaction,2309 
86,113,received,transaction,2309 
88,110,received,transaction,2308 
89,108,received,transaction,2309 
90, 100,Appended, Transaction, 2310
90, 100, broadcasting, data, 2310
90,101,received,transaction,2310 
90,110,received,transaction,2310 
90,107,received,transaction,2309 
91,106,received,transaction,2310 
91,118,received,transaction,2310 
91,116,received,transaction,2309 
91,106,received,transaction,2309 
92,105,received,transaction,2310 
92,116,received,transaction,2310 
92,117,received,transaction,2310 
92,105,received,transaction,2309 
93,103,received,transaction,2310 
93,102,received,transaction,2310 
94,111,received,transaction,2310 
95,112,received,transaction,2310 
100,115,received,transaction,2310 
100, 100,Appended, Transaction, 2311
100, 100, broadcasting, data, 2311
101,118,received,transaction,2311 
101,107,received,transaction,2310 
102,108,received,transaction,2311 
102,105,received,transaction,2311 
102,115,received,transaction,2311 
102,113,received,transaction,2311 
103,117,received,transaction,2309 
104,110,received,transaction,2311 
104,104,received,transaction,2311 
105,102,received,transaction,2311 
105,111,received,transaction,2311 
105,114,received,transaction,2311 
106,104,received,transaction,2310 
110, 100,Appended, Transaction, 2312
110, 100, broadcasting, data, 2312
110,108,received,transaction,2310 
110,112,received,transaction,2311 
110,115,received,transaction,2312 
111,105,received,transaction,2312 
111,109,received,transaction,2312 
111,118,received,transaction,2312 
111,109,received,transaction,2311 
112,112,received,transaction,2312 
112,113,received,transaction,2310 
113,103,received,transaction,2312 
114,104,received,transaction,2312 
114,116,received,transaction,2312 
114,114,received,transaction,2310 
114,107,received,transaction,2312 
115,111,received,transaction,2312 
115,106,received,transaction,2311 
115,110,received,transaction,2312 
116,109,received,transaction,2310 
116,114,received,transaction,2312 
117,116,received,transaction,2311 
118,103,received,transaction,2311 
119,102,received,transaction,2312 
119,107,received,transaction,2311 
119,117,received,transaction,2311 
120, 100,Appended, Transaction, 2313
120, 100, broadcasting, data, 2313
120,113,received,transaction,2313 
121,101,received,transaction,2313 
121,106,received,transaction,2313 
121,110,received,transaction,2313 
121,118,received,transaction,2313 
122,117,received,transaction,2312 
122,105,received,transaction,2313 
122,112,received,transaction,2313 
122,115,received,transaction,2313 
123,101,received,transaction,2312 
123,103,received,transaction,2313 
123,101,received,transaction,2311 
125,107,received,transaction,2313 
125,111,received,transaction,2313 
126,108,received,transaction,2313 
126,104,received,transaction,2313 
127,117,received,transaction,2313 
128,114,received,transaction,2313 
128,108,received,transaction,2312 
129,116,received,transaction,2313 
129,113,received,transaction,2312 
130, 100,Appended, Transaction, 2314
130, 100, broadcasting, data, 2314
131,111,received,transaction,2314 
131,118,received,transaction,2314 
131,106,received,transaction,2312 
131,109,received,transaction,2313 
132,109,received,transaction,2314 
132,115,received,transaction,2314 
132,116,received,transaction,2314 
133,104,received,transaction,2314 
134,110,received,transaction,2314 
134,102,received,transaction,2314 
134,105,received,transaction,2314 
134,103,received,transaction,2314 
134,117,received,transaction,2314 
136,112,received,transaction,2314 
136,106,received,transaction,2314 
140, 100,Appended, Transaction, 2315
140, 100, broadcasting, data, 2315
140,102,received,transaction,2313 
140,112,received,transaction,2315 
140,118,received,transaction,2315 
141,110,received,transaction,2315 
142,105,received,transaction,2315 
142,115,received,transaction,2315 
142,107,received,transaction,2314 
143,117,received,transaction,2315 
145,111,received,transaction,2315 
145,113,received,transaction,2315 
145,116,received,transaction,2315 
145,114,received,transaction,2315 
145,114,received,transaction,2314 
146,113,received,transaction,2314 
146,101,received,transaction,2315 
146,101,received,transaction,2314 
146,107,received,transaction,2315 
146,109,received,transaction,2315 
149,108,received,transaction,2315 
150, 100,Appended, Transaction, 2316
150, 100, broadcasting, data, 2316
150,104,received,transaction,2315 
151,118,received,transaction,2316 
151,110,received,transaction,2316 
152,109,received,transaction,2316 
152,112,received,transaction,2316 
152,116,received,transaction,2316 
152,108,received,transaction,2314 
153,114,received,transaction,2316 
154,104,received,transaction,2316 
155,101,received,transaction,2316 
155,102,received,transaction,2316 
155,113,received,transaction,2316 
155,106,received,transaction,2315 
157,103,received,transaction,2316 
158,103,received,transaction,2315 
159,108,received,transaction,2316 
160,102,received,transaction,2315 
160, 100,Appended, Transaction, 2317
160, 100, broadcasting, data, 2317
160,101,received,transaction,2317 
160,105,received,transaction,2316 
161,106,received,transaction,2317 
161,104,received,transaction,2317 
162,116,received,transaction,2317 
162,109,received,transaction,2317 
162,117,received,transaction,2316 
162,115,received,transaction,2316 
162,107,received,transaction,2316 
164,106,received,transaction,2316 
165,111,received,transaction,2317 
165,111,received,transaction,2316 
166,112,received,transaction,2317 
166,105,received,transaction,2317 
167,110,received,transaction,2317 
168,117,received,transaction,2317 
168,103,received,transaction,2317 
169,107,received,transaction,2317 
169,108,received,transaction,2317 
169,102,received,transaction,2317 
169,115,received,transaction,2317 
170, 100,Appended, Transaction, 2318
170, 100, broadcasting, data, 2318
171,109,received,transaction,2318 
171,106,received,transaction,2318 
171,118,received,transaction,2318 
171,107,received,transaction,2318 
172,115,received,transaction,2318 
172,116,received,transaction,2318 
174,105,received,transaction,2318 
174,110,received,transaction,2318 
175,114,received,transaction,2317 
176,114,received,transaction,2318 
176,118,received,transaction,2317 
177,113,received,transaction,2317 
177,104,received,transaction,2318 
180, 100,Appended, Transaction, 2319
180, 100, broadcasting, data, 2319
180,113,received,transaction,2318 
180,118,received,transaction,2319 
180,111,received,transaction,2318 
181,106,received,transaction,2319 
181,102,received,transaction,2318 
182,105,received,transaction,2319 
182,109,received,transaction,2319 
182,110,received,transaction,2319 
183,115,received,transaction,2319 
184,104,received,transaction,2319 
184,103,received,transaction,2318 
184,101,received,transaction,2318 
185,101,received,transaction,2319 
185,111,received,transaction,2319 
185,113,received,transaction,2319 
185,107,received,transaction,2319 
185,102,received,transaction,2319 
185,108,received,transaction,2318 
186,112,received,transaction,2318 
187,108,received,transaction,2319 
188,112,received,transaction,2319 
189, 100,Appended, Transaction, 2320
189, 100, broadcasting, data, 2320
190,112,received,transaction,2320 
190,110,received,transaction,2320 
190,118,received,transaction,2320 
191,114,received,transaction,2319 
191,117,received,transaction,2318 
192,117,received,transaction,2320 
192,116,received,transaction,2319 
192,117,received,transaction,2319 
193,105,received,transaction,2320 
194,109,received,transaction,2320 
194,101,received,transaction,2320 
194,111,received,transaction,2320 
195,116,received,transaction,2320 
197,103,received,transaction,2320 
199,102,received,transaction,2320 
199,115,received,transaction,2320 
199,104,received,transaction,2320 
200, 100,Appended, Transaction, 2321
200, 100, broadcasting, data, 2321
200,106,received,transaction,2320 
201,106,received,transaction,2321 
201,110,received,transaction,2321 
201,118,received,transaction,2321 
201,114,received,transaction,2320 
202,105,received,transaction,2321 
202,116,received,transaction,2321 
202,102,received,transaction,2321 
203,107,received,transaction,2320 
203,103,received,transaction,2319 
204,112,received,transaction,2321 
205,111,received,transaction,2321 
205,113,received,transaction,2321 
205,114,received,transaction,2321 
208,115,received,transaction,2321 
208,101,received,transaction,2321 
208,103,received,transaction,2321 
209,108,received,transaction,2320 
209,108,received,transaction,2321 
209, 100,Appended, Transaction, 2322
209, 100, broadcasting, data, 2322
210,104,received,transaction,2321 
210,106,received,transaction,2322 
211,118,received,transaction,2322 
211,103,received,transaction,2322 
211,105,received,transaction,2322 
211,109,received,transaction,2322 
211,116,received,transaction,2322 
213,113,received,transaction,2320 
214,101,received,transaction,2322 
214,114,received,transaction,2322 
215,110,received,transaction,2322 
215,107,received,transaction,2321 
215,109,received,transaction,2321 
217,113,received,transaction,2322 
217,115,received,transaction,2322 
217,107,received,transaction,2322 
218,117,received,transaction,2322 
219, 100,Appended, Transaction, 2323
219, 100, broadcasting, data, 2323
220,106,received,transaction,2323 
220,118,received,transaction,2323 
221,114,received,transaction,2323 
221,109,received,transaction,2323 
221,112,received,transaction,2323 
221,115,received,transaction,2323 
221,116,received,transaction,2323 
222,117,received,transaction,2321 
223,102,received,transaction,2323 
223,104,received,transaction,2323 
224,108,received,transaction,2322 
224,111,received,transaction,2323 
224,103,received,transaction,2323 
227,107,received,transaction,2323 
228,117,received,transaction,2323 
229, 100,Appended, Transaction, 2324
229, 100, broadcasting, data, 2324
229,110,received,transaction,2323 
230,113,received,transaction,2323 
230,106,received,transaction,2324 
230,118,received,transaction,2324 
230,111,received,transaction,2322 
231,112,received,transaction,2322 
231,109,received,transaction,2324 
231,116,received,transaction,2324 
232,114,received,transaction,2324 
232,113,received,transaction,2324 
232,101,received,transaction,2323 
232,104,received,transaction,2322 
233,103,received,transaction,2324 
233,108,received,transaction,2323 
233,102,received,transaction,2324 
233,104,received,transaction,2324 
233,102,received,transaction,2322 
233,105,received,transaction,2323 
234,101,received,transaction,2324 
235,117,received,transaction,2324 
235,112,received,transaction,2324 
236,105,received,transaction,2324 
237,107,received,transaction,2324 
238,110,received,transaction,2324 
239, 100,Appended, Transaction, 2325
239, 100, broadcasting, data, 2325
240,110,received,transaction,2325 
240,118,received,transaction,2325 
241,105,received,transaction,2325 
241,112,received,transaction,2325 
243,102,received,transaction,2325 
243,117,received,transaction,2325 
243,115,received,transaction,2325 
244,111,received,transaction,2325 
245,106,received,transaction,2325 
245,104,received,transaction,2325 
245,109,received,transaction,2325 
245,115,received,transaction,2324 
245,101,received,transaction,2325 
245,116,received,transaction,2325 
247,108,received,transaction,2324 
247,108,received,transaction,2325 
247,103,received,transaction,2325 
248,113,received,transaction,2325 
249, 100,Appended, Transaction, 2326
249, 100, broadcasting, data, 2326
249,115,received,transaction,2326 
249,110,received,transaction,2326 
249,101,received,transaction,2326 
250,118,received,transaction,2326 
250,109,received,transaction,2326 
251,114,received,transaction,2325 
251,111,received,transaction,2324 
251,105,received,transaction,2326 
251,116,received,transaction,2326 
251,113,received,transaction,2326 
253,102,received,transaction,2326 
254,114,received,transaction,2326 
254,103,received,transaction,2326 
255,106,received,transaction,2326 
256,117,received,transaction,2326 
257,107,received,transaction,2326 
258,111,received,transaction,2326 
258,108,received,transaction,2326 
259, 100,Appended, Transaction, 2327
259, 100, broadcasting, data, 2327
260,110,received,transaction,2327 
260,112,received,transaction,2326 
260,113,received,transaction,2327 
261,109,received,transaction,2327 
261,112,received,transaction,2327 
261,115,received,transaction,2327 
261,116,received,transaction,2327 
262,102,received,transaction,2327 
262,107,received,transaction,2327 
262,103,received,transaction,2327 
262,107,received,transaction,2325 
263,104,received,transaction,2327 
264,114,received,transaction,2327 
264,118,received,transaction,2327 
264,106,received,transaction,2327 
264,101,received,transaction,2327 
264,104,received,transaction,2326 
266,108,received,transaction,2327 
269, 100,Appended, Transaction, 2328
269, 100, broadcasting, data, 2328
270,106,received,transaction,2328 
270,110,received,transaction,2328 
271,117,received,transaction,2327 
271,105,received,transaction,2328 
271,109,received,transaction,2328 
271,117,received,transaction,2328 
272,116,received,transaction,2328 
273,104,received,transaction,2328 
273,103,received,transaction,2328 
274,111,received,transaction,2327 
274,118,received,transaction,2328 
276,114,received,transaction,2328 
277,107,received,transaction,2328 
278,108,received,transaction,2328 
279, 100,Appended, Transaction, 2329
279, 100, broadcasting, data, 2329
280,102,received,transaction,2328 
280,113,received,transaction,2328 
281,112,received,transaction,2328 
281,105,received,transaction,2327 
281,109,received,transaction,2329 
281,112,received,transaction,2329 
281,116,received,transaction,2329 
283,111,received,transaction,2329 
283,104,received,transaction,2329 
283,110,received,transaction,2329 
283,106,received,transaction,2329 
283,101,received,transaction,2328 
284,114,received,transaction,2329 
284,115,received,transaction,2328 
286,101,received,transaction,2329 
286,118,received,transaction,2329 
287,111,received,transaction,2328 
288,107,received,transaction,2329 
288,105,received,transaction,2329 
289, 100,Appended, Transaction, 2330
289, 100, broadcasting, data, 2330
290,106,received,transaction,2330 
290,110,received,transaction,2330 
290,118,received,transaction,2330 
290,102,received,transaction,2329 
290,115,received,transaction,2329 
291,105,received,transaction,2330 
291,109,received,transaction,2330 
291,112,received,transaction,2330 
291,116,received,transaction,2330 
291,117,received,transaction,2329 
293,104,received,transaction,2330 
293,113,received,transaction,2329 
294,103,received,transaction,2329 
294,111,received,transaction,2330 
294,113,received,transaction,2330 
294,117,received,transaction,2330 
294,108,received,transaction,2330 
294,103,received,transaction,2330 
294,115,received,transaction,2330 
294,101,received,transaction,2330 
295,114,received,transaction,2330 
299, 100,Appended, Transaction, 2331
299, 100, broadcasting, data, 2331
299,108,received,transaction,2329 
300,112,received,transaction,2331 
300,107,received,transaction,2330 
301,115,received,transaction,2331 
301,105,received,transaction,2331 
302,109,received,transaction,2331 
303,117,received,transaction,2331 
304,111,received,transaction,2331 
304,104,received,transaction,2331 
304,110,received,transaction,2331 
305,118,received,transaction,2331 
305,102,received,transaction,2330 
306,116,received,transaction,2331 
308,107,received,transaction,2331 
309, 100,Appended, Transaction, 2332
309, 100, broadcasting, data, 2332
310,102,received,transaction,2331 
310,101,received,transaction,2331 
311,109,received,transaction,2332 
311,112,received,transaction,2332 
311,115,received,transaction,2332 
312,103,received,transaction,2332 
312,114,received,transaction,2331 
313,103,received,transaction,2331 
313,106,received,transaction,2332 
314,111,received,transaction,2332 
314,101,received,transaction,2332 
314,108,received,transaction,2332 
315,116,received,transaction,2332 
315,104,received,transaction,2332 
316,108,received,transaction,2331 
317,106,received,transaction,2331 
319, 100,Appended, Transaction, 2333
319, 100, broadcasting, data, 2333
319,110,received,transaction,2333 
319,113,received,transaction,2332 
320,114,received,transaction,2333 
320,118,received,transaction,2332 
320,113,received,transaction,2331 
320,107,received,transaction,2332 
321,105,received,transaction,2333 
321,109,received,transaction,2333 
321,116,received,transaction,2333 
321,114,received,transaction,2332 
322,113,received,transaction,2333 
322,103,received,transaction,2333 
323,117,received,transaction,2333 
324,108,received,transaction,2333 
324,110,received,transaction,2332 
324,111,received,transaction,2333 
326,117,received,transaction,2332 
327,118,received,transaction,2333 
328,104,received,transaction,2333 
328,101,received,transaction,2333 
328,102,received,transaction,2333 
328,105,received,transaction,2332 
329, 100,Appended, Transaction, 2334
329, 100, broadcasting, data, 2334
329,114,received,transaction,2334 
329,110,received,transaction,2334 
329,112,received,transaction,2333 
329,107,received,transaction,2333 
330,106,received,transaction,2333 
330,106,received,transaction,2334 
331,111,received,transaction,2334 
331,109,received,transaction,2334 
331,112,received,transaction,2334 
331,115,received,transaction,2334 
331,115,received,transaction,2333 
332,102,received,transaction,2332 
332,103,received,transaction,2334 
333,104,received,transaction,2334 
333,116,received,transaction,2334 
334,113,received,transaction,2334 
336,118,received,transaction,2334 
337,107,received,transaction,2334 
339, 100,Appended, Transaction, 2335
339, 100, broadcasting, data, 2335
339,105,received,transaction,2335 
340,106,received,transaction,2335 
341,118,received,transaction,2335 
341,109,received,transaction,2335 
341,115,received,transaction,2335 
341,105,received,transaction,2334 
342,112,received,transaction,2335 
342,101,received,transaction,2334 
343,104,received,transaction,2335 
344,114,received,transaction,2335 
344,102,received,transaction,2335 
344,111,received,transaction,2335 
345,102,received,transaction,2334 
346,110,received,transaction,2335 
346,117,received,transaction,2334 
347,108,received,transaction,2334 
348,101,received,transaction,2335 
348,117,received,transaction,2335 
349, 100,Appended, Transaction, 2336
349, 100, broadcasting, data, 2336
350,106,received,transaction,2336 
350,110,received,transaction,2336 
350,118,received,transaction,2336 
351,109,received,transaction,2336 
351,112,received,transaction,2336 
351,116,received,transaction,2336 
351,103,received,transaction,2335 
352,101,received,transaction,2336 
353,116,received,transaction,2335 
354,108,received,transaction,2335 
354,102,received,transaction,2336 
355,108,received,transaction,2336 
358,105,received,transaction,2336 
358,117,received,transaction,2336 
359, 100,Appended, Transaction, 2337
359, 100, broadcasting, data, 2337
359,104,received,transaction,2336 
360,111,received,transaction,2337 
360,110,received,transaction,2337 
361,108,received,transaction,2337 
361,116,received,transaction,2337 
361,103,received,transaction,2337 
362,102,received,transaction,2337 
362,113,received,transaction,2335 
362,109,received,transaction,2337 
362,112,received,transaction,2337 
363,107,received,transaction,2335 
363,103,received,transaction,2336 
364,113,received,transaction,2337 
364,115,received,transaction,2336 
364,104,received,transaction,2337 
366,114,received,transaction,2337 
367,114,received,transaction,2336 
367,115,received,transaction,2337 
368,106,received,transaction,2337 
368,113,received,transaction,2336 
369, 100,Appended, Transaction, 2338
369, 100, broadcasting, data, 2338
370,105,received,transaction,2338 
370,117,received,transaction,2337 
370,107,received,transaction,2336 
370,110,received,transaction,2338 
370,118,received,transaction,2338 
371,112,received,transaction,2338 
371,116,received,transaction,2338 
372,103,received,transaction,2338 
373,111,received,transaction,2336 
374,114,received,transaction,2338 
374,101,received,transaction,2338 
375,113,received,transaction,2338 
376,102,received,transaction,2338 
376,118,received,transaction,2337 
377,101,received,transaction,2337 
377,105,received,transaction,2337 
378,109,received,transaction,2338 
379,106,received,transaction,2338 
379, 100,Appended, Transaction, 2339
379, 100, broadcasting, data, 2339
380,106,received,transaction,2339 
380,118,received,transaction,2339 
380,115,received,transaction,2338 
381,105,received,transaction,2339 
381,109,received,transaction,2339 
381,112,received,transaction,2339 
382,115,received,transaction,2339 
382,103,received,transaction,2339 
382,113,received,transaction,2339 
383,111,received,transaction,2338 
383,116,received,transaction,2339 
384,104,received,transaction,2338 
384,108,received,transaction,2339 
384,101,received,transaction,2339 
384,102,received,transaction,2339 
384,114,received,transaction,2339 
386,111,received,transaction,2339 
387,107,received,transaction,2339 
388,107,received,transaction,2338 
388,107,received,transaction,2337 
388,104,received,transaction,2339 
389, 100,Appended, Transaction, 2340
389, 100, broadcasting, data, 2340
390,106,received,transaction,2340 
390,116,received,transaction,2340 
390,118,received,transaction,2340 
390,110,received,transaction,2340 
391,117,received,transaction,2340 
391,105,received,transaction,2340 
391,109,received,transaction,2340 
391,112,received,transaction,2340 
391,115,received,transaction,2340 
392,111,received,transaction,2340 
392,103,received,transaction,2340 
393,110,received,transaction,2339 
393,108,received,transaction,2340 
394,117,received,transaction,2338 
396,117,received,transaction,2339 
397,113,received,transaction,2340 
397,108,received,transaction,2338 
399,104,received,transaction,2340 
399, 100,Appended, Transaction, 2341
399, 100, broadcasting, data, 2341
400,101,received,transaction,2340 
400,118,received,transaction,2341 
400,104,received,transaction,2341 
400,106,received,transaction,2341 
401,112,received,transaction,2341 
402,107,received,transaction,2341 
402,114,received,transaction,2340 
402,103,received,transaction,2341 
403,107,received,transaction,2340 
403,105,received,transaction,2341 
403,109,received,transaction,2341 
404,108,received,transaction,2341 
404,101,received,transaction,2341 
404,111,received,transaction,2341 
405,110,received,transaction,2341 
405,102,received,transaction,2341 
405,114,received,transaction,2341 
406,102,received,transaction,2340 
409, 100,Appended, Transaction, 2342
409, 100, broadcasting, data, 2342
410,113,received,transaction,2341 
410,106,received,transaction,2342 
410,110,received,transaction,2342 
410,118,received,transaction,2342 
411,109,received,transaction,2342 
411,105,received,transaction,2342 
411,115,received,transaction,2342 
411,116,received,transaction,2342 
413,104,received,transaction,2342 
413,117,received,transaction,2341 
414,111,received,transaction,2342 
414,102,received,transaction,2342 
414,113,received,transaction,2342 
415,112,received,transaction,2342 
417,115,received,transaction,2341 
417,107,received,transaction,2342 
418,101,received,transaction,2342 
418,116,received,transaction,2341 
419,103,received,transaction,2342 
419, 100,Appended, Transaction, 2343
419, 100, broadcasting, data, 2343
420,110,received,transaction,2343 
421,103,received,transaction,2343 
421,114,received,transaction,2342 
421,115,received,transaction,2343 
421,108,received,transaction,2342 
422,117,received,transaction,2342 
422,109,received,transaction,2343 
422,101,received,transaction,2343 
423,118,received,transaction,2343 
424,111,received,transaction,2343 
425,112,received,transaction,2343 
427,116,received,transaction,2343 
427,104,received,transaction,2343 
428,106,received,transaction,2343 
428,108,received,transaction,2343 
429,105,received,transaction,2343 
430, 100,Appended, Transaction, 2344
430, 100, broadcasting, data, 2344
430,115,received,transaction,2344 
431,118,received,transaction,2344 
431,108,received,transaction,2344 
432,109,received,transaction,2344 
432,112,received,transaction,2344 
432,116,received,transaction,2344 
432,114,received,transaction,2344 
433,103,received,transaction,2344 
434,113,received,transaction,2343 
434,104,received,transaction,2344 
435,102,received,transaction,2344 
435,107,received,transaction,2343 
435,106,received,transaction,2344 
435,101,received,transaction,2344 
438,102,received,transaction,2343 
438,107,received,transaction,2344 
439,117,received,transaction,2344 
439,117,received,transaction,2343 
439,114,received,transaction,2343 
440, 100,Appended, Transaction, 2345
440, 100, broadcasting, data, 2345
440,106,received,transaction,2345 
441,110,received,transaction,2345 
441,105,received,transaction,2344 
442,105,received,transaction,2345 
442,109,received,transaction,2345 
442,116,received,transaction,2345 
443,103,received,transaction,2345 
443,113,received,transaction,2344 
443,118,received,transaction,2345 
445,111,received,transaction,2345 
445,113,received,transaction,2345 
445,114,received,transaction,2345 
445,104,received,transaction,2345 
445,101,received,transaction,2345 
446,111,received,transaction,2344 
448,117,received,transaction,2345 
449,108,received,transaction,2345 
449,110,received,transaction,2344 
449,102,received,transaction,2345 
449, 100,Appended, Transaction, 2346
449, 100, broadcasting, data, 2346
451,110,received,transaction,2346 
451,115,received,transaction,2345 
451,105,received,transaction,2346 
452,107,received,transaction,2345 
452,103,received,transaction,2346 
454,106,received,transaction,2346 
454,109,received,transaction,2346 
454,101,received,transaction,2346 
455,118,received,transaction,2346 
455,115,received,transaction,2346 
456,111,received,transaction,2346 
457,108,received,transaction,2346 
457,117,received,transaction,2346 
457,113,received,transaction,2346 
459,104,received,transaction,2346 
460, 100,Appended, Transaction, 2347
460, 100, broadcasting, data, 2347
460,109,received,transaction,2347 
460,108,received,transaction,2347 
461,106,received,transaction,2347 
461,116,received,transaction,2346 
462,115,received,transaction,2347 
462,102,received,transaction,2346 
463,103,received,transaction,2347 
463,110,received,transaction,2347 
465,116,received,transaction,2347 
465,101,received,transaction,2347 
465,113,received,transaction,2347 
466,112,received,transaction,2346 
469,102,received,transaction,2347 
469,105,received,transaction,2347 
469,112,received,transaction,2347 
469,117,received,transaction,2347 
469, 100,Appended, Transaction, 2348
469, 100, broadcasting, data, 2348
470,104,received,transaction,2348 
470,115,received,transaction,2348 
470,106,received,transaction,2348 
470,110,received,transaction,2348 
470,107,received,transaction,2347 
471,114,received,transaction,2346 
471,105,received,transaction,2348 
471,109,received,transaction,2348 
471,116,received,transaction,2348 
471,107,received,transaction,2346 
472,113,received,transaction,2348 
472,104,received,transaction,2347 
472,111,received,transaction,2348 
472,112,received,transaction,2345 
473,102,received,transaction,2348 
473,118,received,transaction,2347 
474,103,received,transaction,2348 
474,101,received,transaction,2348 
475,112,received,transaction,2348 
475,117,received,transaction,2348 
476,114,received,transaction,2347 
477,114,received,transaction,2348 
477,107,received,transaction,2348 
478,118,received,transaction,2348 
478,108,received,transaction,2348 
479, 100,Appended, Transaction, 2349
479, 100, broadcasting, data, 2349
479,113,received,transaction,2349 
480,111,received,transaction,2349 
481,109,received,transaction,2349 
481,115,received,transaction,2349 
481,116,received,transaction,2349 
482,110,received,transaction,2349 
483,111,received,transaction,2347 
483,104,received,transaction,2349 
484,102,received,transaction,2349 
485,101,received,transaction,2349 
488,117,received,transaction,2349 
488,107,received,transaction,2349 
488,103,received,transaction,2349 
489,108,received,transaction,2349 
489,118,received,transaction,2349 
489, 100,Appended, Transaction, 2350
489, 100, broadcasting, data, 2350
489,106,received,transaction,2349 
490,105,received,transaction,2349 
490,110,received,transaction,2350 
491,103,received,transaction,2350 
491,118,received,transaction,2350 
491,105,received,transaction,2350 
491,112,received,transaction,2350 
492,116,received,transaction,2350 
492,108,received,transaction,2350 
492,107,received,transaction,2350 
493,106,received,transaction,2350 
493,109,received,transaction,2350 
493,104,received,transaction,2350 
494,114,received,transaction,2349 
494,113,received,transaction,2350 
494,114,received,transaction,2350 
496,111,received,transaction,2350 
497,115,received,transaction,2350 
498,102,received,transaction,2350 
499, 100,Appended, Transaction, 2351
499, 100, broadcasting, data, 2351
Simulation ended
