0,100, generated, node, -
0,101, generated, node, -
0,102, generated, node, -
0,103, generated, node, -
0,104, generated, node, -
0,105, generated, node, -
0,106, generated, node, -
0,107, generated, node, -
0,108, generated, node, -
0,109, generated, node, -
0,110, generated, node, -
0,111, generated, node, -
0,112, generated, node, -
0,113, generated, node, -
0,114, generated, node, -
0,115, generated, node, -
0,116, generated, node, -
0,117, generated, node, -
0,118, generated, node, -
0, 100,Appended, Transaction, 2301
0, 100, broadcasting, data, 2301
1,110,received,transaction,2301 
1,118,received,transaction,2301 
1,111,received,transaction,2301 
1,106,received,transaction,2301 
1,103,received,transaction,2301 
1,102,received,transaction,2301 
2,109,received,transaction,2301 
2,115,received,transaction,2301 
2,116,received,transaction,2301 
3,114,received,transaction,2301 
3,101,received,transaction,2301 
5,108,received,transaction,2301 
7,113,received,transaction,2301 
7,112,received,transaction,2301 
8,107,received,transaction,2301 
9,117,received,transaction,2301 
9, 100,Appended, Transaction, 2302
9, 100, broadcasting, data, 2302
10,110,received,transaction,2302 
12,102,received,transaction,2302 
12,116,received,transaction,2302 
13,104,received,transaction,2302 
14,106,received,transaction,2302 
14,104,received,transaction,2301 
14,109,received,transaction,2302 
14,101,received,transaction,2302 
14,114,received,transaction,2302 
15,105,received,transaction,2301 
16,111,received,transaction,2302 
17,105,received,transaction,2302 
18,108,received,transaction,2302 
20, 100,Appended, Transaction, 2303
20, 100, broadcasting, data, 2303
21,106,received,transaction,2303 
22,118,received,transaction,2302 
22,117,received,transaction,2303 
22,113,received,transaction,2302 
22,112,received,transaction,2302 
22,115,received,transaction,2302 
23,110,received,transaction,2303 
24,101,received,transaction,2303 
25,111,received,transaction,2303 
25,115,received,transaction,2303 
25,113,received,transaction,2303 
26,104,received,transaction,2303 
27,105,received,transaction,2303 
27,103,received,transaction,2302 
27,112,received,transaction,2303 
27,108,received,transaction,2303 
28,114,received,transaction,2303 
29,117,received,transaction,2302 
29,116,received,transaction,2303 
29, 100,Appended, Transaction, 2304
29, 100, broadcasting, data, 2304
30,110,received,transaction,2304 
31,107,received,transaction,2302 
31,113,received,transaction,2304 
31,104,received,transaction,2304 
31,105,received,transaction,2304 
31,115,received,transaction,2304 
32,109,received,transaction,2304 
32,118,received,transaction,2303 
32,103,received,transaction,2304 
34,103,received,transaction,2303 
34,114,received,transaction,2304 
35,109,received,transaction,2303 
35,118,received,transaction,2304 
35,102,received,transaction,2304 
36,107,received,transaction,2303 
36,112,received,transaction,2304 
36,117,received,transaction,2304 
38,102,received,transaction,2303 
38,106,received,transaction,2304 
38,108,received,transaction,2304 
39,111,received,transaction,2304 
39, 100,Appended, Transaction, 2305
39, 100, broadcasting, data, 2305
39,108,received,transaction,2305 
40,106,received,transaction,2305 
40,110,received,transaction,2305 
40,118,received,transaction,2305 
41,102,received,transaction,2305 
41,107,received,transaction,2304 
41,109,received,transaction,2305 
42,101,received,transaction,2304 
42,103,received,transaction,2305 
43,116,received,transaction,2304 
43,104,received,transaction,2305 
44,115,received,transaction,2305 
44,116,received,transaction,2305 
44,101,received,transaction,2305 
44,114,received,transaction,2305 
45,113,received,transaction,2305 
45,117,received,transaction,2305 
46,111,received,transaction,2305 
48,105,received,transaction,2305 
48,112,received,transaction,2305 
