0,100, generated, node, -
0,101, generated, node, -
0,102, generated, node, -
0,103, generated, node, -
0,104, generated, node, -
0,105, generated, node, -
0,106, generated, node, -
0,107, generated, node, -
0,108, generated, node, -
0,109, generated, node, -
0,110, generated, node, -
0,111, generated, node, -
0,112, generated, node, -
0,113, generated, node, -
0,114, generated, node, -
0,115, generated, node, -
0,116, generated, node, -
0,117, generated, node, -
0,118, generated, node, -
0, 100,Appended, Transaction, 2301
0, 100, broadcasting, data, 2301
1,110,received,transaction,2301 
1,111,received,transaction,2301 
1,113,received,transaction,2301 
2,105,received,transaction,2301 
2,112,received,transaction,2301 
2,116,received,transaction,2301 
3,103,received,transaction,2301 
4,114,received,transaction,2301 
6,101,received,transaction,2301 
8,118,received,transaction,2301 
10,106,received,transaction,2301 
10, 100,Appended, Transaction, 2302
10, 100, broadcasting, data, 2302
10,104,received,transaction,2301 
10,109,received,transaction,2301 
11,118,received,transaction,2302 
12,112,received,transaction,2302 
12,115,received,transaction,2302 
12,116,received,transaction,2302 
12,106,received,transaction,2302 
13,103,received,transaction,2302 
13,110,received,transaction,2302 
14,104,received,transaction,2302 
14,105,received,transaction,2302 
15,101,received,transaction,2302 
15,102,received,transaction,2302 
15,111,received,transaction,2302 
15,107,received,transaction,2302 
16,102,received,transaction,2301 
16,108,received,transaction,2301 
18,117,received,transaction,2301 
19,107,received,transaction,2301 
19,115,received,transaction,2301 
20, 100,Appended, Transaction, 2303
20, 100, broadcasting, data, 2303
20,109,received,transaction,2302 
20,102,received,transaction,2303 
21,104,received,transaction,2303 
22,109,received,transaction,2303 
22,113,received,transaction,2302 
22,107,received,transaction,2303 
23,116,received,transaction,2303 
23,106,received,transaction,2303 
23,117,received,transaction,2302 
24,110,received,transaction,2303 
25,101,received,transaction,2303 
25,111,received,transaction,2303 
25,113,received,transaction,2303 
26,103,received,transaction,2303 
28,115,received,transaction,2303 
29,114,received,transaction,2302 
29,108,received,transaction,2302 
30, 100,Appended, Transaction, 2304
30, 100, broadcasting, data, 2304
31,106,received,transaction,2304 
31,108,received,transaction,2304 
32,112,received,transaction,2304 
32,115,received,transaction,2304 
33,103,received,transaction,2304 
33,107,received,transaction,2304 
34,104,received,transaction,2304 
34,101,received,transaction,2304 
35,102,received,transaction,2304 
35,111,received,transaction,2304 
35,112,received,transaction,2303 
36,108,received,transaction,2303 
36,113,received,transaction,2304 
37,118,received,transaction,2303 
37,118,received,transaction,2304 
37,114,received,transaction,2303 
38,117,received,transaction,2304 
39,105,received,transaction,2304 
40,105,received,transaction,2303 
40, 100,Appended, Transaction, 2305
40, 100, broadcasting, data, 2305
41,118,received,transaction,2305 
41,110,received,transaction,2305 
41,114,received,transaction,2305 
42,112,received,transaction,2305 
42,115,received,transaction,2305 
42,103,received,transaction,2305 
43,109,received,transaction,2304 
43,117,received,transaction,2305 
43,106,received,transaction,2305 
44,108,received,transaction,2305 
44,105,received,transaction,2305 
45,101,received,transaction,2305 
45,102,received,transaction,2305 
45,110,received,transaction,2304 
46,117,received,transaction,2303 
47,116,received,transaction,2304 
48,104,received,transaction,2305 
50,116,received,transaction,2305 
50, 100,Appended, Transaction, 2306
50, 100, broadcasting, data, 2306
50,105,received,transaction,2306 
50,116,received,transaction,2306 
51,110,received,transaction,2306 
52,111,received,transaction,2305 
52,109,received,transaction,2306 
53,115,received,transaction,2306 
54,107,received,transaction,2305 
54,104,received,transaction,2306 
54,113,received,transaction,2305 
54,108,received,transaction,2306 
54,106,received,transaction,2306 
55,101,received,transaction,2306 
55,111,received,transaction,2306 
55,114,received,transaction,2306 
56,114,received,transaction,2304 
58,118,received,transaction,2306 
58,109,received,transaction,2305 
59,107,received,transaction,2306 
60, 100,Appended, Transaction, 2307
60, 100, broadcasting, data, 2307
60,111,received,transaction,2307 
61,118,received,transaction,2307 
61,102,received,transaction,2306 
62,112,received,transaction,2307 
62,115,received,transaction,2307 
62,116,received,transaction,2307 
62,117,received,transaction,2306 
63,103,received,transaction,2307 
63,110,received,transaction,2307 
64,113,received,transaction,2306 
64,103,received,transaction,2306 
65,101,received,transaction,2307 
65,102,received,transaction,2307 
65,106,received,transaction,2307 
65,108,received,transaction,2307 
66,104,received,transaction,2307 
66,112,received,transaction,2306 
68,107,received,transaction,2307 
69,114,received,transaction,2307 
70, 100,Appended, Transaction, 2308
70, 100, broadcasting, data, 2308
70,105,received,transaction,2307 
70,109,received,transaction,2307 
70,117,received,transaction,2307 
71,113,received,transaction,2307 
71,106,received,transaction,2308 
72,115,received,transaction,2308 
72,116,received,transaction,2308 
72,114,received,transaction,2308 
73,103,received,transaction,2308 
73,110,received,transaction,2308 
74,109,received,transaction,2308 
75,108,received,transaction,2308 
75,101,received,transaction,2308 
75,102,received,transaction,2308 
76,112,received,transaction,2308 
76,104,received,transaction,2308 
77,118,received,transaction,2308 
78,111,received,transaction,2308 
78,107,received,transaction,2308 
79,117,received,transaction,2308 
80, 100,Appended, Transaction, 2309
80, 100, broadcasting, data, 2309
81,111,received,transaction,2309 
81,105,received,transaction,2308 
81,106,received,transaction,2309 
81,110,received,transaction,2309 
81,118,received,transaction,2309 
82,103,received,transaction,2309 
82,105,received,transaction,2309 
85,102,received,transaction,2309 
87,113,received,transaction,2308 
88,114,received,transaction,2309 
88,108,received,transaction,2309 
88,101,received,transaction,2309 
88,109,received,transaction,2309 
89,117,received,transaction,2309 
90, 100,Appended, Transaction, 2310
90, 100, broadcasting, data, 2310
90,116,received,transaction,2309 
92,106,received,transaction,2310 
92,105,received,transaction,2310 
92,109,received,transaction,2310 
92,116,received,transaction,2310 
94,118,received,transaction,2310 
94,115,received,transaction,2309 
94,104,received,transaction,2309 
94,107,received,transaction,2309 
94,111,received,transaction,2310 
95,114,received,transaction,2310 
95,112,received,transaction,2310 
96,113,received,transaction,2309 
97,110,received,transaction,2310 
97,112,received,transaction,2309 
100,107,received,transaction,2310 
100, 100,Appended, Transaction, 2311
100, 100, broadcasting, data, 2311
101,115,received,transaction,2310 
101,109,received,transaction,2311 
101,101,received,transaction,2310 
101,118,received,transaction,2311 
102,105,received,transaction,2311 
102,116,received,transaction,2311 
102,113,received,transaction,2310 
103,102,received,transaction,2310 
103,103,received,transaction,2311 
104,115,received,transaction,2311 
104,106,received,transaction,2311 
105,108,received,transaction,2310 
105,101,received,transaction,2311 
105,111,received,transaction,2311 
105,114,received,transaction,2311 
105,112,received,transaction,2311 
105,108,received,transaction,2311 
106,117,received,transaction,2310 
107,113,received,transaction,2311 
108,103,received,transaction,2310 
109,117,received,transaction,2311 
109,104,received,transaction,2310 
110, 100,Appended, Transaction, 2312
110, 100, broadcasting, data, 2312
111,105,received,transaction,2312 
111,106,received,transaction,2312 
111,118,received,transaction,2312 
112,110,received,transaction,2312 
112,110,received,transaction,2311 
112,112,received,transaction,2312 
112,116,received,transaction,2312 
113,109,received,transaction,2312 
115,104,received,transaction,2311 
115,101,received,transaction,2312 
116,104,received,transaction,2312 
117,115,received,transaction,2312 
118,102,received,transaction,2312 
119,103,received,transaction,2312 
119,117,received,transaction,2312 
120,111,received,transaction,2312 
120, 100,Appended, Transaction, 2313
120, 100, broadcasting, data, 2313
120,113,received,transaction,2313 
121,114,received,transaction,2313 
121,106,received,transaction,2313 
121,110,received,transaction,2313 
121,118,received,transaction,2313 
122,114,received,transaction,2312 
122,102,received,transaction,2311 
122,105,received,transaction,2313 
122,115,received,transaction,2313 
124,107,received,transaction,2311 
124,107,received,transaction,2313 
124,104,received,transaction,2313 
124,103,received,transaction,2313 
125,112,received,transaction,2313 
125,101,received,transaction,2313 
125,102,received,transaction,2313 
125,111,received,transaction,2313 
126,113,received,transaction,2312 
129,109,received,transaction,2313 
129,117,received,transaction,2313 
130,107,received,transaction,2312 
130, 100,Appended, Transaction, 2314
130, 100, broadcasting, data, 2314
131,106,received,transaction,2314 
132,113,received,transaction,2314 
132,105,received,transaction,2314 
132,112,received,transaction,2314 
133,109,received,transaction,2314 
133,103,received,transaction,2314 
134,102,received,transaction,2314 
134,114,received,transaction,2314 
134,104,received,transaction,2314 
134,115,received,transaction,2314 
135,108,received,transaction,2313 
137,111,received,transaction,2314 
137,116,received,transaction,2313 
138,107,received,transaction,2314 
138,116,received,transaction,2314 
140, 100,Appended, Transaction, 2315
140, 100, broadcasting, data, 2315
141,108,received,transaction,2314 
142,115,received,transaction,2315 
142,117,received,transaction,2315 
142,110,received,transaction,2314 
142,112,received,transaction,2315 
142,105,received,transaction,2315 
143,106,received,transaction,2315 
143,109,received,transaction,2315 
143,103,received,transaction,2315 
144,102,received,transaction,2315 
145,113,received,transaction,2315 
145,114,received,transaction,2315 
148,101,received,transaction,2315 
148,107,received,transaction,2315 
149,108,received,transaction,2312 
149,117,received,transaction,2314 
149,118,received,transaction,2314 
149,118,received,transaction,2315 
150, 100,Appended, Transaction, 2316
150, 100, broadcasting, data, 2316
150,115,received,transaction,2316 
151,110,received,transaction,2316 
152,111,received,transaction,2316 
152,102,received,transaction,2316 
152,112,received,transaction,2316 
152,108,received,transaction,2315 
153,103,received,transaction,2316 
154,105,received,transaction,2316 
154,116,received,transaction,2316 
154,107,received,transaction,2316 
155,101,received,transaction,2314 
155,111,received,transaction,2315 
155,113,received,transaction,2316 
156,110,received,transaction,2315 
156,118,received,transaction,2316 
156,104,received,transaction,2315 
158,116,received,transaction,2315 
159,114,received,transaction,2316 
160,117,received,transaction,2316 
160, 100,Appended, Transaction, 2317
160, 100, broadcasting, data, 2317
160,106,received,transaction,2316 
161,101,received,transaction,2317 
161,109,received,transaction,2316 
161,110,received,transaction,2317 
161,118,received,transaction,2317 
162,109,received,transaction,2317 
162,105,received,transaction,2317 
162,112,received,transaction,2317 
162,116,received,transaction,2317 
164,106,received,transaction,2317 
165,111,received,transaction,2317 
165,113,received,transaction,2317 
165,114,received,transaction,2317 
166,104,received,transaction,2316 
166,115,received,transaction,2317 
167,101,received,transaction,2316 
167,108,received,transaction,2316 
169,103,received,transaction,2317 
169,117,received,transaction,2317 
170,107,received,transaction,2317 
170, 100,Appended, Transaction, 2318
170, 100, broadcasting, data, 2318
171,108,received,transaction,2317 
171,118,received,transaction,2318 
172,106,received,transaction,2318 
172,109,received,transaction,2318 
172,116,received,transaction,2318 
174,104,received,transaction,2318 
175,113,received,transaction,2318 
175,112,received,transaction,2318 
176,104,received,transaction,2317 
177,110,received,transaction,2318 
178,108,received,transaction,2318 
178,115,received,transaction,2318 
178,111,received,transaction,2318 
179,102,received,transaction,2317 
179,107,received,transaction,2318 
180, 100,Appended, Transaction, 2319
180, 100, broadcasting, data, 2319
181,106,received,transaction,2319 
181,102,received,transaction,2318 
181,112,received,transaction,2319 
182,111,received,transaction,2319 
183,116,received,transaction,2319 
183,110,received,transaction,2319 
183,103,received,transaction,2318 
183,114,received,transaction,2318 
183,103,received,transaction,2319 
184,102,received,transaction,2319 
184,117,received,transaction,2318 
184,101,received,transaction,2319 
186,105,received,transaction,2319 
187,115,received,transaction,2319 
187,101,received,transaction,2318 
189,117,received,transaction,2319 
190,108,received,transaction,2319 
190, 100,Appended, Transaction, 2320
190, 100, broadcasting, data, 2320
191,106,received,transaction,2320 
191,110,received,transaction,2320 
192,104,received,transaction,2319 
192,109,received,transaction,2320 
192,105,received,transaction,2318 
193,104,received,transaction,2320 
194,116,received,transaction,2320 
194,117,received,transaction,2320 
194,107,received,transaction,2319 
194,113,received,transaction,2319 
195,118,received,transaction,2320 
195,105,received,transaction,2320 
195,101,received,transaction,2320 
196,118,received,transaction,2319 
196,109,received,transaction,2319 
197,103,received,transaction,2320 
198,102,received,transaction,2320 
198,111,received,transaction,2320 
199,115,received,transaction,2320 
199,114,received,transaction,2320 
201, 100,Appended, Transaction, 2321
201, 100, broadcasting, data, 2321
201,112,received,transaction,2320 
202,112,received,transaction,2321 
203,105,received,transaction,2321 
204,103,received,transaction,2321 
204,110,received,transaction,2321 
205,115,received,transaction,2321 
205,118,received,transaction,2321 
206,102,received,transaction,2321 
206,114,received,transaction,2321 
207,111,received,transaction,2321 
207,114,received,transaction,2319 
207,109,received,transaction,2321 
207,106,received,transaction,2321 
208,107,received,transaction,2320 
209,107,received,transaction,2321 
209,116,received,transaction,2321 
210,117,received,transaction,2321 
211, 100,Appended, Transaction, 2322
211, 100, broadcasting, data, 2322
212,106,received,transaction,2322 
212,110,received,transaction,2322 
212,118,received,transaction,2322 
212,113,received,transaction,2320 
213,109,received,transaction,2322 
213,116,received,transaction,2322 
213,112,received,transaction,2322 
214,104,received,transaction,2321 
214,103,received,transaction,2322 
216,102,received,transaction,2322 
216,111,received,transaction,2322 
216,113,received,transaction,2322 
216,115,received,transaction,2322 
217,101,received,transaction,2321 
217,107,received,transaction,2322 
218,108,received,transaction,2322 
218,108,received,transaction,2321 
219,117,received,transaction,2322 
219,113,received,transaction,2321 
220,108,received,transaction,2320 
220,114,received,transaction,2322 
221, 100,Appended, Transaction, 2323
221, 100, broadcasting, data, 2323
221,105,received,transaction,2322 
221,118,received,transaction,2323 
222,106,received,transaction,2323 
222,110,received,transaction,2323 
222,104,received,transaction,2322 
223,105,received,transaction,2323 
223,109,received,transaction,2323 
223,115,received,transaction,2323 
223,116,received,transaction,2323 
223,113,received,transaction,2323 
225,101,received,transaction,2322 
225,112,received,transaction,2323 
226,102,received,transaction,2323 
226,107,received,transaction,2323 
226,103,received,transaction,2323 
229,111,received,transaction,2323 
230,114,received,transaction,2323 
231, 100,Appended, Transaction, 2324
231, 100, broadcasting, data, 2324
232,110,received,transaction,2324 
232,118,received,transaction,2324 
233,105,received,transaction,2324 
233,109,received,transaction,2324 
233,112,received,transaction,2324 
233,116,received,transaction,2324 
233,115,received,transaction,2324 
234,104,received,transaction,2323 
235,104,received,transaction,2324 
237,103,received,transaction,2324 
238,107,received,transaction,2324 
239,117,received,transaction,2324 
239,113,received,transaction,2324 
241, 100,Appended, Transaction, 2325
241, 100, broadcasting, data, 2325
242,106,received,transaction,2325 
242,110,received,transaction,2325 
242,118,received,transaction,2325 
242,108,received,transaction,2323 
242,106,received,transaction,2324 
242,101,received,transaction,2325 
243,108,received,transaction,2324 
243,102,received,transaction,2325 
244,102,received,transaction,2324 
245,104,received,transaction,2325 
246,101,received,transaction,2323 
246,111,received,transaction,2324 
246,114,received,transaction,2325 
246,105,received,transaction,2325 
246,117,received,transaction,2323 
247,109,received,transaction,2325 
247,103,received,transaction,2325 
248,101,received,transaction,2324 
249,114,received,transaction,2324 
249,117,received,transaction,2325 
249,115,received,transaction,2325 
251, 100,Appended, Transaction, 2326
251, 100, broadcasting, data, 2326
251,113,received,transaction,2326 
252,106,received,transaction,2326 
252,118,received,transaction,2326 
252,111,received,transaction,2326 
252,109,received,transaction,2326 
253,115,received,transaction,2326 
253,105,received,transaction,2326 
253,112,received,transaction,2326 
253,116,received,transaction,2326 
253,112,received,transaction,2325 
254,103,received,transaction,2326 
254,108,received,transaction,2325 
254,107,received,transaction,2325 
254,110,received,transaction,2326 
255,104,received,transaction,2326 
256,101,received,transaction,2326 
256,116,received,transaction,2325 
257,113,received,transaction,2325 
257,117,received,transaction,2326 
258,102,received,transaction,2326 
258,111,received,transaction,2325 
260,108,received,transaction,2326 
261, 100,Appended, Transaction, 2327
261, 100, broadcasting, data, 2327
262,116,received,transaction,2327 
263,105,received,transaction,2327 
263,112,received,transaction,2327 
263,115,received,transaction,2327 
264,103,received,transaction,2327 
265,106,received,transaction,2327 
266,113,received,transaction,2327 
266,114,received,transaction,2327 
266,104,received,transaction,2327 
266,101,received,transaction,2327 
267,109,received,transaction,2327 
267,118,received,transaction,2327 
268,114,received,transaction,2326 
269,107,received,transaction,2326 
270,102,received,transaction,2327 
271, 100,Appended, Transaction, 2328
271, 100, broadcasting, data, 2328
272,106,received,transaction,2328 
272,110,received,transaction,2328 
272,118,received,transaction,2328 
273,112,received,transaction,2328 
273,116,received,transaction,2328 
273,111,received,transaction,2327 
274,103,received,transaction,2328 
274,108,received,transaction,2328 
274,107,received,transaction,2328 
274,107,received,transaction,2327 
275,104,received,transaction,2328 
276,111,received,transaction,2328 
278,109,received,transaction,2328 
278,113,received,transaction,2328 
280, 100,Appended, Transaction, 2329
280, 100, broadcasting, data, 2329
280,116,received,transaction,2329 
281,103,received,transaction,2329 
281,110,received,transaction,2329 
281,106,received,transaction,2329 
282,115,received,transaction,2328 
282,110,received,transaction,2327 
282,105,received,transaction,2329 
282,112,received,transaction,2329 
282,115,received,transaction,2329 
283,108,received,transaction,2327 
283,117,received,transaction,2327 
283,114,received,transaction,2328 
284,102,received,transaction,2328 
285,111,received,transaction,2329 
285,107,received,transaction,2329 
286,101,received,transaction,2328 
289,109,received,transaction,2329 
290,114,received,transaction,2329 
290,108,received,transaction,2329 
290, 100,Appended, Transaction, 2330
290, 100, broadcasting, data, 2330
291,105,received,transaction,2328 
291,110,received,transaction,2330 
291,118,received,transaction,2330 
292,109,received,transaction,2330 
292,117,received,transaction,2328 
292,115,received,transaction,2330 
292,116,received,transaction,2330 
293,102,received,transaction,2329 
293,101,received,transaction,2329 
293,103,received,transaction,2330 
294,105,received,transaction,2330 
295,101,received,transaction,2330 
296,117,received,transaction,2330 
296,107,received,transaction,2330 
296,111,received,transaction,2330 
297,106,received,transaction,2330 
297,118,received,transaction,2329 
298,113,received,transaction,2329 
299,104,received,transaction,2329 
299,114,received,transaction,2330 
299,108,received,transaction,2330 
300,102,received,transaction,2330 
300, 100,Appended, Transaction, 2331
300, 100, broadcasting, data, 2331
300,104,received,transaction,2331 
301,117,received,transaction,2329 
301,106,received,transaction,2331 
302,108,received,transaction,2331 
302,109,received,transaction,2331 
302,112,received,transaction,2331 
302,116,received,transaction,2331 
303,105,received,transaction,2331 
306,113,received,transaction,2330 
306,115,received,transaction,2331 
307,103,received,transaction,2331 
307,112,received,transaction,2330 
307,114,received,transaction,2331 
307,104,received,transaction,2330 
308,107,received,transaction,2331 
309,113,received,transaction,2331 
309,117,received,transaction,2331 
310, 100,Appended, Transaction, 2332
310, 100, broadcasting, data, 2332
310,107,received,transaction,2332 
311,110,received,transaction,2332 
311,106,received,transaction,2332 
312,101,received,transaction,2331 
312,111,received,transaction,2331 
312,105,received,transaction,2332 
312,114,received,transaction,2332 
312,115,received,transaction,2332 
313,118,received,transaction,2332 
313,103,received,transaction,2332 
314,104,received,transaction,2332 
316,110,received,transaction,2331 
318,113,received,transaction,2332 
320, 100,Appended, Transaction, 2333
320, 100, broadcasting, data, 2333
321,114,received,transaction,2333 
321,102,received,transaction,2331 
321,113,received,transaction,2333 
321,106,received,transaction,2333 
321,118,received,transaction,2333 
322,112,received,transaction,2333 
322,116,received,transaction,2333 
324,116,received,transaction,2332 
324,103,received,transaction,2333 
324,117,received,transaction,2332 
325,108,received,transaction,2333 
325,102,received,transaction,2333 
326,101,received,transaction,2333 
327,110,received,transaction,2333 
327,109,received,transaction,2332 
327,112,received,transaction,2332 
328,111,received,transaction,2333 
328,105,received,transaction,2333 
328,101,received,transaction,2332 
329,115,received,transaction,2333 
329,118,received,transaction,2331 
329,117,received,transaction,2333 
330,102,received,transaction,2332 
330,104,received,transaction,2333 
330, 100,Appended, Transaction, 2334
330, 100, broadcasting, data, 2334
331,118,received,transaction,2334 
332,105,received,transaction,2334 
332,112,received,transaction,2334 
332,115,received,transaction,2334 
332,116,received,transaction,2334 
333,114,received,transaction,2334 
333,109,received,transaction,2333 
333,103,received,transaction,2334 
337,107,received,transaction,2334 
337,106,received,transaction,2334 
338,108,received,transaction,2332 
338,111,received,transaction,2332 
340,111,received,transaction,2334 
340, 100,Appended, Transaction, 2335
340, 100, broadcasting, data, 2335
341,107,received,transaction,2333 
341,118,received,transaction,2335 
342,115,received,transaction,2335 
342,113,received,transaction,2334 
342,109,received,transaction,2334 
342,105,received,transaction,2335 
342,109,received,transaction,2335 
342,112,received,transaction,2335 
342,116,received,transaction,2335 
343,103,received,transaction,2335 
344,102,received,transaction,2335 
344,117,received,transaction,2335 
344,117,received,transaction,2334 
345,114,received,transaction,2335 
345,101,received,transaction,2335 
346,111,received,transaction,2335 
346,102,received,transaction,2334 
346,101,received,transaction,2334 
348,104,received,transaction,2334 
348,107,received,transaction,2335 
349,110,received,transaction,2334 
349,104,received,transaction,2335 
350,108,received,transaction,2334 
350, 100,Appended, Transaction, 2336
350, 100, broadcasting, data, 2336
351,118,received,transaction,2336 
352,117,received,transaction,2336 
352,112,received,transaction,2336 
352,109,received,transaction,2336 
352,115,received,transaction,2336 
352,116,received,transaction,2336 
353,105,received,transaction,2336 
354,114,received,transaction,2336 
354,104,received,transaction,2336 
355,111,received,transaction,2336 
355,108,received,transaction,2335 
355,106,received,transaction,2336 
355,101,received,transaction,2336 
355,113,received,transaction,2336 
357,113,received,transaction,2335 
359,108,received,transaction,2336 
361, 100,Appended, Transaction, 2337
361, 100, broadcasting, data, 2337
361,104,received,transaction,2337 
362,106,received,transaction,2335 
362,110,received,transaction,2337 
362,103,received,transaction,2337 
363,109,received,transaction,2337 
363,112,received,transaction,2337 
363,110,received,transaction,2336 
365,110,received,transaction,2335 
365,106,received,transaction,2337 
366,111,received,transaction,2337 
366,113,received,transaction,2337 
366,114,received,transaction,2337 
367,118,received,transaction,2337 
367,102,received,transaction,2336 
369,107,received,transaction,2337 
369,105,received,transaction,2337 
370,116,received,transaction,2337 
370,103,received,transaction,2336 
371, 100,Appended, Transaction, 2338
371, 100, broadcasting, data, 2338
371,117,received,transaction,2337 
371,101,received,transaction,2337 
372,106,received,transaction,2338 
372,110,received,transaction,2338 
372,118,received,transaction,2338 
372,116,received,transaction,2338 
373,105,received,transaction,2338 
373,109,received,transaction,2338 
373,115,received,transaction,2338 
373,102,received,transaction,2338 
374,103,received,transaction,2338 
375,104,received,transaction,2338 
375,107,received,transaction,2338 
375,108,received,transaction,2337 
375,101,received,transaction,2338 
376,112,received,transaction,2338 
376,111,received,transaction,2338 
376,114,received,transaction,2338 
376,115,received,transaction,2337 
378,113,received,transaction,2338 
379,102,received,transaction,2337 
380,117,received,transaction,2338 
380,107,received,transaction,2336 
381, 100,Appended, Transaction, 2339
381, 100, broadcasting, data, 2339
381,107,received,transaction,2339 
382,110,received,transaction,2339 
382,118,received,transaction,2339 
383,109,received,transaction,2339 
383,116,received,transaction,2339 
384,103,received,transaction,2339 
386,101,received,transaction,2339 
386,102,received,transaction,2339 
386,113,received,transaction,2339 
388,115,received,transaction,2339 
388,108,received,transaction,2338 
390,108,received,transaction,2339 
390,105,received,transaction,2339 
391, 100,Appended, Transaction, 2340
391, 100, broadcasting, data, 2340
391,104,received,transaction,2339 
392,107,received,transaction,2340 
392,106,received,transaction,2340 
392,118,received,transaction,2340 
392,104,received,transaction,2340 
393,105,received,transaction,2340 
393,109,received,transaction,2340 
393,112,received,transaction,2340 
393,115,received,transaction,2340 
393,111,received,transaction,2339 
394,110,received,transaction,2340 
396,114,received,transaction,2339 
396,101,received,transaction,2340 
396,102,received,transaction,2340 
396,116,received,transaction,2340 
397,103,received,transaction,2340 
399,112,received,transaction,2339 
399,117,received,transaction,2339 
400,106,received,transaction,2339 
401, 100,Appended, Transaction, 2341
401, 100, broadcasting, data, 2341
401,104,received,transaction,2341 
402,110,received,transaction,2341 
402,109,received,transaction,2341 
402,112,received,transaction,2341 
403,116,received,transaction,2341 
403,113,received,transaction,2340 
403,101,received,transaction,2341 
403,105,received,transaction,2341 
404,114,received,transaction,2340 
404,111,received,transaction,2340 
408,107,received,transaction,2341 
409,106,received,transaction,2341 
409,117,received,transaction,2340 
410,113,received,transaction,2341 
411, 100,Appended, Transaction, 2342
411, 100, broadcasting, data, 2342
411,109,received,transaction,2342 
411,115,received,transaction,2341 
412,106,received,transaction,2342 
413,115,received,transaction,2342 
413,116,received,transaction,2342 
413,112,received,transaction,2342 
413,114,received,transaction,2342 
413,102,received,transaction,2341 
414,103,received,transaction,2342 
414,110,received,transaction,2342 
415,104,received,transaction,2342 
416,101,received,transaction,2342 
416,111,received,transaction,2342 
416,113,received,transaction,2342 
417,108,received,transaction,2340 
418,118,received,transaction,2341 
419,114,received,transaction,2341 
420,108,received,transaction,2341 
420,107,received,transaction,2342 
421, 100,Appended, Transaction, 2343
421, 100, broadcasting, data, 2343
421,108,received,transaction,2343 
422,106,received,transaction,2343 
422,118,received,transaction,2343 
422,116,received,transaction,2343 
422,117,received,transaction,2341 
423,105,received,transaction,2343 
423,104,received,transaction,2343 
423,115,received,transaction,2343 
424,105,received,transaction,2342 
424,117,received,transaction,2343 
425,111,received,transaction,2341 
426,101,received,transaction,2343 
426,102,received,transaction,2343 
427,110,received,transaction,2343 
428,108,received,transaction,2342 
428,118,received,transaction,2342 
428,114,received,transaction,2343 
428,111,received,transaction,2343 
431,103,received,transaction,2341 
431, 100,Appended, Transaction, 2344
431, 100, broadcasting, data, 2344
431,108,received,transaction,2344 
432,106,received,transaction,2344 
432,110,received,transaction,2344 
432,103,received,transaction,2343 
433,115,received,transaction,2344 
433,116,received,transaction,2344 
433,111,received,transaction,2344 
433,114,received,transaction,2344 
434,109,received,transaction,2344 
434,103,received,transaction,2344 
435,107,received,transaction,2343 
435,113,received,transaction,2343 
435,109,received,transaction,2343 
436,113,received,transaction,2344 
436,117,received,transaction,2342 
436,112,received,transaction,2343 
436,105,received,transaction,2344 
438,102,received,transaction,2342 
441, 100,Appended, Transaction, 2345
441, 100, broadcasting, data, 2345
441,117,received,transaction,2344 
441,101,received,transaction,2345 
442,106,received,transaction,2345 
442,108,received,transaction,2345 
443,105,received,transaction,2345 
443,116,received,transaction,2345 
443,109,received,transaction,2345 
443,107,received,transaction,2344 
444,112,received,transaction,2344 
444,118,received,transaction,2345 
445,114,received,transaction,2345 
446,113,received,transaction,2345 
448,103,received,transaction,2345 
448,102,received,transaction,2345 
448,110,received,transaction,2345 
448,101,received,transaction,2344 
450,102,received,transaction,2344 
451, 100,Appended, Transaction, 2346
451, 100, broadcasting, data, 2346
451,112,received,transaction,2345 
451,102,received,transaction,2346 
452,106,received,transaction,2346 
452,110,received,transaction,2346 
452,104,received,transaction,2345 
452,117,received,transaction,2345 
453,115,received,transaction,2346 
453,109,received,transaction,2346 
453,116,received,transaction,2346 
453,104,received,transaction,2344 
453,105,received,transaction,2346 
454,103,received,transaction,2346 
456,118,received,transaction,2344 
456,107,received,transaction,2345 
457,108,received,transaction,2346 
458,111,received,transaction,2345 
458,115,received,transaction,2345 
460,112,received,transaction,2346 
460,117,received,transaction,2346 
461, 100,Appended, Transaction, 2347
461, 100, broadcasting, data, 2347
461,111,received,transaction,2347 
462,106,received,transaction,2347 
462,109,received,transaction,2347 
463,118,received,transaction,2346 
463,115,received,transaction,2347 
463,116,received,transaction,2347 
463,114,received,transaction,2346 
463,101,received,transaction,2346 
464,103,received,transaction,2347 
464,114,received,transaction,2347 
464,102,received,transaction,2347 
466,104,received,transaction,2346 
466,105,received,transaction,2347 
467,113,received,transaction,2347 
467,111,received,transaction,2346 
468,113,received,transaction,2346 
469,107,received,transaction,2347 
470,112,received,transaction,2347 
471, 100,Appended, Transaction, 2348
471, 100, broadcasting, data, 2348
471,118,received,transaction,2348 
471,101,received,transaction,2347 
471,104,received,transaction,2348 
472,107,received,transaction,2346 
473,110,received,transaction,2347 
473,109,received,transaction,2348 
474,111,received,transaction,2348 
474,118,received,transaction,2347 
474,103,received,transaction,2348 
475,117,received,transaction,2348 
475,115,received,transaction,2348 
475,106,received,transaction,2348 
477,116,received,transaction,2348 
477,108,received,transaction,2347 
478,105,received,transaction,2348 
478,112,received,transaction,2348 
478,102,received,transaction,2348 
479,117,received,transaction,2347 
479,104,received,transaction,2347 
479,107,received,transaction,2348 
480,114,received,transaction,2348 
481, 100,Appended, Transaction, 2349
481, 100, broadcasting, data, 2349
481,103,received,transaction,2349 
482,110,received,transaction,2349 
482,118,received,transaction,2349 
482,110,received,transaction,2348 
483,117,received,transaction,2349 
483,114,received,transaction,2349 
483,112,received,transaction,2349 
483,115,received,transaction,2349 
483,116,received,transaction,2349 
485,105,received,transaction,2349 
485,104,received,transaction,2349 
485,108,received,transaction,2348 
486,102,received,transaction,2349 
486,111,received,transaction,2349 
487,108,received,transaction,2349 
487,113,received,transaction,2349 
490,109,received,transaction,2349 
491,107,received,transaction,2349 
491, 100,Appended, Transaction, 2350
491, 100, broadcasting, data, 2350
491,101,received,transaction,2348 
492,109,received,transaction,2350 
492,101,received,transaction,2349 
492,118,received,transaction,2350 
493,112,received,transaction,2350 
494,107,received,transaction,2350 
494,110,received,transaction,2350 
496,101,received,transaction,2350 
496,102,received,transaction,2350 
496,113,received,transaction,2348 
497,106,received,transaction,2349 
497,116,received,transaction,2350 
497,104,received,transaction,2350 
Simulation ended
