0,100, generated, node, -
0,101, generated, node, -
0,102, generated, node, -
0,103, generated, node, -
0,104, generated, node, -
0,105, generated, node, -
0,106, generated, node, -
0,107, generated, node, -
0,108, generated, node, -
0,109, generated, node, -
0,110, generated, node, -
0,111, generated, node, -
0,112, generated, node, -
0,113, generated, node, -
0,114, generated, node, -
0,115, generated, node, -
0,116, generated, node, -
0,117, generated, node, -
0,118, generated, node, -
1000, 107, Created, block,99901,0
No of blocks in node 107 is 1
1000, 107, broadcasting, data, 99901
1000,114, received, block, 99901
1000,114, interrupted, block, 99901 
1002,104, received, block, 99901
1002,104, interrupted, block, 99901 
1003,116, received, block, 99901
1003,116, interrupted, block, 99901 
1004,110, received, block, 99901
1004,110, interrupted, block, 99901 
1005,101, received, block, 99901
1005,101, interrupted, block, 99901 
1005,102, received, block, 99901
1005,102, interrupted, block, 99901 
1005,115, received, block, 99901
1005,115, interrupted, block, 99901 
1005,108, received, block, 99901
1005,108, interrupted, block, 99901 
1006,117, received, block, 99901
1006,117, interrupted, block, 99901 
1008,100, received, block, 99901
1008,100, interrupted, block, 99901 
1008,113, received, block, 99901
1008,113, interrupted, block, 99901 
1009,111, received, block, 99901
1009,111, interrupted, block, 99901 
1011,103, received, block, 99901
1011,103, interrupted, block, 99901 
No of blocks in node 110 is 1
1012,105, received, block, 99901
1012,105, interrupted, block, 99901 
1013,118, received, block, 99901
1013,118, interrupted, block, 99901 
No of blocks in node 117 is 1
1016,109, received, block, 99901
1016,109, interrupted, block, 99901 
1018,106, received, block, 99901
1018,106, interrupted, block, 99901 
No of blocks in node 104 is 1
1022,112, received, block, 99901
1022,112, interrupted, block, 99901 
No of blocks in node 116 is 1
No of blocks in node 105 is 1
No of blocks in node 108 is 1
No of blocks in node 102 is 1
No of blocks in node 113 is 1
No of blocks in node 114 is 1
No of blocks in node 118 is 1
No of blocks in node 103 is 1
No of blocks in node 109 is 1
No of blocks in node 101 is 1
No of blocks in node 115 is 1
No of blocks in node 111 is 1
No of blocks in node 112 is 1
No of blocks in node 100 is 1
No of blocks in node 106 is 1
2000, 107, Created, block,99902,0
No of blocks in node 107 is 2
2000, 107, broadcasting, data, 99902
2001,117, received, block, 99902
2001,117, interrupted, block, 99902 
2003,102, received, block, 99902
2003,102, interrupted, block, 99902 
2003,114, received, block, 99902
2003,114, interrupted, block, 99902 
2003,115, received, block, 99902
2003,115, interrupted, block, 99902 
2004,110, received, block, 99902
2004,110, interrupted, block, 99902 
2005,109, received, block, 99902
2005,109, interrupted, block, 99902 
2006,108, received, block, 99902
2006,108, interrupted, block, 99902 
2006,111, received, block, 99902
2006,111, interrupted, block, 99902 
2006,101, received, block, 99902
2006,101, interrupted, block, 99902 
2007,104, received, block, 99902
2007,104, interrupted, block, 99902 
2009,118, received, block, 99902
2009,118, interrupted, block, 99902 
2010,105, received, block, 99902
2010,105, interrupted, block, 99902 
2012,112, received, block, 99902
2012,112, interrupted, block, 99902 
No of blocks in node 105 is 2
2013,113, received, block, 99902
2013,113, interrupted, block, 99902 
No of blocks in node 109 is 2
No of blocks in node 101 is 2
2017,116, received, block, 99902
2017,116, interrupted, block, 99902 
2019,106, received, block, 99902
2019,106, interrupted, block, 99902 
No of blocks in node 113 is 2
No of blocks in node 111 is 2
No of blocks in node 106 is 2
No of blocks in node 116 is 2
2023,103, received, block, 99902
2023,103, interrupted, block, 99902 
No of blocks in node 115 is 2
2028,100, received, block, 99902
2028,100, interrupted, block, 99902 
No of blocks in node 110 is 2
No of blocks in node 117 is 2
No of blocks in node 102 is 2
No of blocks in node 118 is 2
No of blocks in node 112 is 2
No of blocks in node 114 is 2
No of blocks in node 108 is 2
No of blocks in node 104 is 2
No of blocks in node 103 is 2
No of blocks in node 100 is 2
3000, 107, Created, block,99903,0
No of blocks in node 107 is 3
3000, 107, broadcasting, data, 99903
3000,116, received, block, 99903
3000,116, interrupted, block, 99903 
3001,103, received, block, 99903
3001,103, interrupted, block, 99903 
3001,108, received, block, 99903
3001,108, interrupted, block, 99903 
3001,104, received, block, 99903
3001,104, interrupted, block, 99903 
3002,117, received, block, 99903
3002,117, interrupted, block, 99903 
3002,111, received, block, 99903
3002,111, interrupted, block, 99903 
3003,102, received, block, 99903
3003,102, interrupted, block, 99903 
3003,109, received, block, 99903
3003,109, interrupted, block, 99903 
3004,110, received, block, 99903
3004,110, interrupted, block, 99903 
3005,112, received, block, 99903
3005,112, interrupted, block, 99903 
3005,115, received, block, 99903
3005,115, interrupted, block, 99903 
No of blocks in node 117 is 3
3006,113, received, block, 99903
3006,113, interrupted, block, 99903 
No of blocks in node 108 is 3
No of blocks in node 102 is 3
No of blocks in node 104 is 3
No of blocks in node 110 is 3
3013,100, received, block, 99903
3013,100, interrupted, block, 99903 
3013,101, received, block, 99903
3013,101, interrupted, block, 99903 
3014,114, received, block, 99903
3014,114, interrupted, block, 99903 
3015,105, received, block, 99903
3015,105, interrupted, block, 99903 
3016,106, received, block, 99903
3016,106, interrupted, block, 99903 
No of blocks in node 109 is 3
No of blocks in node 116 is 3
No of blocks in node 111 is 3
3020,118, received, block, 99903
3020,118, interrupted, block, 99903 
No of blocks in node 118 is 3
No of blocks in node 113 is 3
No of blocks in node 103 is 3
No of blocks in node 101 is 3
No of blocks in node 106 is 3
No of blocks in node 100 is 3
No of blocks in node 112 is 3
No of blocks in node 115 is 3
No of blocks in node 114 is 3
No of blocks in node 105 is 3
4000, 107, Created, block,99904,0
No of blocks in node 107 is 4
4000, 107, broadcasting, data, 99904
4002,104, received, block, 99904
4002,104, interrupted, block, 99904 
4002,100, received, block, 99904
4002,100, interrupted, block, 99904 
4003,114, received, block, 99904
4003,114, interrupted, block, 99904 
4004,117, received, block, 99904
4004,117, interrupted, block, 99904 
4004,108, received, block, 99904
4004,108, interrupted, block, 99904 
4005,101, received, block, 99904
4005,101, interrupted, block, 99904 
4005,112, received, block, 99904
4005,112, interrupted, block, 99904 
4005,113, received, block, 99904
4005,113, interrupted, block, 99904 
4007,110, received, block, 99904
4007,110, interrupted, block, 99904 
No of blocks in node 104 is 4
4008,106, received, block, 99904
4008,106, interrupted, block, 99904 
4008,116, received, block, 99904
4008,116, interrupted, block, 99904 
4008,115, received, block, 99904
4008,115, interrupted, block, 99904 
4010,111, received, block, 99904
4010,111, interrupted, block, 99904 
No of blocks in node 100 is 4
4010,118, received, block, 99904
4010,118, interrupted, block, 99904 
4011,102, received, block, 99904
4011,102, interrupted, block, 99904 
4012,109, received, block, 99904
4012,109, interrupted, block, 99904 
4012,103, received, block, 99904
4012,103, interrupted, block, 99904 
4013,105, received, block, 99904
4013,105, interrupted, block, 99904 
No of blocks in node 113 is 4
No of blocks in node 106 is 4
No of blocks in node 101 is 4
No of blocks in node 117 is 4
No of blocks in node 109 is 4
No of blocks in node 118 is 4
No of blocks in node 102 is 4
No of blocks in node 116 is 4
No of blocks in node 108 is 4
No of blocks in node 112 is 4
No of blocks in node 103 is 4
No of blocks in node 114 is 4
No of blocks in node 115 is 4
No of blocks in node 110 is 4
No of blocks in node 105 is 4
No of blocks in node 111 is 4
5000, 107, Created, block,99905,0
No of blocks in node 107 is 5
5000, 107, broadcasting, data, 99905
5002,104, received, block, 99905
5002,104, interrupted, block, 99905 
5003,109, received, block, 99905
5003,109, interrupted, block, 99905 
5004,110, received, block, 99905
5004,110, interrupted, block, 99905 
5005,111, received, block, 99905
5005,111, interrupted, block, 99905 
5005,105, received, block, 99905
5005,105, interrupted, block, 99905 
5006,108, received, block, 99905
5006,108, interrupted, block, 99905 
5008,100, received, block, 99905
5008,100, interrupted, block, 99905 
5008,102, received, block, 99905
5008,102, interrupted, block, 99905 
5009,113, received, block, 99905
5009,113, interrupted, block, 99905 
5009,101, received, block, 99905
5009,101, interrupted, block, 99905 
5009,117, received, block, 99905
5009,117, interrupted, block, 99905 
No of blocks in node 109 is 5
5012,106, received, block, 99905
5012,106, interrupted, block, 99905 
5012,112, received, block, 99905
5012,112, interrupted, block, 99905 
5013,115, received, block, 99905
5013,115, interrupted, block, 99905 
No of blocks in node 105 is 5
No of blocks in node 101 is 5
No of blocks in node 110 is 5
5018,116, received, block, 99905
5018,116, interrupted, block, 99905 
5019,118, received, block, 99905
5019,118, interrupted, block, 99905 
5020,114, received, block, 99905
5020,114, interrupted, block, 99905 
5021,103, received, block, 99905
5021,103, interrupted, block, 99905 
No of blocks in node 100 is 5
No of blocks in node 117 is 5
No of blocks in node 114 is 5
No of blocks in node 112 is 5
No of blocks in node 108 is 5
No of blocks in node 106 is 5
No of blocks in node 116 is 5
No of blocks in node 104 is 5
No of blocks in node 115 is 5
No of blocks in node 113 is 5
No of blocks in node 111 is 5
No of blocks in node 102 is 5
No of blocks in node 118 is 5
No of blocks in node 103 is 5
Simulation ended
