0,100, generated, node, -
0,101, generated, node, -
0,102, generated, node, -
0,103, generated, node, -
0,104, generated, node, -
0,105, generated, node, -
0,106, generated, node, -
0,107, generated, node, -
0,108, generated, node, -
0,109, generated, node, -
0,110, generated, node, -
0,111, generated, node, -
0,112, generated, node, -
0,113, generated, node, -
0,114, generated, node, -
0,115, generated, node, -
0,116, generated, node, -
0,117, generated, node, -
0,118, generated, node, -
0, 100,Appended, Transaction, 2301
0, 100, broadcasting, data, 2301
0,102,received,transaction,2301 
1,110,received,transaction,2301 
1,104,received,transaction,2301 
2,109,received,transaction,2301 
2,115,received,transaction,2301 
2,105,received,transaction,2301 
3,116,received,transaction,2301 
5,101,received,transaction,2301 
5,111,received,transaction,2301 
5,113,received,transaction,2301 
5,106,received,transaction,2301 
5,103,received,transaction,2301 
6,112,received,transaction,2301 
8,107,received,transaction,2301 
9,118,received,transaction,2301 
10, 100,Appended, Transaction, 2302
10, 100, broadcasting, data, 2302
11,106,received,transaction,2302 
11,110,received,transaction,2302 
11,118,received,transaction,2302 
12,109,received,transaction,2302 
12,115,received,transaction,2302 
13,103,received,transaction,2302 
13,113,received,transaction,2302 
14,104,received,transaction,2302 
15,102,received,transaction,2302 
15,111,received,transaction,2302 
15,114,received,transaction,2302 
15,101,received,transaction,2302 
15,114,received,transaction,2301 
16,108,received,transaction,2301 
19,108,received,transaction,2302 
19,117,received,transaction,2302 
20, 100,Appended, Transaction, 2303
20, 100, broadcasting, data, 2303
20,116,received,transaction,2302 
20,112,received,transaction,2302 
21,110,received,transaction,2303 
21,113,received,transaction,2303 
22,115,received,transaction,2303 
22,112,received,transaction,2303 
22,109,received,transaction,2303 
22,116,received,transaction,2303 
23,103,received,transaction,2303 
24,117,received,transaction,2301 
24,107,received,transaction,2302 
25,101,received,transaction,2303 
27,114,received,transaction,2303 
28,117,received,transaction,2303 
28,118,received,transaction,2303 
28,111,received,transaction,2303 
29,108,received,transaction,2303 
29,105,received,transaction,2302 
29,105,received,transaction,2303 
30, 100,Appended, Transaction, 2304
30, 100, broadcasting, data, 2304
31,118,received,transaction,2304 
31,110,received,transaction,2304 
31,109,received,transaction,2304 
32,105,received,transaction,2304 
32,116,received,transaction,2304 
33,103,received,transaction,2304 
34,117,received,transaction,2304 
35,111,received,transaction,2304 
35,114,received,transaction,2304 
36,112,received,transaction,2304 
36,107,received,transaction,2304 
37,106,received,transaction,2303 
38,107,received,transaction,2303 
39,113,received,transaction,2304 
39,102,received,transaction,2303 
40,101,received,transaction,2304 
40, 100,Appended, Transaction, 2305
40, 100, broadcasting, data, 2305
40,115,received,transaction,2304 
41,118,received,transaction,2305 
41,101,received,transaction,2305 
41,104,received,transaction,2303 
43,115,received,transaction,2305 
43,102,received,transaction,2304 
43,105,received,transaction,2305 
43,108,received,transaction,2304 
45,111,received,transaction,2305 
45,106,received,transaction,2304 
46,112,received,transaction,2305 
47,116,received,transaction,2305 
47,104,received,transaction,2305 
47,108,received,transaction,2305 
48,114,received,transaction,2305 
48,109,received,transaction,2305 
48,102,received,transaction,2305 
49,103,received,transaction,2305 
