0,100, generated, node, -
0,101, generated, node, -
0,102, generated, node, -
0,103, generated, node, -
0,104, generated, node, -
0,105, generated, node, -
0,106, generated, node, -
0,107, generated, node, -
0,108, generated, node, -
0,109, generated, node, -
0,110, generated, node, -
0,111, generated, node, -
0,112, generated, node, -
0,113, generated, node, -
0,114, generated, node, -
0,115, generated, node, -
0,116, generated, node, -
0,117, generated, node, -
0,118, generated, node, -
1000, 110, Created, block,99901,0
No of blocks in node 110 is 1
1000, 110, broadcasting, data, 99901
1000,109, received, block, 99901
1000,109, interrupted, block, 99901 
1001,118, received, block, 99901
1001,118, interrupted, block, 99901 
1001,105, received, block, 99901
1001,105, interrupted, block, 99901 
1001,100, received, block, 99901
1001,100, interrupted, block, 99901 
1002,113, received, block, 99901
1002,113, interrupted, block, 99901 
1002,114, received, block, 99901
1002,114, interrupted, block, 99901 
1002,111, received, block, 99901
1002,111, interrupted, block, 99901 
1003,115, received, block, 99901
1003,115, interrupted, block, 99901 
1004,107, received, block, 99901
1004,107, interrupted, block, 99901 
No of blocks in node 118 is 1
1005,103, received, block, 99901
1005,103, interrupted, block, 99901 
1005,102, received, block, 99901
1005,102, interrupted, block, 99901 
1006,116, received, block, 99901
1006,116, interrupted, block, 99901 
1006,101, received, block, 99901
1006,101, interrupted, block, 99901 
1007,108, received, block, 99901
1007,108, interrupted, block, 99901 
No of blocks in node 107 is 1
1011,112, received, block, 99901
1011,112, interrupted, block, 99901 
1012,117, received, block, 99901
1012,117, interrupted, block, 99901 
1012,106, received, block, 99901
1012,106, interrupted, block, 99901 
1019,104, received, block, 99901
1019,104, interrupted, block, 99901 
No of blocks in node 103 is 1
No of blocks in node 111 is 1
No of blocks in node 102 is 1
No of blocks in node 101 is 1
No of blocks in node 109 is 1
No of blocks in node 104 is 1
No of blocks in node 114 is 1
No of blocks in node 117 is 1
No of blocks in node 112 is 1
No of blocks in node 116 is 1
No of blocks in node 115 is 1
No of blocks in node 106 is 1
No of blocks in node 113 is 1
No of blocks in node 100 is 1
No of blocks in node 105 is 1
No of blocks in node 108 is 1
2000, 110, Created, block,99902,0
No of blocks in node 110 is 2
2000, 110, broadcasting, data, 99902
2001,100, received, block, 99902
2001,100, interrupted, block, 99902 
2001,104, received, block, 99902
2001,104, interrupted, block, 99902 
2001,118, received, block, 99902
2001,118, interrupted, block, 99902 
2002,101, received, block, 99902
2002,101, interrupted, block, 99902 
2002,102, received, block, 99902
2002,102, interrupted, block, 99902 
2002,113, received, block, 99902
2002,113, interrupted, block, 99902 
2002,114, received, block, 99902
2002,114, interrupted, block, 99902 
2003,115, received, block, 99902
2003,115, interrupted, block, 99902 
2005,103, received, block, 99902
2005,103, interrupted, block, 99902 
2005,108, received, block, 99902
2005,108, interrupted, block, 99902 
2005,111, received, block, 99902
2005,111, interrupted, block, 99902 
2006,112, received, block, 99902
2006,112, interrupted, block, 99902 
2006,106, received, block, 99902
2006,106, interrupted, block, 99902 
2008,116, received, block, 99902
2008,116, interrupted, block, 99902 
2009,109, received, block, 99902
2009,109, interrupted, block, 99902 
No of blocks in node 115 is 2
2012,105, received, block, 99902
2012,105, interrupted, block, 99902 
2012,107, received, block, 99902
2012,107, interrupted, block, 99902 
No of blocks in node 118 is 2
No of blocks in node 112 is 2
No of blocks in node 111 is 2
No of blocks in node 108 is 2
No of blocks in node 100 is 2
2030,117, received, block, 99902
2030,117, interrupted, block, 99902 
No of blocks in node 102 is 2
No of blocks in node 104 is 2
No of blocks in node 101 is 2
No of blocks in node 107 is 2
No of blocks in node 106 is 2
No of blocks in node 113 is 2
No of blocks in node 103 is 2
No of blocks in node 114 is 2
No of blocks in node 105 is 2
No of blocks in node 109 is 2
No of blocks in node 116 is 2
No of blocks in node 117 is 2
3000, 110, Created, block,99903,0
No of blocks in node 110 is 3
3000, 110, broadcasting, data, 99903
3000,111, received, block, 99903
3000,111, interrupted, block, 99903 
3001,100, received, block, 99903
3001,100, interrupted, block, 99903 
3001,114, received, block, 99903
3001,114, interrupted, block, 99903 
3001,107, received, block, 99903
3001,107, interrupted, block, 99903 
3002,101, received, block, 99903
3002,101, interrupted, block, 99903 
3002,102, received, block, 99903
3002,102, interrupted, block, 99903 
3002,113, received, block, 99903
3002,113, interrupted, block, 99903 
3003,104, received, block, 99903
3003,104, interrupted, block, 99903 
No of blocks in node 113 is 3
3004,112, received, block, 99903
3004,112, interrupted, block, 99903 
No of blocks in node 111 is 3
3005,103, received, block, 99903
3005,103, interrupted, block, 99903 
3006,105, received, block, 99903
3006,105, interrupted, block, 99903 
3006,115, received, block, 99903
3006,115, interrupted, block, 99903 
3006,109, received, block, 99903
3006,109, interrupted, block, 99903 
3007,108, received, block, 99903
3007,108, interrupted, block, 99903 
3007,117, received, block, 99903
3007,117, interrupted, block, 99903 
3007,106, received, block, 99903
3007,106, interrupted, block, 99903 
No of blocks in node 108 is 3
3014,118, received, block, 99903
3014,118, interrupted, block, 99903 
3021,116, received, block, 99903
3021,116, interrupted, block, 99903 
No of blocks in node 102 is 3
No of blocks in node 109 is 3
No of blocks in node 103 is 3
No of blocks in node 105 is 3
No of blocks in node 114 is 3
No of blocks in node 101 is 3
No of blocks in node 104 is 3
No of blocks in node 117 is 3
No of blocks in node 107 is 3
No of blocks in node 112 is 3
No of blocks in node 115 is 3
No of blocks in node 100 is 3
No of blocks in node 106 is 3
No of blocks in node 118 is 3
No of blocks in node 116 is 3
4000, 110, Created, block,99904,0
No of blocks in node 110 is 4
4000, 110, broadcasting, data, 99904
4002,101, received, block, 99904
4002,101, interrupted, block, 99904 
4002,102, received, block, 99904
4002,102, interrupted, block, 99904 
4002,111, received, block, 99904
4002,111, interrupted, block, 99904 
4003,113, received, block, 99904
4003,113, interrupted, block, 99904 
4004,107, received, block, 99904
4004,107, interrupted, block, 99904 
4004,118, received, block, 99904
4004,118, interrupted, block, 99904 
4005,103, received, block, 99904
4005,103, interrupted, block, 99904 
4005,106, received, block, 99904
4005,106, interrupted, block, 99904 
4005,115, received, block, 99904
4005,115, interrupted, block, 99904 
4005,104, received, block, 99904
4005,104, interrupted, block, 99904 
No of blocks in node 107 is 4
4007,108, received, block, 99904
4007,108, interrupted, block, 99904 
4007,117, received, block, 99904
4007,117, interrupted, block, 99904 
4007,105, received, block, 99904
4007,105, interrupted, block, 99904 
No of blocks in node 102 is 4
4011,109, received, block, 99904
4011,109, interrupted, block, 99904 
4012,100, received, block, 99904
4012,100, interrupted, block, 99904 
No of blocks in node 103 is 4
4015,116, received, block, 99904
4015,116, interrupted, block, 99904 
4015,114, received, block, 99904
4015,114, interrupted, block, 99904 
4017,112, received, block, 99904
4017,112, interrupted, block, 99904 
No of blocks in node 118 is 4
No of blocks in node 116 is 4
No of blocks in node 101 is 4
No of blocks in node 108 is 4
No of blocks in node 115 is 4
No of blocks in node 104 is 4
No of blocks in node 113 is 4
No of blocks in node 109 is 4
No of blocks in node 112 is 4
No of blocks in node 111 is 4
No of blocks in node 106 is 4
No of blocks in node 105 is 4
No of blocks in node 117 is 4
No of blocks in node 100 is 4
No of blocks in node 114 is 4
5000, 110, Created, block,99905,0
No of blocks in node 110 is 5
5000, 110, broadcasting, data, 99905
5000,108, received, block, 99905
5000,108, interrupted, block, 99905 
5001,100, received, block, 99905
5001,100, interrupted, block, 99905 
5001,104, received, block, 99905
5001,104, interrupted, block, 99905 
5001,118, received, block, 99905
5001,118, interrupted, block, 99905 
5002,101, received, block, 99905
5002,101, interrupted, block, 99905 
5002,113, received, block, 99905
5002,113, interrupted, block, 99905 
5002,114, received, block, 99905
5002,114, interrupted, block, 99905 
5003,102, received, block, 99905
5003,102, interrupted, block, 99905 
No of blocks in node 104 is 5
5006,105, received, block, 99905
5006,105, interrupted, block, 99905 
5006,115, received, block, 99905
5006,115, interrupted, block, 99905 
5006,116, received, block, 99905
5006,116, interrupted, block, 99905 
5007,117, received, block, 99905
5007,117, interrupted, block, 99905 
5007,103, received, block, 99905
5007,103, interrupted, block, 99905 
No of blocks in node 113 is 5
5010,111, received, block, 99905
5010,111, interrupted, block, 99905 
5012,106, received, block, 99905
5012,106, interrupted, block, 99905 
No of blocks in node 102 is 5
No of blocks in node 108 is 5
5018,107, received, block, 99905
5018,107, interrupted, block, 99905 
5019,109, received, block, 99905
5019,109, interrupted, block, 99905 
No of blocks in node 116 is 5
No of blocks in node 117 is 5
No of blocks in node 118 is 5
No of blocks in node 100 is 5
No of blocks in node 103 is 5
5023,112, received, block, 99905
5023,112, interrupted, block, 99905 
No of blocks in node 105 is 5
No of blocks in node 112 is 5
No of blocks in node 111 is 5
No of blocks in node 101 is 5
No of blocks in node 114 is 5
No of blocks in node 109 is 5
No of blocks in node 115 is 5
No of blocks in node 106 is 5
No of blocks in node 107 is 5
6000, 110, Created, block,99906,0
No of blocks in node 110 is 6
6000, 110, broadcasting, data, 99906
6001,104, received, block, 99906
6001,104, interrupted, block, 99906 
6001,118, received, block, 99906
6001,118, interrupted, block, 99906 
6001,100, received, block, 99906
6001,100, interrupted, block, 99906 
6005,101, received, block, 99906
6005,101, interrupted, block, 99906 
6005,108, received, block, 99906
6005,108, interrupted, block, 99906 
6006,109, received, block, 99906
6006,109, interrupted, block, 99906 
6006,113, received, block, 99906
6006,113, interrupted, block, 99906 
6007,117, received, block, 99906
6007,117, interrupted, block, 99906 
6010,115, received, block, 99906
6010,115, interrupted, block, 99906 
6010,112, received, block, 99906
6010,112, interrupted, block, 99906 
6011,103, received, block, 99906
6011,103, interrupted, block, 99906 
6011,107, received, block, 99906
6011,107, interrupted, block, 99906 
6013,116, received, block, 99906
6013,116, interrupted, block, 99906 
6013,114, received, block, 99906
6013,114, interrupted, block, 99906 
No of blocks in node 104 is 6
6014,106, received, block, 99906
6014,106, interrupted, block, 99906 
No of blocks in node 113 is 6
No of blocks in node 115 is 6
6016,111, received, block, 99906
6016,111, interrupted, block, 99906 
6018,102, received, block, 99906
6018,102, interrupted, block, 99906 
No of blocks in node 100 is 6
No of blocks in node 103 is 6
No of blocks in node 111 is 6
6026,105, received, block, 99906
6026,105, interrupted, block, 99906 
No of blocks in node 109 is 6
No of blocks in node 118 is 6
No of blocks in node 116 is 6
No of blocks in node 101 is 6
No of blocks in node 114 is 6
No of blocks in node 107 is 6
No of blocks in node 112 is 6
No of blocks in node 108 is 6
No of blocks in node 117 is 6
No of blocks in node 102 is 6
No of blocks in node 106 is 6
No of blocks in node 105 is 6
7000, 110, Created, block,99907,0
No of blocks in node 110 is 7
7000, 110, broadcasting, data, 99907
7000,111, received, block, 99907
7000,111, interrupted, block, 99907 
7000,117, received, block, 99907
7000,117, interrupted, block, 99907 
7001,100, received, block, 99907
7001,100, interrupted, block, 99907 
7001,114, received, block, 99907
7001,114, interrupted, block, 99907 
7002,115, received, block, 99907
7002,115, interrupted, block, 99907 
7002,107, received, block, 99907
7002,107, interrupted, block, 99907 
7003,109, received, block, 99907
7003,109, interrupted, block, 99907 
7003,113, received, block, 99907
7003,113, interrupted, block, 99907 
7004,104, received, block, 99907
7004,104, interrupted, block, 99907 
7005,118, received, block, 99907
7005,118, interrupted, block, 99907 
7007,108, received, block, 99907
7007,108, interrupted, block, 99907 
7007,103, received, block, 99907
7007,103, interrupted, block, 99907 
7008,116, received, block, 99907
7008,116, interrupted, block, 99907 
No of blocks in node 109 is 7
7009,105, received, block, 99907
7009,105, interrupted, block, 99907 
7011,101, received, block, 99907
7011,101, interrupted, block, 99907 
No of blocks in node 117 is 7
7013,106, received, block, 99907
7013,106, interrupted, block, 99907 
7016,102, received, block, 99907
7016,102, interrupted, block, 99907 
7016,112, received, block, 99907
7016,112, interrupted, block, 99907 
No of blocks in node 101 is 7
No of blocks in node 114 is 7
No of blocks in node 106 is 7
No of blocks in node 100 is 7
No of blocks in node 103 is 7
No of blocks in node 104 is 7
No of blocks in node 111 is 7
No of blocks in node 107 is 7
No of blocks in node 115 is 7
No of blocks in node 113 is 7
No of blocks in node 116 is 7
No of blocks in node 108 is 7
No of blocks in node 105 is 7
No of blocks in node 112 is 7
No of blocks in node 118 is 7
No of blocks in node 102 is 7
8000, 110, Created, block,99908,0
No of blocks in node 110 is 8
8000, 110, broadcasting, data, 99908
8001,104, received, block, 99908
8001,104, interrupted, block, 99908 
8001,118, received, block, 99908
8001,118, interrupted, block, 99908 
8002,114, received, block, 99908
8002,114, interrupted, block, 99908 
8003,109, received, block, 99908
8003,109, interrupted, block, 99908 
8004,111, received, block, 99908
8004,111, interrupted, block, 99908 
8004,108, received, block, 99908
8004,108, interrupted, block, 99908 
8004,100, received, block, 99908
8004,100, interrupted, block, 99908 
8004,116, received, block, 99908
8004,116, interrupted, block, 99908 
8005,103, received, block, 99908
8005,103, interrupted, block, 99908 
8005,107, received, block, 99908
8005,107, interrupted, block, 99908 
8006,112, received, block, 99908
8006,112, interrupted, block, 99908 
No of blocks in node 100 is 8
8007,117, received, block, 99908
8007,117, interrupted, block, 99908 
8007,106, received, block, 99908
8007,106, interrupted, block, 99908 
8009,115, received, block, 99908
8009,115, interrupted, block, 99908 
8010,101, received, block, 99908
8010,101, interrupted, block, 99908 
8011,113, received, block, 99908
8011,113, interrupted, block, 99908 
No of blocks in node 115 is 8
No of blocks in node 104 is 8
No of blocks in node 118 is 8
No of blocks in node 117 is 8
8016,105, received, block, 99908
8016,105, interrupted, block, 99908 
8018,102, received, block, 99908
8018,102, interrupted, block, 99908 
No of blocks in node 102 is 8
No of blocks in node 111 is 8
No of blocks in node 113 is 8
No of blocks in node 108 is 8
No of blocks in node 107 is 8
No of blocks in node 109 is 8
No of blocks in node 114 is 8
No of blocks in node 112 is 8
No of blocks in node 116 is 8
No of blocks in node 103 is 8
No of blocks in node 106 is 8
No of blocks in node 101 is 8
No of blocks in node 105 is 8
9000, 110, Created, block,99909,0
No of blocks in node 110 is 9
9000, 110, broadcasting, data, 99909
9000,118, received, block, 99909
9000,118, interrupted, block, 99909 
9001,104, received, block, 99909
9001,104, interrupted, block, 99909 
9001,103, received, block, 99909
9001,103, interrupted, block, 99909 
9002,102, received, block, 99909
9002,102, interrupted, block, 99909 
9002,111, received, block, 99909
9002,111, interrupted, block, 99909 
9002,116, received, block, 99909
9002,116, interrupted, block, 99909 
9002,101, received, block, 99909
9002,101, interrupted, block, 99909 
9003,105, received, block, 99909
9003,105, interrupted, block, 99909 
9004,107, received, block, 99909
9004,107, interrupted, block, 99909 
9004,109, received, block, 99909
9004,109, interrupted, block, 99909 
9005,106, received, block, 99909
9005,106, interrupted, block, 99909 
9006,115, received, block, 99909
9006,115, interrupted, block, 99909 
9007,108, received, block, 99909
9007,108, interrupted, block, 99909 
No of blocks in node 116 is 9
9008,114, received, block, 99909
9008,114, interrupted, block, 99909 
9008,113, received, block, 99909
9008,113, interrupted, block, 99909 
9009,100, received, block, 99909
9009,100, interrupted, block, 99909 
No of blocks in node 118 is 9
9013,112, received, block, 99909
9013,112, interrupted, block, 99909 
No of blocks in node 115 is 9
No of blocks in node 111 is 9
No of blocks in node 114 is 9
9017,117, received, block, 99909
9017,117, interrupted, block, 99909 
No of blocks in node 107 is 9
No of blocks in node 102 is 9
No of blocks in node 117 is 9
No of blocks in node 104 is 9
No of blocks in node 113 is 9
No of blocks in node 101 is 9
No of blocks in node 103 is 9
No of blocks in node 105 is 9
No of blocks in node 106 is 9
No of blocks in node 112 is 9
No of blocks in node 108 is 9
No of blocks in node 109 is 9
No of blocks in node 100 is 9
10000, 110, Created, block,99910,0
No of blocks in node 110 is 10
10000, 110, broadcasting, data, 99910
10001,104, received, block, 99910
10001,104, interrupted, block, 99910 
10001,118, received, block, 99910
10001,118, interrupted, block, 99910 
10001,108, received, block, 99910
10001,108, interrupted, block, 99910 
10001,115, received, block, 99910
10001,115, interrupted, block, 99910 
10002,101, received, block, 99910
10002,101, interrupted, block, 99910 
10002,113, received, block, 99910
10002,113, interrupted, block, 99910 
10002,114, received, block, 99910
10002,114, interrupted, block, 99910 
10003,109, received, block, 99910
10003,109, interrupted, block, 99910 
10003,102, received, block, 99910
10003,102, interrupted, block, 99910 
10004,107, received, block, 99910
10004,107, interrupted, block, 99910 
10004,111, received, block, 99910
10004,111, interrupted, block, 99910 
10004,103, received, block, 99910
10004,103, interrupted, block, 99910 
10005,106, received, block, 99910
10005,106, interrupted, block, 99910 
10006,116, received, block, 99910
10006,116, interrupted, block, 99910 
10007,117, received, block, 99910
10007,117, interrupted, block, 99910 
No of blocks in node 106 is 10
10012,112, received, block, 99910
10012,112, interrupted, block, 99910 
10013,100, received, block, 99910
10013,100, interrupted, block, 99910 
10013,105, received, block, 99910
10013,105, interrupted, block, 99910 
No of blocks in node 107 is 10
No of blocks in node 103 is 10
No of blocks in node 117 is 10
No of blocks in node 102 is 10
No of blocks in node 104 is 10
No of blocks in node 118 is 10
No of blocks in node 111 is 10
No of blocks in node 113 is 10
No of blocks in node 114 is 10
No of blocks in node 108 is 10
No of blocks in node 109 is 10
No of blocks in node 101 is 10
No of blocks in node 115 is 10
No of blocks in node 116 is 10
No of blocks in node 105 is 10
No of blocks in node 100 is 10
No of blocks in node 112 is 10
Simulation ended
