0,100, generated, node, -
0,101, generated, node, -
0,102, generated, node, -
0,103, generated, node, -
0,104, generated, node, -
0,105, generated, node, -
0,106, generated, node, -
0,107, generated, node, -
0,108, generated, node, -
0,109, generated, node, -
0,110, generated, node, -
0,111, generated, node, -
0,112, generated, node, -
0,113, generated, node, -
0,114, generated, node, -
0,115, generated, node, -
0,116, generated, node, -
0,117, generated, node, -
0,118, generated, node, -
0, 100,Appended, Transaction, 2301
0, 100, broadcasting, data, 2301
1,106,received,transaction,2301 
1,118,received,transaction,2301 
2,105,received,transaction,2301 
2,109,received,transaction,2301 
2,112,received,transaction,2301 
2,116,received,transaction,2301 
2,104,received,transaction,2301 
2,107,received,transaction,2301 
5,102,received,transaction,2301 
5,113,received,transaction,2301 
5,114,received,transaction,2301 
6,110,received,transaction,2301 
9,108,received,transaction,2301 
10, 100,Appended, Transaction, 2302
10, 100, broadcasting, data, 2302
10,111,received,transaction,2301 
11,110,received,transaction,2302 
11,118,received,transaction,2302 
11,115,received,transaction,2301 
12,109,received,transaction,2302 
12,116,received,transaction,2302 
12,103,received,transaction,2301 
13,103,received,transaction,2302 
13,115,received,transaction,2302 
13,117,received,transaction,2301 
15,114,received,transaction,2302 
15,101,received,transaction,2302 
15,102,received,transaction,2302 
15,111,received,transaction,2302 
16,105,received,transaction,2302 
17,117,received,transaction,2302 
18,113,received,transaction,2302 
19,101,received,transaction,2301 
19,108,received,transaction,2302 
20,104,received,transaction,2302 
20, 100,Appended, Transaction, 2303
20, 100, broadcasting, data, 2303
21,107,received,transaction,2302 
21,106,received,transaction,2303 
21,110,received,transaction,2303 
22,106,received,transaction,2302 
22,115,received,transaction,2303 
22,112,received,transaction,2302 
24,105,received,transaction,2303 
24,116,received,transaction,2303 
25,101,received,transaction,2303 
25,114,received,transaction,2303 
25,108,received,transaction,2303 
26,102,received,transaction,2303 
27,118,received,transaction,2303 
29,107,received,transaction,2303 
29,117,received,transaction,2303 
29,104,received,transaction,2303 
29,111,received,transaction,2303 
30, 100,Appended, Transaction, 2304
30, 100, broadcasting, data, 2304
31,102,received,transaction,2304 
31,106,received,transaction,2304 
31,118,received,transaction,2304 
31,103,received,transaction,2303 
32,105,received,transaction,2304 
32,109,received,transaction,2304 
32,115,received,transaction,2304 
32,116,received,transaction,2304 
33,113,received,transaction,2303 
33,103,received,transaction,2304 
34,104,received,transaction,2304 
35,101,received,transaction,2304 
35,112,received,transaction,2303 
37,109,received,transaction,2303 
37,113,received,transaction,2304 
38,107,received,transaction,2304 
38,114,received,transaction,2304 
39,112,received,transaction,2304 
40, 100,Appended, Transaction, 2305
40, 100, broadcasting, data, 2305
42,112,received,transaction,2305 
42,115,received,transaction,2305 
42,116,received,transaction,2305 
42,109,received,transaction,2305 
43,101,received,transaction,2305 
43,103,received,transaction,2305 
44,108,received,transaction,2305 
44,108,received,transaction,2304 
45,111,received,transaction,2305 
45,113,received,transaction,2305 
45,111,received,transaction,2304 
46,110,received,transaction,2304 
47,106,received,transaction,2305 
48,107,received,transaction,2305 
49,105,received,transaction,2305 
49,102,received,transaction,2305 
50, 100,Appended, Transaction, 2306
50, 100, broadcasting, data, 2306
50,117,received,transaction,2304 
51,110,received,transaction,2306 
52,105,received,transaction,2306 
52,109,received,transaction,2306 
52,116,received,transaction,2306 
53,101,received,transaction,2306 
53,106,received,transaction,2306 
53,118,received,transaction,2306 
53,113,received,transaction,2306 
53,110,received,transaction,2305 
53,114,received,transaction,2305 
54,114,received,transaction,2306 
55,115,received,transaction,2306 
55,102,received,transaction,2306 
55,117,received,transaction,2306 
55,107,received,transaction,2306 
57,117,received,transaction,2305 
57,104,received,transaction,2306 
57,118,received,transaction,2305 
57,111,received,transaction,2306 
58,112,received,transaction,2306 
59,104,received,transaction,2305 
60, 100,Appended, Transaction, 2307
60, 100, broadcasting, data, 2307
61,106,received,transaction,2307 
61,110,received,transaction,2307 
61,109,received,transaction,2307 
62,105,received,transaction,2307 
62,115,received,transaction,2307 
62,116,received,transaction,2307 
63,103,received,transaction,2306 
65,101,received,transaction,2307 
65,102,received,transaction,2307 
66,112,received,transaction,2307 
68,104,received,transaction,2307 
68,108,received,transaction,2306 
69,111,received,transaction,2307 
70, 100,Appended, Transaction, 2308
70, 100, broadcasting, data, 2308
70,118,received,transaction,2307 
71,113,received,transaction,2307 
71,106,received,transaction,2308 
71,118,received,transaction,2308 
72,109,received,transaction,2308 
72,112,received,transaction,2308 
73,117,received,transaction,2307 
73,103,received,transaction,2308 
74,104,received,transaction,2308 
75,113,received,transaction,2308 
75,115,received,transaction,2308 
75,114,received,transaction,2308 
75,102,received,transaction,2308 
76,107,received,transaction,2308 
76,114,received,transaction,2307 
76,111,received,transaction,2308 
79,116,received,transaction,2308 
80, 100,Appended, Transaction, 2309
80, 100, broadcasting, data, 2309
80,116,received,transaction,2309 
80,113,received,transaction,2309 
81,106,received,transaction,2309 
81,118,received,transaction,2309 
82,105,received,transaction,2309 
82,115,received,transaction,2309 
82,117,received,transaction,2309 
82,109,received,transaction,2309 
83,108,received,transaction,2307 
83,114,received,transaction,2309 
84,103,received,transaction,2307 
85,101,received,transaction,2309 
85,102,received,transaction,2309 
85,111,received,transaction,2309 
85,107,received,transaction,2307 
85,101,received,transaction,2308 
85,117,received,transaction,2308 
86,112,received,transaction,2309 
86,110,received,transaction,2308 
87,108,received,transaction,2309 
88,104,received,transaction,2309 
89,103,received,transaction,2309 
89,107,received,transaction,2309 
90, 100,Appended, Transaction, 2310
90, 100, broadcasting, data, 2310
90,105,received,transaction,2308 
90,112,received,transaction,2310 
91,110,received,transaction,2310 
91,118,received,transaction,2310 
91,113,received,transaction,2310 
92,109,received,transaction,2310 
92,115,received,transaction,2310 
93,104,received,transaction,2310 
93,116,received,transaction,2310 
93,111,received,transaction,2310 
93,108,received,transaction,2308 
94,106,received,transaction,2310 
95,101,received,transaction,2310 
95,114,received,transaction,2310 
98,107,received,transaction,2310 
99,108,received,transaction,2310 
99,117,received,transaction,2310 
100, 100,Appended, Transaction, 2311
100, 100, broadcasting, data, 2311
100,105,received,transaction,2310 
101,118,received,transaction,2311 
102,105,received,transaction,2311 
102,109,received,transaction,2311 
102,112,received,transaction,2311 
102,115,received,transaction,2311 
102,116,received,transaction,2311 
102,102,received,transaction,2310 
102,104,received,transaction,2311 
103,102,received,transaction,2311 
105,101,received,transaction,2311 
105,114,received,transaction,2311 
105,111,received,transaction,2311 
105,110,received,transaction,2309 
107,113,received,transaction,2311 
109,117,received,transaction,2311 
110, 100,Appended, Transaction, 2312
110, 100, broadcasting, data, 2312
110,103,received,transaction,2310 
110,102,received,transaction,2312 
110,101,received,transaction,2312 
111,106,received,transaction,2312 
111,110,received,transaction,2312 
111,111,received,transaction,2312 
112,103,received,transaction,2311 
112,105,received,transaction,2312 
112,109,received,transaction,2312 
112,115,received,transaction,2312 
112,110,received,transaction,2311 
113,103,received,transaction,2312 
113,108,received,transaction,2311 
114,113,received,transaction,2312 
114,112,received,transaction,2312 
115,114,received,transaction,2312 
115,116,received,transaction,2312 
115,104,received,transaction,2312 
115,107,received,transaction,2312 
119,117,received,transaction,2312 
120, 100,Appended, Transaction, 2313
120, 100, broadcasting, data, 2313
120,104,received,transaction,2313 
120,118,received,transaction,2312 
121,109,received,transaction,2313 
121,106,received,transaction,2313 
121,106,received,transaction,2311 
121,108,received,transaction,2312 
121,112,received,transaction,2313 
122,115,received,transaction,2313 
122,110,received,transaction,2313 
123,107,received,transaction,2311 
124,107,received,transaction,2313 
125,102,received,transaction,2313 
125,111,received,transaction,2313 
125,113,received,transaction,2313 
126,101,received,transaction,2313 
128,103,received,transaction,2313 
130, 100,Appended, Transaction, 2314
130, 100, broadcasting, data, 2314
130,117,received,transaction,2313 
131,118,received,transaction,2314 
131,107,received,transaction,2314 
131,105,received,transaction,2313 
131,108,received,transaction,2313 
132,101,received,transaction,2314 
132,112,received,transaction,2314 
132,115,received,transaction,2314 
132,105,received,transaction,2314 
133,103,received,transaction,2314 
134,109,received,transaction,2314 
134,117,received,transaction,2314 
135,102,received,transaction,2314 
135,113,received,transaction,2314 
137,114,received,transaction,2313 
137,110,received,transaction,2314 
139,114,received,transaction,2314 
139,111,received,transaction,2314 
140, 100,Appended, Transaction, 2315
140, 100, broadcasting, data, 2315
140,118,received,transaction,2313 
141,118,received,transaction,2315 
141,102,received,transaction,2315 
142,110,received,transaction,2315 
142,112,received,transaction,2315 
142,115,received,transaction,2315 
142,116,received,transaction,2315 
142,104,received,transaction,2315 
143,106,received,transaction,2314 
143,103,received,transaction,2315 
143,116,received,transaction,2313 
144,108,received,transaction,2314 
144,109,received,transaction,2315 
144,104,received,transaction,2314 
145,111,received,transaction,2315 
147,106,received,transaction,2315 
147,105,received,transaction,2315 
148,107,received,transaction,2315 
148,117,received,transaction,2315 
149,113,received,transaction,2315 
150, 100,Appended, Transaction, 2316
150, 100, broadcasting, data, 2316
150,116,received,transaction,2314 
151,106,received,transaction,2316 
151,110,received,transaction,2316 
151,101,received,transaction,2315 
152,105,received,transaction,2316 
152,112,received,transaction,2316 
152,108,received,transaction,2315 
155,115,received,transaction,2316 
155,102,received,transaction,2316 
155,113,received,transaction,2316 
155,114,received,transaction,2316 
156,116,received,transaction,2316 
156,107,received,transaction,2316 
156,109,received,transaction,2316 
157,118,received,transaction,2316 
160, 100,Appended, Transaction, 2317
160, 100, broadcasting, data, 2317
160,117,received,transaction,2316 
160,104,received,transaction,2317 
160,103,received,transaction,2316 
160,108,received,transaction,2316 
160,111,received,transaction,2317 
160,106,received,transaction,2317 
161,118,received,transaction,2317 
161,104,received,transaction,2316 
162,105,received,transaction,2317 
162,109,received,transaction,2317 
163,103,received,transaction,2317 
163,101,received,transaction,2317 
165,113,received,transaction,2317 
165,114,received,transaction,2317 
166,112,received,transaction,2317 
166,108,received,transaction,2317 
167,101,received,transaction,2316 
167,111,received,transaction,2316 
168,117,received,transaction,2317 
170, 100,Appended, Transaction, 2318
170, 100, broadcasting, data, 2318
170,108,received,transaction,2318 
170,115,received,transaction,2317 
171,110,received,transaction,2318 
171,118,received,transaction,2318 
171,116,received,transaction,2318 
171,111,received,transaction,2318 
172,112,received,transaction,2318 
173,103,received,transaction,2318 
174,105,received,transaction,2318 
174,117,received,transaction,2318 
174,104,received,transaction,2318 
175,102,received,transaction,2318 
175,113,received,transaction,2318 
175,114,received,transaction,2318 
175,116,received,transaction,2317 
177,102,received,transaction,2317 
178,106,received,transaction,2318 
179,107,received,transaction,2317 
179,101,received,transaction,2318 
179,115,received,transaction,2318 
180, 100,Appended, Transaction, 2319
180, 100, broadcasting, data, 2319
180,116,received,transaction,2319 
180,110,received,transaction,2317 
181,114,received,transaction,2315 
182,105,received,transaction,2319 
182,113,received,transaction,2319 
183,106,received,transaction,2319 
183,109,received,transaction,2318 
184,109,received,transaction,2319 
185,101,received,transaction,2319 
185,102,received,transaction,2319 
185,111,received,transaction,2319 
186,107,received,transaction,2318 
186,104,received,transaction,2319 
187,118,received,transaction,2319 
189,108,received,transaction,2319 
189,115,received,transaction,2319 
190, 100,Appended, Transaction, 2320
190, 100, broadcasting, data, 2320
190,103,received,transaction,2320 
190,103,received,transaction,2319 
190,114,received,transaction,2320 
191,110,received,transaction,2319 
191,106,received,transaction,2320 
191,110,received,transaction,2320 
191,107,received,transaction,2319 
191,101,received,transaction,2320 
192,109,received,transaction,2320 
192,115,received,transaction,2320 
192,116,received,transaction,2320 
192,107,received,transaction,2320 
193,118,received,transaction,2320 
193,114,received,transaction,2319 
195,111,received,transaction,2320 
195,102,received,transaction,2320 
196,112,received,transaction,2319 
197,105,received,transaction,2320 
197,112,received,transaction,2320 
198,117,received,transaction,2319 
198,108,received,transaction,2320 
200, 100,Appended, Transaction, 2321
200, 100, broadcasting, data, 2321
201,106,received,transaction,2321 
201,103,received,transaction,2321 
201,113,received,transaction,2320 
202,112,received,transaction,2321 
204,110,received,transaction,2321 
204,118,received,transaction,2321 
205,113,received,transaction,2321 
205,114,received,transaction,2321 
207,111,received,transaction,2321 
207,116,received,transaction,2321 
207,102,received,transaction,2321 
207,104,received,transaction,2320 
208,107,received,transaction,2321 
208,101,received,transaction,2321 
208,109,received,transaction,2321 
209, 100,Appended, Transaction, 2322
209, 100, broadcasting, data, 2322
210,118,received,transaction,2322 
211,105,received,transaction,2321 
211,115,received,transaction,2322 
213,109,received,transaction,2322 
214,107,received,transaction,2322 
214,116,received,transaction,2322 
214,102,received,transaction,2322 
214,113,received,transaction,2322 
215,117,received,transaction,2320 
215,117,received,transaction,2321 
215,104,received,transaction,2322 
216,104,received,transaction,2321 
216,115,received,transaction,2321 
216,108,received,transaction,2322 
217,106,received,transaction,2322 
219,111,received,transaction,2322 
219, 100,Appended, Transaction, 2323
219, 100, broadcasting, data, 2323
219,101,received,transaction,2323 
220,105,received,transaction,2323 
220,106,received,transaction,2323 
220,118,received,transaction,2323 
220,101,received,transaction,2322 
221,108,received,transaction,2323 
221,109,received,transaction,2323 
221,115,received,transaction,2323 
221,103,received,transaction,2323 
222,114,received,transaction,2322 
222,113,received,transaction,2323 
223,104,received,transaction,2323 
223,108,received,transaction,2321 
223,117,received,transaction,2323 
224,105,received,transaction,2322 
224,114,received,transaction,2323 
224,102,received,transaction,2323 
225,112,received,transaction,2322 
225,116,received,transaction,2323 
226,110,received,transaction,2322 
227,110,received,transaction,2323 
227,111,received,transaction,2323 
228,103,received,transaction,2322 
229, 100,Appended, Transaction, 2324
229, 100, broadcasting, data, 2324
229,112,received,transaction,2323 
230,106,received,transaction,2324 
230,103,received,transaction,2324 
230,110,received,transaction,2324 
230,118,received,transaction,2324 
230,113,received,transaction,2324 
231,105,received,transaction,2324 
231,115,received,transaction,2324 
232,117,received,transaction,2322 
232,111,received,transaction,2324 
233,104,received,transaction,2324 
233,116,received,transaction,2324 
234,101,received,transaction,2324 
234,109,received,transaction,2324 
235,107,received,transaction,2323 
237,108,received,transaction,2324 
239, 100,Appended, Transaction, 2325
239, 100, broadcasting, data, 2325
240,117,received,transaction,2324 
240,112,received,transaction,2325 
240,107,received,transaction,2324 
241,105,received,transaction,2325 
241,109,received,transaction,2325 
241,115,received,transaction,2325 
242,102,received,transaction,2325 
242,103,received,transaction,2325 
243,112,received,transaction,2324 
243,114,received,transaction,2324 
244,113,received,transaction,2325 
244,111,received,transaction,2325 
247,106,received,transaction,2325 
247,102,received,transaction,2324 
248,116,received,transaction,2325 
248,107,received,transaction,2325 
248,104,received,transaction,2325 
249, 100,Appended, Transaction, 2326
249, 100, broadcasting, data, 2326
250,106,received,transaction,2326 
250,118,received,transaction,2326 
251,109,received,transaction,2326 
251,115,received,transaction,2326 
251,116,received,transaction,2326 
252,110,received,transaction,2325 
252,108,received,transaction,2325 
253,111,received,transaction,2326 
253,101,received,transaction,2325 
253,104,received,transaction,2326 
253,105,received,transaction,2326 
254,110,received,transaction,2326 
254,102,received,transaction,2326 
254,117,received,transaction,2325 
256,108,received,transaction,2326 
256,114,received,transaction,2325 
256,103,received,transaction,2326 
257,118,received,transaction,2325 
258,114,received,transaction,2326 
259, 100,Appended, Transaction, 2327
259, 100, broadcasting, data, 2327
260,113,received,transaction,2326 
260,112,received,transaction,2327 
260,106,received,transaction,2327 
260,118,received,transaction,2327 
261,112,received,transaction,2326 
261,116,received,transaction,2327 
262,103,received,transaction,2327 
263,117,received,transaction,2326 
264,111,received,transaction,2327 
265,102,received,transaction,2327 
265,107,received,transaction,2326 
266,109,received,transaction,2327 
266,105,received,transaction,2327 
267,101,received,transaction,2327 
268,104,received,transaction,2327 
268,113,received,transaction,2327 
269,115,received,transaction,2327 
269,107,received,transaction,2327 
269, 100,Appended, Transaction, 2328
269, 100, broadcasting, data, 2328
269,115,received,transaction,2328 
270,109,received,transaction,2328 
270,110,received,transaction,2328 
271,101,received,transaction,2326 
271,110,received,transaction,2327 
271,105,received,transaction,2328 
271,112,received,transaction,2328 
272,106,received,transaction,2328 
272,117,received,transaction,2327 
274,111,received,transaction,2328 
274,113,received,transaction,2328 
274,114,received,transaction,2328 
275,104,received,transaction,2328 
275,103,received,transaction,2328 
276,101,received,transaction,2328 
277,108,received,transaction,2327 
278,102,received,transaction,2328 
278,108,received,transaction,2328 
279,114,received,transaction,2327 
279, 100,Appended, Transaction, 2329
279, 100, broadcasting, data, 2329
280,110,received,transaction,2329 
280,111,received,transaction,2329 
281,105,received,transaction,2329 
281,112,received,transaction,2329 
281,116,received,transaction,2329 
282,107,received,transaction,2328 
282,116,received,transaction,2328 
283,115,received,transaction,2329 
283,113,received,transaction,2329 
283,106,received,transaction,2329 
283,117,received,transaction,2329 
284,103,received,transaction,2329 
284,101,received,transaction,2329 
284,114,received,transaction,2329 
284,118,received,transaction,2328 
288,118,received,transaction,2329 
289,109,received,transaction,2329 
289, 100,Appended, Transaction, 2330
289, 100, broadcasting, data, 2330
289,102,received,transaction,2329 
290,104,received,transaction,2329 
290,102,received,transaction,2330 
290,110,received,transaction,2330 
291,117,received,transaction,2328 
291,105,received,transaction,2330 
291,109,received,transaction,2330 
291,115,received,transaction,2330 
291,116,received,transaction,2330 
291,107,received,transaction,2330 
292,104,received,transaction,2330 
292,103,received,transaction,2330 
293,118,received,transaction,2330 
293,107,received,transaction,2329 
293,108,received,transaction,2329 
294,111,received,transaction,2330 
295,106,received,transaction,2330 
296,101,received,transaction,2330 
297,113,received,transaction,2330 
299, 100,Appended, Transaction, 2331
299, 100, broadcasting, data, 2331
300,117,received,transaction,2330 
300,110,received,transaction,2331 
301,112,received,transaction,2331 
301,105,received,transaction,2331 
301,109,received,transaction,2331 
302,114,received,transaction,2331 
303,113,received,transaction,2331 
303,101,received,transaction,2331 
303,115,received,transaction,2331 
304,107,received,transaction,2331 
304,111,received,transaction,2331 
306,106,received,transaction,2331 
306,108,received,transaction,2331 
307,104,received,transaction,2331 
307,114,received,transaction,2330 
308,103,received,transaction,2331 
309,108,received,transaction,2330 
309, 100,Appended, Transaction, 2332
309, 100, broadcasting, data, 2332
310,117,received,transaction,2331 
310,106,received,transaction,2332 
310,110,received,transaction,2332 
310,118,received,transaction,2332 
311,102,received,transaction,2331 
311,104,received,transaction,2332 
311,115,received,transaction,2332 
312,102,received,transaction,2332 
312,112,received,transaction,2332 
312,103,received,transaction,2332 
313,101,received,transaction,2332 
313,113,received,transaction,2332 
314,112,received,transaction,2330 
314,111,received,transaction,2332 
315,117,received,transaction,2332 
316,116,received,transaction,2331 
317,118,received,transaction,2331 
319,109,received,transaction,2332 
320, 100,Appended, Transaction, 2333
320, 100, broadcasting, data, 2333
320,116,received,transaction,2332 
320,108,received,transaction,2332 
320,105,received,transaction,2332 
320,114,received,transaction,2332 
321,107,received,transaction,2332 
322,112,received,transaction,2333 
322,115,received,transaction,2333 
322,116,received,transaction,2333 
323,107,received,transaction,2333 
324,104,received,transaction,2333 
325,111,received,transaction,2333 
325,113,received,transaction,2333 
325,114,received,transaction,2333 
326,103,received,transaction,2333 
326,118,received,transaction,2333 
326,110,received,transaction,2333 
328,102,received,transaction,2333 
328,105,received,transaction,2333 
328,106,received,transaction,2333 
330, 100,Appended, Transaction, 2334
330, 100, broadcasting, data, 2334
331,109,received,transaction,2333 
331,118,received,transaction,2334 
331,113,received,transaction,2334 
331,103,received,transaction,2334 
332,105,received,transaction,2334 
332,109,received,transaction,2334 
332,112,received,transaction,2334 
334,104,received,transaction,2334 
334,116,received,transaction,2334 
335,106,received,transaction,2334 
337,117,received,transaction,2334 
338,107,received,transaction,2334 
338,101,received,transaction,2334 
338,101,received,transaction,2333 
339,114,received,transaction,2334 
339,108,received,transaction,2334 
340, 100,Appended, Transaction, 2335
340, 100, broadcasting, data, 2335
340,108,received,transaction,2335 
340,110,received,transaction,2334 
340,102,received,transaction,2334 
340,117,received,transaction,2333 
340,106,received,transaction,2335 
340,108,received,transaction,2333 
340,107,received,transaction,2335 
341,110,received,transaction,2335 
341,118,received,transaction,2335 
341,103,received,transaction,2335 
342,109,received,transaction,2335 
342,112,received,transaction,2335 
342,115,received,transaction,2335 
343,102,received,transaction,2335 
344,113,received,transaction,2335 
345,101,received,transaction,2335 
345,111,received,transaction,2335 
345,111,received,transaction,2334 
347,115,received,transaction,2334 
347,114,received,transaction,2335 
348,117,received,transaction,2335 
350, 100,Appended, Transaction, 2336
350, 100, broadcasting, data, 2336
350,114,received,transaction,2336 
350,107,received,transaction,2336 
351,106,received,transaction,2336 
351,118,received,transaction,2336 
351,104,received,transaction,2335 
352,116,received,transaction,2335 
353,103,received,transaction,2336 
353,102,received,transaction,2336 
353,115,received,transaction,2336 
353,105,received,transaction,2335 
354,113,received,transaction,2336 
354,105,received,transaction,2336 
355,109,received,transaction,2336 
355,101,received,transaction,2336 
355,111,received,transaction,2336 
355,110,received,transaction,2336 
357,112,received,transaction,2336 
358,116,received,transaction,2336 
358,104,received,transaction,2336 
358,108,received,transaction,2336 
360, 100,Appended, Transaction, 2337
360, 100, broadcasting, data, 2337
361,106,received,transaction,2337 
361,118,received,transaction,2337 
362,105,received,transaction,2337 
362,112,received,transaction,2337 
362,116,received,transaction,2337 
363,103,received,transaction,2337 
364,104,received,transaction,2337 
365,101,received,transaction,2337 
365,114,received,transaction,2337 
367,115,received,transaction,2337 
367,117,received,transaction,2336 
368,107,received,transaction,2337 
368,109,received,transaction,2337 
369,102,received,transaction,2337 
370, 100,Appended, Transaction, 2338
370, 100, broadcasting, data, 2338
371,106,received,transaction,2338 
372,105,received,transaction,2338 
372,109,received,transaction,2338 
372,112,received,transaction,2338 
372,115,received,transaction,2338 
372,116,received,transaction,2338 
373,103,received,transaction,2338 
373,111,received,transaction,2337 
373,113,received,transaction,2338 
375,101,received,transaction,2338 
376,117,received,transaction,2338 
376,108,received,transaction,2338 
377,111,received,transaction,2338 
378,118,received,transaction,2338 
378,110,received,transaction,2337 
378,110,received,transaction,2338 
380,114,received,transaction,2338 
380,104,received,transaction,2338 
380, 100,Appended, Transaction, 2339
380, 100, broadcasting, data, 2339
381,106,received,transaction,2339 
381,113,received,transaction,2337 
382,109,received,transaction,2339 
382,112,received,transaction,2339 
383,103,received,transaction,2339 
383,107,received,transaction,2338 
384,117,received,transaction,2337 
385,118,received,transaction,2339 
385,111,received,transaction,2339 
385,104,received,transaction,2339 
386,108,received,transaction,2337 
386,116,received,transaction,2339 
387,110,received,transaction,2339 
388,102,received,transaction,2338 
388,108,received,transaction,2339 
388,115,received,transaction,2339 
389,101,received,transaction,2339 
390, 100,Appended, Transaction, 2340
390, 100, broadcasting, data, 2340
390,117,received,transaction,2340 
391,111,received,transaction,2340 
391,118,received,transaction,2340 
391,106,received,transaction,2340 
391,105,received,transaction,2339 
392,105,received,transaction,2340 
393,113,received,transaction,2340 
393,110,received,transaction,2340 
395,104,received,transaction,2340 
395,114,received,transaction,2339 
395,102,received,transaction,2339 
395,102,received,transaction,2340 
396,103,received,transaction,2340 
396,117,received,transaction,2339 
396,108,received,transaction,2340 
397,115,received,transaction,2340 
398,107,received,transaction,2340 
399,113,received,transaction,2339 
399,109,received,transaction,2340 
400, 100,Appended, Transaction, 2341
400, 100, broadcasting, data, 2341
401,114,received,transaction,2340 
401,106,received,transaction,2341 
401,118,received,transaction,2341 
402,110,received,transaction,2341 
402,112,received,transaction,2340 
402,116,received,transaction,2341 
402,113,received,transaction,2341 
404,109,received,transaction,2341 
404,115,received,transaction,2341 
405,104,received,transaction,2341 
405,111,received,transaction,2341 
406,101,received,transaction,2340 
407,103,received,transaction,2341 
407,107,received,transaction,2341 
410,114,received,transaction,2341 
410,108,received,transaction,2341 
410,107,received,transaction,2339 
410,101,received,transaction,2341 
410, 100,Appended, Transaction, 2342
410, 100, broadcasting, data, 2342
411,118,received,transaction,2342 
412,116,received,transaction,2342 
412,109,received,transaction,2342 
412,115,received,transaction,2342 
412,117,received,transaction,2342 
412,105,received,transaction,2342 
413,114,received,transaction,2342 
413,107,received,transaction,2342 
413,116,received,transaction,2340 
413,103,received,transaction,2342 
415,112,received,transaction,2341 
415,113,received,transaction,2342 
417,102,received,transaction,2342 
417,101,received,transaction,2342 
417,102,received,transaction,2341 
417,117,received,transaction,2341 
419,106,received,transaction,2342 
419,108,received,transaction,2342 
419,110,received,transaction,2342 
420,112,received,transaction,2342 
420, 100,Appended, Transaction, 2343
420, 100, broadcasting, data, 2343
421,114,received,transaction,2343 
422,108,received,transaction,2343 
422,115,received,transaction,2343 
422,116,received,transaction,2343 
422,109,received,transaction,2343 
422,105,received,transaction,2341 
423,111,received,transaction,2342 
423,104,received,transaction,2342 
424,110,received,transaction,2343 
424,103,received,transaction,2343 
424,104,received,transaction,2343 
425,118,received,transaction,2343 
425,117,received,transaction,2343 
425,101,received,transaction,2343 
425,102,received,transaction,2343 
425,113,received,transaction,2343 
426,105,received,transaction,2343 
426,112,received,transaction,2343 
428,111,received,transaction,2343 
428,107,received,transaction,2343 
430, 100,Appended, Transaction, 2344
430, 100, broadcasting, data, 2344
430,111,received,transaction,2344 
430,115,received,transaction,2344 
431,118,received,transaction,2344 
431,106,received,transaction,2344 
432,109,received,transaction,2344 
432,112,received,transaction,2344 
434,107,received,transaction,2344 
436,108,received,transaction,2344 
437,105,received,transaction,2344 
439,116,received,transaction,2344 
439,101,received,transaction,2344 
439,117,received,transaction,2344 
440, 100,Appended, Transaction, 2345
440, 100, broadcasting, data, 2345
441,106,received,transaction,2345 
442,113,received,transaction,2344 
442,114,received,transaction,2345 
442,115,received,transaction,2345 
442,112,received,transaction,2345 
442,116,received,transaction,2345 
444,118,received,transaction,2345 
444,104,received,transaction,2345 
444,108,received,transaction,2345 
445,101,received,transaction,2345 
445,113,received,transaction,2345 
446,110,received,transaction,2345 
446,105,received,transaction,2345 
446,103,received,transaction,2344 
447,106,received,transaction,2343 
448,102,received,transaction,2344 
448,107,received,transaction,2345 
450,103,received,transaction,2345 
450,111,received,transaction,2345 
450, 100,Appended, Transaction, 2346
450, 100, broadcasting, data, 2346
452,115,received,transaction,2346 
452,117,received,transaction,2345 
453,104,received,transaction,2344 
453,110,received,transaction,2344 
453,103,received,transaction,2346 
453,112,received,transaction,2346 
454,105,received,transaction,2346 
454,117,received,transaction,2346 
454,109,received,transaction,2346 
454,109,received,transaction,2345 
455,111,received,transaction,2346 
455,114,received,transaction,2346 
455,114,received,transaction,2344 
456,106,received,transaction,2346 
457,113,received,transaction,2346 
458,116,received,transaction,2346 
459,102,received,transaction,2345 
460,108,received,transaction,2346 
460, 100,Appended, Transaction, 2347
460, 100, broadcasting, data, 2347
460,107,received,transaction,2347 
460,104,received,transaction,2346 
461,106,received,transaction,2347 
461,110,received,transaction,2347 
461,103,received,transaction,2347 
462,105,received,transaction,2347 
462,115,received,transaction,2347 
462,116,received,transaction,2347 
463,102,received,transaction,2347 
463,110,received,transaction,2346 
464,101,received,transaction,2346 
464,118,received,transaction,2347 
464,109,received,transaction,2347 
464,104,received,transaction,2347 
465,101,received,transaction,2347 
466,108,received,transaction,2347 
467,118,received,transaction,2346 
467,102,received,transaction,2346 
468,111,received,transaction,2347 
469,114,received,transaction,2347 
470, 100,Appended, Transaction, 2348
470, 100, broadcasting, data, 2348
471,109,received,transaction,2348 
471,107,received,transaction,2346 
472,105,received,transaction,2348 
472,114,received,transaction,2348 
473,106,received,transaction,2348 
473,103,received,transaction,2348 
473,117,received,transaction,2348 
473,104,received,transaction,2348 
474,118,received,transaction,2348 
475,115,received,transaction,2348 
477,117,received,transaction,2347 
477,102,received,transaction,2348 
477,116,received,transaction,2348 
478,108,received,transaction,2348 
478,101,received,transaction,2348 
479,112,received,transaction,2347 
480,113,received,transaction,2347 
480, 100,Appended, Transaction, 2349
480, 100, broadcasting, data, 2349
481,118,received,transaction,2349 
482,105,received,transaction,2349 
482,109,received,transaction,2349 
482,115,received,transaction,2349 
482,116,received,transaction,2349 
483,107,received,transaction,2348 
483,111,received,transaction,2348 
484,104,received,transaction,2349 
484,101,received,transaction,2349 
485,102,received,transaction,2349 
485,113,received,transaction,2349 
486,107,received,transaction,2349 
486,113,received,transaction,2348 
487,117,received,transaction,2349 
487,103,received,transaction,2349 
488,110,received,transaction,2348 
488,111,received,transaction,2349 
489,112,received,transaction,2349 
490, 100,Appended, Transaction, 2350
490, 100, broadcasting, data, 2350
490,104,received,transaction,2350 
490,106,received,transaction,2350 
490,115,received,transaction,2350 
491,118,received,transaction,2350 
491,114,received,transaction,2349 
491,108,received,transaction,2350 
491,112,received,transaction,2348 
491,110,received,transaction,2349 
492,108,received,transaction,2349 
492,109,received,transaction,2350 
492,116,received,transaction,2350 
493,102,received,transaction,2350 
493,106,received,transaction,2349 
495,101,received,transaction,2350 
496,105,received,transaction,2350 
497,113,received,transaction,2350 
497,110,received,transaction,2350 
498,103,received,transaction,2350 
Simulation ended
