0,100, generated, node, -
0,101, generated, node, -
0,102, generated, node, -
0,103, generated, node, -
0,104, generated, node, -
0,105, generated, node, -
0,106, generated, node, -
0,107, generated, node, -
0,108, generated, node, -
0,109, generated, node, -
0,110, generated, node, -
0,111, generated, node, -
0,112, generated, node, -
0,113, generated, node, -
0,114, generated, node, -
0,115, generated, node, -
0,116, generated, node, -
0,117, generated, node, -
0,118, generated, node, -
1000, 113, Created, block,99901,0
No of blocks in node 113 is 1
1000, 113, broadcasting, data, 99901
1000,105, received, block, 99901
1000,105, interrupted, block, 99901 
1001,106, received, block, 99901
1001,106, interrupted, block, 99901 
1002,101, received, block, 99901
1002,101, interrupted, block, 99901 
1002,102, received, block, 99901
1002,102, interrupted, block, 99901 
1002,103, received, block, 99901
1002,103, interrupted, block, 99901 
1002,110, received, block, 99901
1002,110, interrupted, block, 99901 
1003,112, received, block, 99901
1003,112, interrupted, block, 99901 
1003,115, received, block, 99901
1003,115, interrupted, block, 99901 
1003,116, received, block, 99901
1003,116, interrupted, block, 99901 
1003,114, received, block, 99901
1003,114, interrupted, block, 99901 
1007,100, received, block, 99901
1007,100, interrupted, block, 99901 
1007,111, received, block, 99901
1007,111, interrupted, block, 99901 
1008,118, received, block, 99901
1008,118, interrupted, block, 99901 
1009,109, received, block, 99901
1009,109, interrupted, block, 99901 
1009,107, received, block, 99901
1009,107, interrupted, block, 99901 
1010,104, received, block, 99901
1010,104, interrupted, block, 99901 
No of blocks in node 110 is 1
No of blocks in node 101 is 1
1012,108, received, block, 99901
1012,108, interrupted, block, 99901 
No of blocks in node 111 is 1
No of blocks in node 112 is 1
No of blocks in node 104 is 1
No of blocks in node 116 is 1
No of blocks in node 103 is 1
1020,117, received, block, 99901
1020,117, interrupted, block, 99901 
No of blocks in node 106 is 1
No of blocks in node 105 is 1
No of blocks in node 115 is 1
No of blocks in node 102 is 1
No of blocks in node 118 is 1
No of blocks in node 107 is 1
No of blocks in node 114 is 1
No of blocks in node 100 is 1
No of blocks in node 108 is 1
No of blocks in node 117 is 1
No of blocks in node 109 is 1
2000, 113, Created, block,99902,0
No of blocks in node 113 is 2
2000, 113, broadcasting, data, 99902
2000,117, received, block, 99902
2000,117, interrupted, block, 99902 
2002,101, received, block, 99902
2002,101, interrupted, block, 99902 
2002,102, received, block, 99902
2002,102, interrupted, block, 99902 
2002,106, received, block, 99902
2002,106, interrupted, block, 99902 
2002,114, received, block, 99902
2002,114, interrupted, block, 99902 
2003,112, received, block, 99902
2003,112, interrupted, block, 99902 
2003,115, received, block, 99902
2003,115, interrupted, block, 99902 
2003,104, received, block, 99902
2003,104, interrupted, block, 99902 
2004,107, received, block, 99902
2004,107, interrupted, block, 99902 
2004,111, received, block, 99902
2004,111, interrupted, block, 99902 
2005,109, received, block, 99902
2005,109, interrupted, block, 99902 
2006,110, received, block, 99902
2006,110, interrupted, block, 99902 
2007,100, received, block, 99902
2007,100, interrupted, block, 99902 
2007,108, received, block, 99902
2007,108, interrupted, block, 99902 
2010,103, received, block, 99902
2010,103, interrupted, block, 99902 
2012,105, received, block, 99902
2012,105, interrupted, block, 99902 
2012,116, received, block, 99902
2012,116, interrupted, block, 99902 
2013,118, received, block, 99902
2013,118, interrupted, block, 99902 
No of blocks in node 106 is 2
No of blocks in node 109 is 2
No of blocks in node 107 is 2
No of blocks in node 104 is 2
No of blocks in node 110 is 2
No of blocks in node 114 is 2
No of blocks in node 112 is 2
No of blocks in node 108 is 2
No of blocks in node 115 is 2
No of blocks in node 102 is 2
No of blocks in node 116 is 2
No of blocks in node 111 is 2
No of blocks in node 101 is 2
No of blocks in node 117 is 2
No of blocks in node 100 is 2
No of blocks in node 118 is 2
No of blocks in node 103 is 2
No of blocks in node 105 is 2
3000, 113, Created, block,99903,0
No of blocks in node 113 is 3
3000, 113, broadcasting, data, 99903
3000,117, received, block, 99903
3000,117, interrupted, block, 99903 
3001,115, received, block, 99903
3001,115, interrupted, block, 99903 
3002,101, received, block, 99903
3002,101, interrupted, block, 99903 
3002,102, received, block, 99903
3002,102, interrupted, block, 99903 
3002,106, received, block, 99903
3002,106, interrupted, block, 99903 
3002,111, received, block, 99903
3002,111, interrupted, block, 99903 
3002,110, received, block, 99903
3002,110, interrupted, block, 99903 
3003,112, received, block, 99903
3003,112, interrupted, block, 99903 
No of blocks in node 117 is 3
3005,109, received, block, 99903
3005,109, interrupted, block, 99903 
3008,114, received, block, 99903
3008,114, interrupted, block, 99903 
No of blocks in node 106 is 3
3010,103, received, block, 99903
3010,103, interrupted, block, 99903 
3012,107, received, block, 99903
3012,107, interrupted, block, 99903 
3012,108, received, block, 99903
3012,108, interrupted, block, 99903 
3013,100, received, block, 99903
3013,100, interrupted, block, 99903 
3014,104, received, block, 99903
3014,104, interrupted, block, 99903 
3015,105, received, block, 99903
3015,105, interrupted, block, 99903 
3015,116, received, block, 99903
3015,116, interrupted, block, 99903 
No of blocks in node 102 is 3
3017,118, received, block, 99903
3017,118, interrupted, block, 99903 
No of blocks in node 112 is 3
No of blocks in node 111 is 3
No of blocks in node 118 is 3
No of blocks in node 109 is 3
No of blocks in node 115 is 3
No of blocks in node 116 is 3
No of blocks in node 103 is 3
No of blocks in node 110 is 3
No of blocks in node 108 is 3
No of blocks in node 104 is 3
No of blocks in node 100 is 3
No of blocks in node 101 is 3
No of blocks in node 114 is 3
No of blocks in node 105 is 3
No of blocks in node 107 is 3
4000, 113, Created, block,99904,0
No of blocks in node 113 is 4
4000, 113, broadcasting, data, 99904
4002,101, received, block, 99904
4002,101, interrupted, block, 99904 
4002,110, received, block, 99904
4002,110, interrupted, block, 99904 
4002,114, received, block, 99904
4002,114, interrupted, block, 99904 
4002,107, received, block, 99904
4002,107, interrupted, block, 99904 
4003,112, received, block, 99904
4003,112, interrupted, block, 99904 
4003,115, received, block, 99904
4003,115, interrupted, block, 99904 
4005,102, received, block, 99904
4005,102, interrupted, block, 99904 
4005,116, received, block, 99904
4005,116, interrupted, block, 99904 
4009,100, received, block, 99904
4009,100, interrupted, block, 99904 
4010,105, received, block, 99904
4010,105, interrupted, block, 99904 
4010,108, received, block, 99904
4010,108, interrupted, block, 99904 
4012,118, received, block, 99904
4012,118, interrupted, block, 99904 
4013,111, received, block, 99904
4013,111, interrupted, block, 99904 
4013,103, received, block, 99904
4013,103, interrupted, block, 99904 
No of blocks in node 107 is 4
4015,109, received, block, 99904
4015,109, interrupted, block, 99904 
No of blocks in node 105 is 4
No of blocks in node 110 is 4
4018,117, received, block, 99904
4018,117, interrupted, block, 99904 
4019,106, received, block, 99904
4019,106, interrupted, block, 99904 
No of blocks in node 101 is 4
4029,104, received, block, 99904
4029,104, interrupted, block, 99904 
No of blocks in node 114 is 4
No of blocks in node 109 is 4
No of blocks in node 103 is 4
No of blocks in node 111 is 4
No of blocks in node 112 is 4
No of blocks in node 102 is 4
No of blocks in node 100 is 4
No of blocks in node 116 is 4
No of blocks in node 108 is 4
No of blocks in node 115 is 4
No of blocks in node 106 is 4
No of blocks in node 117 is 4
No of blocks in node 118 is 4
No of blocks in node 104 is 4
5000, 113, Created, block,99905,0
No of blocks in node 113 is 5
5000, 113, broadcasting, data, 99905
5002,101, received, block, 99905
5002,101, interrupted, block, 99905 
5002,106, received, block, 99905
5002,106, interrupted, block, 99905 
5002,110, received, block, 99905
5002,110, interrupted, block, 99905 
5003,105, received, block, 99905
5003,105, interrupted, block, 99905 
5003,112, received, block, 99905
5003,112, interrupted, block, 99905 
5003,116, received, block, 99905
5003,116, interrupted, block, 99905 
5003,118, received, block, 99905
5003,118, interrupted, block, 99905 
5003,111, received, block, 99905
5003,111, interrupted, block, 99905 
5003,114, received, block, 99905
5003,114, interrupted, block, 99905 
5004,115, received, block, 99905
5004,115, interrupted, block, 99905 
5006,107, received, block, 99905
5006,107, interrupted, block, 99905 
5007,103, received, block, 99905
5007,103, interrupted, block, 99905 
5007,100, received, block, 99905
5007,100, interrupted, block, 99905 
5007,109, received, block, 99905
5007,109, interrupted, block, 99905 
5010,108, received, block, 99905
5010,108, interrupted, block, 99905 
5012,102, received, block, 99905
5012,102, interrupted, block, 99905 
5017,117, received, block, 99905
5017,117, interrupted, block, 99905 
No of blocks in node 115 is 5
5018,104, received, block, 99905
5018,104, interrupted, block, 99905 
No of blocks in node 106 is 5
No of blocks in node 112 is 5
No of blocks in node 101 is 5
No of blocks in node 116 is 5
No of blocks in node 100 is 5
No of blocks in node 111 is 5
No of blocks in node 114 is 5
No of blocks in node 109 is 5
No of blocks in node 102 is 5
No of blocks in node 117 is 5
No of blocks in node 110 is 5
No of blocks in node 118 is 5
No of blocks in node 105 is 5
No of blocks in node 103 is 5
No of blocks in node 107 is 5
No of blocks in node 108 is 5
No of blocks in node 104 is 5
6000, 113, Created, block,99906,0
No of blocks in node 113 is 6
6000, 113, broadcasting, data, 99906
6001,115, received, block, 99906
6001,115, interrupted, block, 99906 
6002,102, received, block, 99906
6002,102, interrupted, block, 99906 
6002,110, received, block, 99906
6002,110, interrupted, block, 99906 
6002,101, received, block, 99906
6002,101, interrupted, block, 99906 
6002,108, received, block, 99906
6002,108, interrupted, block, 99906 
6003,103, received, block, 99906
6003,103, interrupted, block, 99906 
6003,105, received, block, 99906
6003,105, interrupted, block, 99906 
6003,111, received, block, 99906
6003,111, interrupted, block, 99906 
6004,112, received, block, 99906
6004,112, interrupted, block, 99906 
6004,100, received, block, 99906
6004,100, interrupted, block, 99906 
6005,107, received, block, 99906
6005,107, interrupted, block, 99906 
6005,118, received, block, 99906
6005,118, interrupted, block, 99906 
6005,106, received, block, 99906
6005,106, interrupted, block, 99906 
No of blocks in node 108 is 6
6006,117, received, block, 99906
6006,117, interrupted, block, 99906 
No of blocks in node 112 is 6
6010,116, received, block, 99906
6010,116, interrupted, block, 99906 
6011,114, received, block, 99906
6011,114, interrupted, block, 99906 
No of blocks in node 117 is 6
6014,109, received, block, 99906
6014,109, interrupted, block, 99906 
No of blocks in node 114 is 6
6017,104, received, block, 99906
6017,104, interrupted, block, 99906 
No of blocks in node 111 is 6
No of blocks in node 106 is 6
No of blocks in node 115 is 6
No of blocks in node 101 is 6
No of blocks in node 110 is 6
No of blocks in node 105 is 6
No of blocks in node 118 is 6
No of blocks in node 102 is 6
No of blocks in node 103 is 6
No of blocks in node 100 is 6
No of blocks in node 107 is 6
No of blocks in node 116 is 6
No of blocks in node 109 is 6
No of blocks in node 104 is 6
7000, 113, Created, block,99907,0
No of blocks in node 113 is 7
7000, 113, broadcasting, data, 99907
7001,105, received, block, 99907
7001,105, interrupted, block, 99907 
7001,112, received, block, 99907
7001,112, interrupted, block, 99907 
7002,102, received, block, 99907
7002,102, interrupted, block, 99907 
7002,106, received, block, 99907
7002,106, interrupted, block, 99907 
7002,114, received, block, 99907
7002,114, interrupted, block, 99907 
7003,111, received, block, 99907
7003,111, interrupted, block, 99907 
7003,115, received, block, 99907
7003,115, interrupted, block, 99907 
7005,107, received, block, 99907
7005,107, interrupted, block, 99907 
7005,109, received, block, 99907
7005,109, interrupted, block, 99907 
7005,118, received, block, 99907
7005,118, interrupted, block, 99907 
No of blocks in node 105 is 7
7007,101, received, block, 99907
7007,101, interrupted, block, 99907 
7007,103, received, block, 99907
7007,103, interrupted, block, 99907 
7008,117, received, block, 99907
7008,117, interrupted, block, 99907 
No of blocks in node 103 is 7
No of blocks in node 109 is 7
7011,108, received, block, 99907
7011,108, interrupted, block, 99907 
7014,104, received, block, 99907
7014,104, interrupted, block, 99907 
No of blocks in node 117 is 7
No of blocks in node 108 is 7
7020,100, received, block, 99907
7020,100, interrupted, block, 99907 
7022,116, received, block, 99907
7022,116, interrupted, block, 99907 
No of blocks in node 106 is 7
No of blocks in node 115 is 7
7024,110, received, block, 99907
7024,110, interrupted, block, 99907 
No of blocks in node 116 is 7
No of blocks in node 111 is 7
No of blocks in node 104 is 7
No of blocks in node 112 is 7
No of blocks in node 114 is 7
No of blocks in node 102 is 7
No of blocks in node 110 is 7
No of blocks in node 118 is 7
No of blocks in node 107 is 7
No of blocks in node 101 is 7
No of blocks in node 100 is 7
8000, 113, Created, block,99908,0
No of blocks in node 113 is 8
8000, 113, broadcasting, data, 99908
8002,101, received, block, 99908
8002,101, interrupted, block, 99908 
8002,110, received, block, 99908
8002,110, interrupted, block, 99908 
8003,103, received, block, 99908
8003,103, interrupted, block, 99908 
8003,105, received, block, 99908
8003,105, interrupted, block, 99908 
8003,111, received, block, 99908
8003,111, interrupted, block, 99908 
8003,112, received, block, 99908
8003,112, interrupted, block, 99908 
8004,102, received, block, 99908
8004,102, interrupted, block, 99908 
8005,100, received, block, 99908
8005,100, interrupted, block, 99908 
8005,118, received, block, 99908
8005,118, interrupted, block, 99908 
8005,106, received, block, 99908
8005,106, interrupted, block, 99908 
8006,115, received, block, 99908
8006,115, interrupted, block, 99908 
8006,114, received, block, 99908
8006,114, interrupted, block, 99908 
8008,117, received, block, 99908
8008,117, interrupted, block, 99908 
No of blocks in node 101 is 8
8009,107, received, block, 99908
8009,107, interrupted, block, 99908 
8012,108, received, block, 99908
8012,108, interrupted, block, 99908 
No of blocks in node 103 is 8
No of blocks in node 114 is 8
8015,104, received, block, 99908
8015,104, interrupted, block, 99908 
8017,116, received, block, 99908
8017,116, interrupted, block, 99908 
8018,109, received, block, 99908
8018,109, interrupted, block, 99908 
No of blocks in node 108 is 8
No of blocks in node 111 is 8
No of blocks in node 105 is 8
No of blocks in node 109 is 8
No of blocks in node 116 is 8
No of blocks in node 110 is 8
No of blocks in node 117 is 8
No of blocks in node 102 is 8
No of blocks in node 104 is 8
No of blocks in node 106 is 8
No of blocks in node 100 is 8
No of blocks in node 115 is 8
No of blocks in node 112 is 8
No of blocks in node 118 is 8
No of blocks in node 107 is 8
9000, 113, Created, block,99909,0
No of blocks in node 113 is 9
9000, 113, broadcasting, data, 99909
9001,106, received, block, 99909
9001,106, interrupted, block, 99909 
9001,109, received, block, 99909
9001,109, interrupted, block, 99909 
9002,102, received, block, 99909
9002,102, interrupted, block, 99909 
9002,118, received, block, 99909
9002,118, interrupted, block, 99909 
9003,111, received, block, 99909
9003,111, interrupted, block, 99909 
9003,115, received, block, 99909
9003,115, interrupted, block, 99909 
9003,116, received, block, 99909
9003,116, interrupted, block, 99909 
9003,107, received, block, 99909
9003,107, interrupted, block, 99909 
9003,112, received, block, 99909
9003,112, interrupted, block, 99909 
9003,110, received, block, 99909
9003,110, interrupted, block, 99909 
9005,117, received, block, 99909
9005,117, interrupted, block, 99909 
No of blocks in node 102 is 9
9008,105, received, block, 99909
9008,105, interrupted, block, 99909 
9010,104, received, block, 99909
9010,104, interrupted, block, 99909 
9011,114, received, block, 99909
9011,114, interrupted, block, 99909 
No of blocks in node 112 is 9
9014,101, received, block, 99909
9014,101, interrupted, block, 99909 
9014,103, received, block, 99909
9014,103, interrupted, block, 99909 
No of blocks in node 118 is 9
9018,100, received, block, 99909
9018,100, interrupted, block, 99909 
No of blocks in node 114 is 9
No of blocks in node 116 is 9
9023,108, received, block, 99909
9023,108, interrupted, block, 99909 
No of blocks in node 111 is 9
No of blocks in node 106 is 9
No of blocks in node 107 is 9
No of blocks in node 101 is 9
No of blocks in node 104 is 9
No of blocks in node 105 is 9
No of blocks in node 110 is 9
No of blocks in node 109 is 9
No of blocks in node 103 is 9
No of blocks in node 115 is 9
No of blocks in node 100 is 9
No of blocks in node 117 is 9
No of blocks in node 108 is 9
10000, 113, Created, block,99910,0
No of blocks in node 113 is 10
10000, 113, broadcasting, data, 99910
10001,118, received, block, 99910
10001,118, interrupted, block, 99910 
10001,112, received, block, 99910
10001,112, interrupted, block, 99910 
10002,101, received, block, 99910
10002,101, interrupted, block, 99910 
10002,102, received, block, 99910
10002,102, interrupted, block, 99910 
10002,106, received, block, 99910
10002,106, interrupted, block, 99910 
10002,110, received, block, 99910
10002,110, interrupted, block, 99910 
10003,105, received, block, 99910
10003,105, interrupted, block, 99910 
10003,116, received, block, 99910
10003,116, interrupted, block, 99910 
10003,107, received, block, 99910
10003,107, interrupted, block, 99910 
10004,109, received, block, 99910
10004,109, interrupted, block, 99910 
10004,100, received, block, 99910
10004,100, interrupted, block, 99910 
10005,114, received, block, 99910
10005,114, interrupted, block, 99910 
10005,103, received, block, 99910
10005,103, interrupted, block, 99910 
10005,117, received, block, 99910
10005,117, interrupted, block, 99910 
No of blocks in node 101 is 10
10009,111, received, block, 99910
10009,111, interrupted, block, 99910 
No of blocks in node 117 is 10
10010,115, received, block, 99910
10010,115, interrupted, block, 99910 
10012,108, received, block, 99910
10012,108, interrupted, block, 99910 
No of blocks in node 100 is 10
No of blocks in node 106 is 10
10016,104, received, block, 99910
10016,104, interrupted, block, 99910 
No of blocks in node 114 is 10
No of blocks in node 109 is 10
No of blocks in node 111 is 10
No of blocks in node 108 is 10
No of blocks in node 115 is 10
No of blocks in node 118 is 10
No of blocks in node 107 is 10
No of blocks in node 105 is 10
No of blocks in node 102 is 10
No of blocks in node 110 is 10
No of blocks in node 116 is 10
No of blocks in node 104 is 10
No of blocks in node 112 is 10
No of blocks in node 103 is 10
Simulation ended
