0,100, generated, node, -
0,101, generated, node, -
0,102, generated, node, -
0,103, generated, node, -
0,104, generated, node, -
0,105, generated, node, -
0,106, generated, node, -
0,107, generated, node, -
0,108, generated, node, -
0,109, generated, node, -
0,110, generated, node, -
0,111, generated, node, -
0,112, generated, node, -
0,113, generated, node, -
0,114, generated, node, -
0,115, generated, node, -
0,116, generated, node, -
0,117, generated, node, -
0,118, generated, node, -
0, 109,Appended, Transaction, 2301
0, 109, broadcasting, data, 2301
0,102,received,transaction,2301 
2,105,received,transaction,2301 
2,112,received,transaction,2301 
2,116,received,transaction,2301 
3,107,received,transaction,2301 
4,113,received,transaction,2301 
5,100,received,transaction,2301 
6,108,received,transaction,2301 
6,111,received,transaction,2301 
7,103,received,transaction,2301 
7,115,received,transaction,2301 
8,106,received,transaction,2301 
10, 107,Appended, Transaction, 2302
10, 107, broadcasting, data, 2302
11,101,received,transaction,2301 
12,104,received,transaction,2302 
12,118,received,transaction,2302 
13,109,received,transaction,2302 
13,114,received,transaction,2302 
15,112,received,transaction,2302 
15,115,received,transaction,2302 
15,117,received,transaction,2301 
15,118,received,transaction,2301 
15,106,received,transaction,2302 
16,114,received,transaction,2301 
16,113,received,transaction,2302 
16,117,received,transaction,2302 
17,101,received,transaction,2302 
18,100,received,transaction,2302 
18,105,received,transaction,2302 
19, 105,Appended, Transaction, 2303
19, 105, broadcasting, data, 2303
20,116,received,transaction,2303 
20,102,received,transaction,2302 
20,104,received,transaction,2301 
21,112,received,transaction,2303 
21,104,received,transaction,2303 
21,109,received,transaction,2303 
22,108,received,transaction,2302 
22,118,received,transaction,2303 
22,101,received,transaction,2303 
22,111,received,transaction,2303 
23,111,received,transaction,2302 
23,107,received,transaction,2303 
24,114,received,transaction,2303 
25,110,received,transaction,2303 
25,106,received,transaction,2303 
26,100,received,transaction,2303 
26,103,received,transaction,2303 
27,110,received,transaction,2301 
27,116,received,transaction,2302 
28,110,received,transaction,2302 
29,113,received,transaction,2303 
29, 108,Appended, Transaction, 2304
29, 108, broadcasting, data, 2304
30,103,received,transaction,2304 
30,108,received,transaction,2303 
30,102,received,transaction,2304 
30,105,received,transaction,2304 
30,114,received,transaction,2304 
30,115,received,transaction,2304 
30,116,received,transaction,2304 
34,117,received,transaction,2303 
35,109,received,transaction,2304 
35,107,received,transaction,2304 
35,104,received,transaction,2304 
36,103,received,transaction,2302 
36,110,received,transaction,2304 
37,100,received,transaction,2304 
37,102,received,transaction,2303 
39, 104,Appended, Transaction, 2305
39, 104, broadcasting, data, 2305
40,106,received,transaction,2305 
40,105,received,transaction,2305 
40,114,received,transaction,2305 
40,103,received,transaction,2305 
41,111,received,transaction,2304 
41,107,received,transaction,2305 
42,117,received,transaction,2305 
42,112,received,transaction,2304 
42,106,received,transaction,2304 
42,111,received,transaction,2305 
42,110,received,transaction,2305 
43,101,received,transaction,2304 
43,100,received,transaction,2305 
43,118,received,transaction,2305 
43,108,received,transaction,2305 
44,102,received,transaction,2305 
46,118,received,transaction,2304 
47,117,received,transaction,2304 
49,116,received,transaction,2305 
49, 117,Appended, Transaction, 2306
49, 117, broadcasting, data, 2306
49,109,received,transaction,2305 
