0,100, generated, node, -
0,101, generated, node, -
0,102, generated, node, -
0,103, generated, node, -
0,104, generated, node, -
0,105, generated, node, -
0,106, generated, node, -
0,107, generated, node, -
0,108, generated, node, -
0,109, generated, node, -
0,110, generated, node, -
0,111, generated, node, -
0,112, generated, node, -
0,113, generated, node, -
0,114, generated, node, -
0,115, generated, node, -
0,116, generated, node, -
0,117, generated, node, -
0,118, generated, node, -
0, 107,Appended, Transaction, 2301
0, 107, broadcasting, data, 2301
1,101,received,transaction,2301 
2,104,received,transaction,2301 
3,116,received,transaction,2301 
3,103,received,transaction,2301 
4,106,received,transaction,2301 
4,115,received,transaction,2301 
5,111,received,transaction,2301 
5,112,received,transaction,2301 
5,113,received,transaction,2301 
6,117,received,transaction,2301 
6,109,received,transaction,2301 
8,118,received,transaction,2301 
8,100,received,transaction,2301 
9,108,received,transaction,2301 
9,102,received,transaction,2301 
10, 104,Appended, Transaction, 2302
10, 104, broadcasting, data, 2302
11,110,received,transaction,2302 
11,117,received,transaction,2302 
12,112,received,transaction,2302 
12,115,received,transaction,2302 
12,100,received,transaction,2302 
13,110,received,transaction,2301 
14,118,received,transaction,2302 
14,105,received,transaction,2301 
15,114,received,transaction,2301 
15,102,received,transaction,2302 
15,114,received,transaction,2302 
16,107,received,transaction,2302 
17,108,received,transaction,2302 
19,105,received,transaction,2302 
20,101,received,transaction,2302 
20, 102,Appended, Transaction, 2303
20, 102, broadcasting, data, 2303
21,108,received,transaction,2303 
21,109,received,transaction,2302 
22,106,received,transaction,2303 
22,111,received,transaction,2303 
22,113,received,transaction,2303 
22,117,received,transaction,2303 
22,116,received,transaction,2302 
22,113,received,transaction,2302 
22,112,received,transaction,2303 
23,107,received,transaction,2303 
23,114,received,transaction,2303 
23,115,received,transaction,2303 
24,111,received,transaction,2302 
25,100,received,transaction,2303 
25,104,received,transaction,2303 
26,116,received,transaction,2303 
27,105,received,transaction,2303 
28,103,received,transaction,2302 
28,106,received,transaction,2302 
28,103,received,transaction,2303 
28,109,received,transaction,2303 
29,110,received,transaction,2303 
30, 106,Appended, Transaction, 2304
30, 106, broadcasting, data, 2304
30,102,received,transaction,2304 
30,116,received,transaction,2304 
31,100,received,transaction,2304 
31,104,received,transaction,2304 
31,118,received,transaction,2304 
31,101,received,transaction,2303 
32,111,received,transaction,2304 
32,113,received,transaction,2304 
32,109,received,transaction,2304 
33,115,received,transaction,2304 
33,118,received,transaction,2303 
33,103,received,transaction,2304 
34,107,received,transaction,2304 
35,117,received,transaction,2304 
38,101,received,transaction,2304 
38,105,received,transaction,2304 
40, 100,Appended, Transaction, 2305
40, 100, broadcasting, data, 2305
41,106,received,transaction,2305 
41,110,received,transaction,2305 
41,118,received,transaction,2305 
41,112,received,transaction,2305 
42,105,received,transaction,2305 
42,109,received,transaction,2305 
42,115,received,transaction,2305 
42,117,received,transaction,2305 
42,102,received,transaction,2305 
43,103,received,transaction,2305 
43,108,received,transaction,2304 
43,110,received,transaction,2304 
44,107,received,transaction,2305 
45,111,received,transaction,2305 
45,113,received,transaction,2305 
45,108,received,transaction,2305 
46,116,received,transaction,2305 
47,112,received,transaction,2304 
