0,100, generated, node, -
0,101, generated, node, -
0,102, generated, node, -
0,103, generated, node, -
0,104, generated, node, -
0,105, generated, node, -
0,106, generated, node, -
0,107, generated, node, -
0,108, generated, node, -
0,109, generated, node, -
0,110, generated, node, -
0,111, generated, node, -
0,112, generated, node, -
0,113, generated, node, -
0,114, generated, node, -
0,115, generated, node, -
0,116, generated, node, -
0,117, generated, node, -
0,118, generated, node, -
0, 107,Appended, Transaction, 2301
0, 107, broadcasting, data, 2301
1,100,received,transaction,2301 
2,104,received,transaction,2301 
2,108,received,transaction,2301 
3,114,received,transaction,2301 
4,110,received,transaction,2301 
5,105,received,transaction,2301 
5,115,received,transaction,2301 
5,116,received,transaction,2301 
6,111,received,transaction,2301 
7,102,received,transaction,2301 
7,113,received,transaction,2301 
9,118,received,transaction,2301 
10, 107,Appended, Transaction, 2302
10, 107, broadcasting, data, 2302
10,110,received,transaction,2302 
11,106,received,transaction,2301 
11,101,received,transaction,2301 
11,117,received,transaction,2301 
12,104,received,transaction,2302 
13,102,received,transaction,2302 
13,111,received,transaction,2302 
13,114,received,transaction,2302 
13,106,received,transaction,2302 
15,113,received,transaction,2302 
15,115,received,transaction,2302 
15,103,received,transaction,2301 
16,108,received,transaction,2302 
16,117,received,transaction,2302 
16,112,received,transaction,2302 
18,118,received,transaction,2302 
20, 113,Appended, Transaction, 2303
20, 113, broadcasting, data, 2303
20,109,received,transaction,2301 
21,103,received,transaction,2302 
21,112,received,transaction,2301 
21,109,received,transaction,2303 
22,106,received,transaction,2303 
22,115,received,transaction,2303 
23,103,received,transaction,2303 
23,105,received,transaction,2303 
23,111,received,transaction,2303 
23,112,received,transaction,2303 
23,116,received,transaction,2303 
25,102,received,transaction,2303 
25,100,received,transaction,2303 
25,107,received,transaction,2303 
27,108,received,transaction,2303 
27,118,received,transaction,2303 
27,116,received,transaction,2302 
27,110,received,transaction,2303 
27,104,received,transaction,2303 
28,101,received,transaction,2303 
29,105,received,transaction,2302 
30, 109,Appended, Transaction, 2304
30, 109, broadcasting, data, 2304
31,109,received,transaction,2302 
31,114,received,transaction,2304 
31,100,received,transaction,2302 
32,102,received,transaction,2304 
32,105,received,transaction,2304 
32,115,received,transaction,2304 
32,116,received,transaction,2304 
33,100,received,transaction,2304 
33,107,received,transaction,2304 
34,108,received,transaction,2304 
35,111,received,transaction,2304 
35,113,received,transaction,2304 
35,101,received,transaction,2302 
36,118,received,transaction,2304 
38,110,received,transaction,2304 
39,114,received,transaction,2303 
39,117,received,transaction,2303 
40, 114,Appended, Transaction, 2305
40, 114, broadcasting, data, 2305
40,106,received,transaction,2304 
40,117,received,transaction,2304 
41,108,received,transaction,2305 
42,101,received,transaction,2305 
42,110,received,transaction,2305 
43,102,received,transaction,2305 
43,107,received,transaction,2305 
43,112,received,transaction,2304 
43,103,received,transaction,2305 
44,105,received,transaction,2305 
44,112,received,transaction,2305 
45,100,received,transaction,2305 
45,116,received,transaction,2305 
45,111,received,transaction,2305 
46,106,received,transaction,2305 
47,104,received,transaction,2305 
47,104,received,transaction,2304 
48,109,received,transaction,2305 
48,103,received,transaction,2304 
49,115,received,transaction,2305 
49,117,received,transaction,2305 
