0,100, generated, node, -
0,101, generated, node, -
0,102, generated, node, -
0,103, generated, node, -
0,104, generated, node, -
0,105, generated, node, -
0,106, generated, node, -
0,107, generated, node, -
0,108, generated, node, -
0,109, generated, node, -
0,110, generated, node, -
0,111, generated, node, -
0,112, generated, node, -
0,113, generated, node, -
0,114, generated, node, -
0,115, generated, node, -
0,116, generated, node, -
0,117, generated, node, -
0,118, generated, node, -
0, 100,Appended, Transaction, 2301
0, 100, broadcasting, data, 2301
0,103,received,transaction,2301 
1,106,received,transaction,2301 
1,110,received,transaction,2301 
3,118,received,transaction,2301 
4,104,received,transaction,2301 
4,109,received,transaction,2301 
4,112,received,transaction,2301 
4,117,received,transaction,2301 
5,102,received,transaction,2301 
5,111,received,transaction,2301 
5,101,received,transaction,2301 
6,115,received,transaction,2301 
6,108,received,transaction,2301 
9,107,received,transaction,2301 
9,114,received,transaction,2301 
9, 100,Appended, Transaction, 2302
9, 100, broadcasting, data, 2302
10,106,received,transaction,2302 
10,110,received,transaction,2302 
10,118,received,transaction,2302 
11,105,received,transaction,2301 
11,112,received,transaction,2302 
11,116,received,transaction,2302 
13,113,received,transaction,2301 
13,108,received,transaction,2302 
13,103,received,transaction,2302 
14,111,received,transaction,2302 
14,101,received,transaction,2302 
14,113,received,transaction,2302 
15,109,received,transaction,2302 
16,102,received,transaction,2302 
17,116,received,transaction,2301 
18,114,received,transaction,2302 
18,104,received,transaction,2302 
19,117,received,transaction,2302 
19, 100,Appended, Transaction, 2303
19, 100, broadcasting, data, 2303
20,105,received,transaction,2303 
20,105,received,transaction,2302 
20,106,received,transaction,2303 
20,110,received,transaction,2303 
20,118,received,transaction,2303 
21,112,received,transaction,2303 
21,111,received,transaction,2303 
21,115,received,transaction,2302 
21,104,received,transaction,2303 
21,109,received,transaction,2303 
21,115,received,transaction,2303 
21,116,received,transaction,2303 
22,107,received,transaction,2303 
22,103,received,transaction,2303 
23,102,received,transaction,2303 
26,108,received,transaction,2303 
26,117,received,transaction,2303 
27,113,received,transaction,2303 
27,107,received,transaction,2302 
30, 100,Appended, Transaction, 2304
30, 100, broadcasting, data, 2304
32,105,received,transaction,2304 
32,109,received,transaction,2304 
32,112,received,transaction,2304 
32,116,received,transaction,2304 
32,107,received,transaction,2304 
33,113,received,transaction,2304 
33,108,received,transaction,2304 
34,101,received,transaction,2303 
34,118,received,transaction,2304 
35,111,received,transaction,2304 
36,115,received,transaction,2304 
37,101,received,transaction,2304 
39, 100,Appended, Transaction, 2305
39, 100, broadcasting, data, 2305
40,106,received,transaction,2304 
40,106,received,transaction,2305 
40,110,received,transaction,2305 
41,114,received,transaction,2304 
41,111,received,transaction,2305 
41,104,received,transaction,2305 
41,103,received,transaction,2304 
41,105,received,transaction,2305 
41,109,received,transaction,2305 
41,112,received,transaction,2305 
41,115,received,transaction,2305 
42,103,received,transaction,2305 
43,113,received,transaction,2305 
44,116,received,transaction,2305 
44,110,received,transaction,2304 
44,102,received,transaction,2305 
45,114,received,transaction,2303 
46,102,received,transaction,2304 
48,101,received,transaction,2305 
49, 100,Appended, Transaction, 2306
49, 100, broadcasting, data, 2306
50,101,received,transaction,2306 
50,110,received,transaction,2306 
50,112,received,transaction,2306 
50,106,received,transaction,2306 
51,109,received,transaction,2306 
51,105,received,transaction,2306 
52,117,received,transaction,2304 
52,114,received,transaction,2305 
53,111,received,transaction,2306 
53,115,received,transaction,2306 
53,104,received,transaction,2306 
55,108,received,transaction,2305 
55,117,received,transaction,2305 
56,107,received,transaction,2305 
56,104,received,transaction,2304 
57,118,received,transaction,2306 
58,117,received,transaction,2306 
58,103,received,transaction,2306 
59, 100,Appended, Transaction, 2307
59, 100, broadcasting, data, 2307
60,108,received,transaction,2307 
60,106,received,transaction,2307 
60,118,received,transaction,2305 
61,113,received,transaction,2306 
61,103,received,transaction,2307 
61,101,received,transaction,2307 
61,115,received,transaction,2307 
61,102,received,transaction,2306 
62,105,received,transaction,2307 
63,104,received,transaction,2307 
64,116,received,transaction,2307 
64,112,received,transaction,2307 
65,114,received,transaction,2306 
65,114,received,transaction,2307 
66,116,received,transaction,2306 
67,107,received,transaction,2306 
67,107,received,transaction,2307 
67,110,received,transaction,2307 
68,117,received,transaction,2307 
69,118,received,transaction,2307 
69, 100,Appended, Transaction, 2308
69, 100, broadcasting, data, 2308
70,106,received,transaction,2308 
70,116,received,transaction,2308 
71,113,received,transaction,2307 
71,112,received,transaction,2308 
71,115,received,transaction,2308 
73,111,received,transaction,2307 
73,105,received,transaction,2308 
73,108,received,transaction,2306 
74,118,received,transaction,2308 
74,110,received,transaction,2308 
74,102,received,transaction,2307 
74,113,received,transaction,2308 
74,114,received,transaction,2308 
77,109,received,transaction,2308 
77,111,received,transaction,2308 
78,108,received,transaction,2308 
79, 100,Appended, Transaction, 2309
79, 100, broadcasting, data, 2309
79,104,received,transaction,2309 
80,107,received,transaction,2308 
80,106,received,transaction,2309 
80,110,received,transaction,2309 
80,118,received,transaction,2309 
81,109,received,transaction,2307 
81,105,received,transaction,2309 
81,115,received,transaction,2309 
81,116,received,transaction,2309 
81,103,received,transaction,2308 
82,103,received,transaction,2309 
83,102,received,transaction,2308 
83,117,received,transaction,2308 
84,111,received,transaction,2309 
84,112,received,transaction,2309 
84,101,received,transaction,2309 
84,113,received,transaction,2309 
84,114,received,transaction,2309 
86,101,received,transaction,2308 
87,104,received,transaction,2308 
87,107,received,transaction,2309 
88,117,received,transaction,2309 
88,109,received,transaction,2309 
89, 100,Appended, Transaction, 2310
89, 100, broadcasting, data, 2310
90,106,received,transaction,2310 
90,110,received,transaction,2310 
90,118,received,transaction,2310 
90,115,received,transaction,2310 
91,109,received,transaction,2310 
91,116,received,transaction,2310 
92,103,received,transaction,2310 
93,108,received,transaction,2309 
94,107,received,transaction,2310 
95,112,received,transaction,2310 
96,108,received,transaction,2310 
96,102,received,transaction,2310 
97,102,received,transaction,2309 
99, 100,Appended, Transaction, 2311
99, 100, broadcasting, data, 2311
99,105,received,transaction,2310 
100,114,received,transaction,2311 
100,117,received,transaction,2310 
101,113,received,transaction,2310 
101,108,received,transaction,2311 
101,109,received,transaction,2311 
102,111,received,transaction,2310 
102,106,received,transaction,2311 
103,113,received,transaction,2311 
103,118,received,transaction,2311 
103,104,received,transaction,2311 
104,102,received,transaction,2311 
105,110,received,transaction,2311 
105,105,received,transaction,2311 
105,112,received,transaction,2311 
105,116,received,transaction,2311 
106,103,received,transaction,2311 
107,114,received,transaction,2310 
108,101,received,transaction,2310 
109, 100,Appended, Transaction, 2312
109, 100, broadcasting, data, 2312
109,101,received,transaction,2311 
110,113,received,transaction,2312 
110,117,received,transaction,2312 
110,106,received,transaction,2312 
110,118,received,transaction,2312 
110,112,received,transaction,2312 
110,111,received,transaction,2311 
111,105,received,transaction,2312 
112,101,received,transaction,2312 
112,104,received,transaction,2310 
113,104,received,transaction,2312 
113,114,received,transaction,2312 
114,109,received,transaction,2312 
114,110,received,transaction,2312 
114,107,received,transaction,2311 
115,111,received,transaction,2312 
115,103,received,transaction,2312 
116,115,received,transaction,2311 
116,115,received,transaction,2312 
118,102,received,transaction,2312 
118,116,received,transaction,2312 
119, 100,Appended, Transaction, 2313
119, 100, broadcasting, data, 2313
119,108,received,transaction,2312 
120,106,received,transaction,2313 
120,110,received,transaction,2313 
120,118,received,transaction,2313 
121,104,received,transaction,2313 
121,109,received,transaction,2313 
121,116,received,transaction,2313 
121,111,received,transaction,2313 
122,117,received,transaction,2313 
122,103,received,transaction,2313 
123,102,received,transaction,2313 
123,114,received,transaction,2313 
124,108,received,transaction,2313 
125,117,received,transaction,2311 
125,105,received,transaction,2313 
125,112,received,transaction,2313 
126,107,received,transaction,2312 
128,113,received,transaction,2313 
129, 100,Appended, Transaction, 2314
129, 100, broadcasting, data, 2314
129,116,received,transaction,2314 
129,117,received,transaction,2314 
130,102,received,transaction,2314 
130,118,received,transaction,2314 
131,106,received,transaction,2314 
131,105,received,transaction,2314 
131,112,received,transaction,2314 
131,115,received,transaction,2314 
132,109,received,transaction,2314 
133,104,received,transaction,2314 
133,107,received,transaction,2314 
134,111,received,transaction,2314 
135,101,received,transaction,2313 
135,110,received,transaction,2314 
136,115,received,transaction,2313 
136,103,received,transaction,2314 
139,114,received,transaction,2314 
139, 100,Appended, Transaction, 2315
139, 100, broadcasting, data, 2315
139,101,received,transaction,2315 
140,108,received,transaction,2314 
140,116,received,transaction,2315 
141,101,received,transaction,2314 
141,109,received,transaction,2315 
141,104,received,transaction,2315 
142,105,received,transaction,2315 
142,106,received,transaction,2315 
142,103,received,transaction,2315 
142,117,received,transaction,2315 
143,118,received,transaction,2315 
144,102,received,transaction,2315 
144,111,received,transaction,2315 
144,114,received,transaction,2315 
145,107,received,transaction,2313 
145,113,received,transaction,2315 
147,107,received,transaction,2315 
148,113,received,transaction,2314 
149,115,received,transaction,2315 
149,112,received,transaction,2315 
149, 100,Appended, Transaction, 2316
149, 100, broadcasting, data, 2316
150,110,received,transaction,2316 
150,118,received,transaction,2316 
151,108,received,transaction,2315 
151,114,received,transaction,2316 
151,102,received,transaction,2316 
151,112,received,transaction,2316 
151,115,received,transaction,2316 
152,103,received,transaction,2316 
152,106,received,transaction,2316 
153,117,received,transaction,2316 
154,104,received,transaction,2316 
154,101,received,transaction,2316 
157,107,received,transaction,2316 
157,111,received,transaction,2316 
157,110,received,transaction,2315 
158,109,received,transaction,2316 
159,108,received,transaction,2316 
159,105,received,transaction,2316 
159, 100,Appended, Transaction, 2317
159, 100, broadcasting, data, 2317
160,116,received,transaction,2316 
160,106,received,transaction,2317 
160,107,received,transaction,2317 
161,105,received,transaction,2317 
161,115,received,transaction,2317 
161,116,received,transaction,2317 
162,113,received,transaction,2316 
164,101,received,transaction,2317 
164,111,received,transaction,2317 
164,113,received,transaction,2317 
164,114,received,transaction,2317 
164,109,received,transaction,2317 
166,102,received,transaction,2317 
166,118,received,transaction,2317 
168,112,received,transaction,2317 
168,117,received,transaction,2317 
168,104,received,transaction,2317 
169,103,received,transaction,2317 
169, 100,Appended, Transaction, 2318
169, 100, broadcasting, data, 2318
170,118,received,transaction,2318 
170,106,received,transaction,2318 
170,108,received,transaction,2317 
171,102,received,transaction,2318 
171,105,received,transaction,2318 
172,112,received,transaction,2318 
172,103,received,transaction,2318 
174,101,received,transaction,2318 
174,111,received,transaction,2318 
174,113,received,transaction,2318 
174,110,received,transaction,2318 
176,110,received,transaction,2317 
177,107,received,transaction,2318 
178,108,received,transaction,2318 
179, 100,Appended, Transaction, 2319
179, 100, broadcasting, data, 2319
179,116,received,transaction,2318 
180,111,received,transaction,2319 
180,106,received,transaction,2319 
181,104,received,transaction,2318 
181,105,received,transaction,2319 
181,118,received,transaction,2319 
182,115,received,transaction,2319 
183,109,received,transaction,2318 
183,110,received,transaction,2319 
183,112,received,transaction,2319 
184,102,received,transaction,2319 
184,117,received,transaction,2318 
185,113,received,transaction,2319 
186,114,received,transaction,2318 
188,115,received,transaction,2318 
189,107,received,transaction,2319 
189, 100,Appended, Transaction, 2320
189, 100, broadcasting, data, 2320
189,104,received,transaction,2319 
190,116,received,transaction,2320 
190,103,received,transaction,2320 
190,106,received,transaction,2320 
190,118,received,transaction,2320 
191,116,received,transaction,2319 
191,112,received,transaction,2320 
191,117,received,transaction,2320 
192,115,received,transaction,2320 
193,109,received,transaction,2319 
194,117,received,transaction,2319 
194,101,received,transaction,2320 
194,114,received,transaction,2320 
196,109,received,transaction,2320 
196,110,received,transaction,2320 
198,103,received,transaction,2319 
198,114,received,transaction,2319 
198,108,received,transaction,2319 
199, 100,Appended, Transaction, 2321
199, 100, broadcasting, data, 2321
200,115,received,transaction,2321 
200,114,received,transaction,2321 
200,118,received,transaction,2321 
200,106,received,transaction,2321 
201,109,received,transaction,2321 
201,116,received,transaction,2321 
201,102,received,transaction,2321 
202,103,received,transaction,2321 
202,107,received,transaction,2320 
203,102,received,transaction,2320 
203,104,received,transaction,2321 
205,105,received,transaction,2320 
205,105,received,transaction,2321 
205,104,received,transaction,2320 
206,112,received,transaction,2321 
207,108,received,transaction,2320 
208,110,received,transaction,2321 
208,111,received,transaction,2320 
208,108,received,transaction,2321 
209,101,received,transaction,2321 
209,113,received,transaction,2321 
209, 100,Appended, Transaction, 2322
209, 100, broadcasting, data, 2322
209,113,received,transaction,2320 
210,116,received,transaction,2322 
210,102,received,transaction,2322 
210,107,received,transaction,2321 
210,111,received,transaction,2322 
210,117,received,transaction,2321 
210,110,received,transaction,2322 
210,118,received,transaction,2322 
211,114,received,transaction,2322 
212,101,received,transaction,2319 
213,105,received,transaction,2322 
214,112,received,transaction,2322 
214,106,received,transaction,2322 
216,107,received,transaction,2322 
216,101,received,transaction,2322 
217,117,received,transaction,2322 
218,104,received,transaction,2322 
218,103,received,transaction,2322 
219, 100,Appended, Transaction, 2323
219, 100, broadcasting, data, 2323
220,111,received,transaction,2323 
220,115,received,transaction,2322 
220,110,received,transaction,2323 
220,118,received,transaction,2323 
221,117,received,transaction,2323 
221,111,received,transaction,2321 
221,101,received,transaction,2323 
221,109,received,transaction,2322 
221,105,received,transaction,2323 
221,112,received,transaction,2323 
221,115,received,transaction,2323 
221,116,received,transaction,2323 
221,113,received,transaction,2322 
224,113,received,transaction,2323 
225,104,received,transaction,2323 
227,107,received,transaction,2323 
227,102,received,transaction,2323 
228,106,received,transaction,2323 
228,114,received,transaction,2323 
229, 100,Appended, Transaction, 2324
229, 100, broadcasting, data, 2324
230,101,received,transaction,2324 
230,106,received,transaction,2324 
230,110,received,transaction,2324 
231,103,received,transaction,2324 
233,113,received,transaction,2324 
233,105,received,transaction,2324 
234,111,received,transaction,2324 
234,114,received,transaction,2324 
235,104,received,transaction,2324 
235,103,received,transaction,2323 
236,107,received,transaction,2324 
236,109,received,transaction,2324 
236,109,received,transaction,2323 
236,102,received,transaction,2324 
237,108,received,transaction,2322 
238,115,received,transaction,2324 
239,112,received,transaction,2324 
239,117,received,transaction,2324 
239, 100,Appended, Transaction, 2325
239, 100, broadcasting, data, 2325
240,118,received,transaction,2325 
240,103,received,transaction,2325 
240,110,received,transaction,2325 
240,108,received,transaction,2323 
241,105,received,transaction,2325 
242,108,received,transaction,2324 
242,116,received,transaction,2325 
243,104,received,transaction,2325 
243,101,received,transaction,2325 
244,112,received,transaction,2325 
244,109,received,transaction,2325 
244,102,received,transaction,2325 
244,114,received,transaction,2325 
245,108,received,transaction,2325 
245,118,received,transaction,2324 
248,117,received,transaction,2325 
249,106,received,transaction,2325 
249,116,received,transaction,2324 
249,111,received,transaction,2325 
249, 100,Appended, Transaction, 2326
249, 100, broadcasting, data, 2326
250,118,received,transaction,2326 
250,107,received,transaction,2325 
251,112,received,transaction,2326 
251,115,received,transaction,2326 
251,116,received,transaction,2326 
252,102,received,transaction,2326 
252,114,received,transaction,2326 
253,104,received,transaction,2326 
254,113,received,transaction,2325 
254,101,received,transaction,2326 
254,111,received,transaction,2326 
255,110,received,transaction,2326 
256,115,received,transaction,2325 
256,103,received,transaction,2326 
256,105,received,transaction,2326 
258,109,received,transaction,2326 
258,117,received,transaction,2326 
259,106,received,transaction,2326 
259,107,received,transaction,2326 
259, 100,Appended, Transaction, 2327
259, 100, broadcasting, data, 2327
260,105,received,transaction,2327 
260,113,received,transaction,2326 
260,106,received,transaction,2327 
260,110,received,transaction,2327 
261,108,received,transaction,2327 
261,115,received,transaction,2327 
261,116,received,transaction,2327 
262,117,received,transaction,2327 
263,104,received,transaction,2327 
264,112,received,transaction,2327 
264,101,received,transaction,2327 
264,102,received,transaction,2327 
264,111,received,transaction,2327 
269,109,received,transaction,2327 
269, 100,Appended, Transaction, 2328
269, 100, broadcasting, data, 2328
269,108,received,transaction,2328 
270,113,received,transaction,2327 
270,118,received,transaction,2327 
270,118,received,transaction,2328 
270,108,received,transaction,2326 
271,109,received,transaction,2328 
271,115,received,transaction,2328 
272,114,received,transaction,2328 
272,116,received,transaction,2328 
273,106,received,transaction,2328 
273,103,received,transaction,2327 
274,113,received,transaction,2328 
274,105,received,transaction,2328 
274,101,received,transaction,2328 
274,102,received,transaction,2328 
275,104,received,transaction,2328 
276,112,received,transaction,2328 
276,111,received,transaction,2328 
276,110,received,transaction,2328 
276,103,received,transaction,2328 
279, 100,Appended, Transaction, 2329
279, 100, broadcasting, data, 2329
280,102,received,transaction,2329 
280,110,received,transaction,2329 
280,118,received,transaction,2329 
281,107,received,transaction,2328 
281,105,received,transaction,2329 
281,116,received,transaction,2329 
283,115,received,transaction,2329 
283,107,received,transaction,2329 
283,114,received,transaction,2327 
284,113,received,transaction,2329 
285,111,received,transaction,2329 
285,103,received,transaction,2329 
286,106,received,transaction,2329 
287,107,received,transaction,2327 
289, 100,Appended, Transaction, 2330
289, 100, broadcasting, data, 2330
290,113,received,transaction,2330 
290,106,received,transaction,2330 
290,110,received,transaction,2330 
290,118,received,transaction,2330 
290,108,received,transaction,2329 
291,103,received,transaction,2330 
291,112,received,transaction,2329 
291,109,received,transaction,2330 
291,115,received,transaction,2330 
291,101,received,transaction,2329 
293,114,received,transaction,2329 
293,117,received,transaction,2329 
293,104,received,transaction,2330 
294,109,received,transaction,2329 
294,111,received,transaction,2330 
294,114,received,transaction,2330 
296,104,received,transaction,2329 
297,108,received,transaction,2330 
299,117,received,transaction,2328 
299, 100,Appended, Transaction, 2331
299, 100, broadcasting, data, 2331
300,113,received,transaction,2331 
300,118,received,transaction,2331 
300,106,received,transaction,2331 
300,116,received,transaction,2330 
300,110,received,transaction,2331 
301,101,received,transaction,2330 
301,115,received,transaction,2331 
301,101,received,transaction,2331 
302,103,received,transaction,2331 
303,104,received,transaction,2331 
304,105,received,transaction,2330 
304,114,received,transaction,2331 
304,107,received,transaction,2330 
305,109,received,transaction,2331 
306,112,received,transaction,2331 
307,116,received,transaction,2331 
307,102,received,transaction,2330 
308,105,received,transaction,2331 
309,102,received,transaction,2331 
309, 100,Appended, Transaction, 2332
309, 100, broadcasting, data, 2332
310,117,received,transaction,2330 
310,106,received,transaction,2332 
310,110,received,transaction,2332 
310,115,received,transaction,2332 
311,118,received,transaction,2332 
311,105,received,transaction,2332 
311,112,received,transaction,2332 
311,101,received,transaction,2332 
312,107,received,transaction,2331 
312,107,received,transaction,2332 
312,111,received,transaction,2331 
312,109,received,transaction,2332 
312,117,received,transaction,2331 
313,112,received,transaction,2330 
313,104,received,transaction,2332 
314,102,received,transaction,2332 
314,114,received,transaction,2332 
317,108,received,transaction,2331 
318,117,received,transaction,2332 
319, 100,Appended, Transaction, 2333
319, 100, broadcasting, data, 2333
320,110,received,transaction,2333 
320,103,received,transaction,2333 
321,105,received,transaction,2333 
321,112,received,transaction,2333 
321,115,received,transaction,2333 
322,113,received,transaction,2332 
323,116,received,transaction,2332 
323,118,received,transaction,2333 
323,108,received,transaction,2332 
323,104,received,transaction,2333 
324,116,received,transaction,2333 
324,111,received,transaction,2333 
324,113,received,transaction,2333 
324,109,received,transaction,2333 
327,101,received,transaction,2333 
327,111,received,transaction,2332 
329,103,received,transaction,2332 
329,108,received,transaction,2333 
329, 100,Appended, Transaction, 2334
329, 100, broadcasting, data, 2334
329,102,received,transaction,2333 
330,118,received,transaction,2334 
331,114,received,transaction,2333 
331,112,received,transaction,2334 
331,104,received,transaction,2334 
332,107,received,transaction,2334 
332,106,received,transaction,2333 
335,101,received,transaction,2334 
335,111,received,transaction,2334 
335,105,received,transaction,2334 
335,110,received,transaction,2334 
336,115,received,transaction,2334 
336,116,received,transaction,2334 
337,117,received,transaction,2334 
337,114,received,transaction,2334 
337,102,received,transaction,2334 
339, 100,Appended, Transaction, 2335
339, 100, broadcasting, data, 2335
339,109,received,transaction,2334 
339,117,received,transaction,2333 
340,107,received,transaction,2333 
340,104,received,transaction,2335 
340,106,received,transaction,2335 
340,118,received,transaction,2335 
341,111,received,transaction,2335 
341,113,received,transaction,2334 
341,105,received,transaction,2335 
341,109,received,transaction,2335 
341,112,received,transaction,2335 
341,116,received,transaction,2335 
342,115,received,transaction,2335 
342,103,received,transaction,2335 
344,114,received,transaction,2335 
345,113,received,transaction,2335 
346,110,received,transaction,2335 
346,103,received,transaction,2334 
347,102,received,transaction,2335 
348,101,received,transaction,2335 
348,106,received,transaction,2334 
349, 100,Appended, Transaction, 2336
349, 100, broadcasting, data, 2336
350,107,received,transaction,2335 
350,108,received,transaction,2334 
350,106,received,transaction,2336 
350,118,received,transaction,2336 
351,101,received,transaction,2336 
351,112,received,transaction,2336 
352,108,received,transaction,2336 
352,117,received,transaction,2335 
353,102,received,transaction,2336 
354,113,received,transaction,2336 
354,114,received,transaction,2336 
357,109,received,transaction,2336 
357,115,received,transaction,2336 
358,111,received,transaction,2336 
359,103,received,transaction,2336 
359, 100,Appended, Transaction, 2337
359, 100, broadcasting, data, 2337
360,110,received,transaction,2337 
360,106,received,transaction,2337 
360,108,received,transaction,2337 
361,107,received,transaction,2336 
361,105,received,transaction,2336 
361,109,received,transaction,2337 
362,116,received,transaction,2337 
363,111,received,transaction,2337 
363,104,received,transaction,2336 
364,114,received,transaction,2337 
364,116,received,transaction,2336 
364,101,received,transaction,2337 
366,118,received,transaction,2337 
366,108,received,transaction,2335 
368,113,received,transaction,2337 
369,117,received,transaction,2336 
369, 100,Appended, Transaction, 2338
369, 100, broadcasting, data, 2338
370,101,received,transaction,2338 
370,118,received,transaction,2338 
370,104,received,transaction,2338 
371,103,received,transaction,2338 
371,112,received,transaction,2337 
371,105,received,transaction,2338 
371,116,received,transaction,2338 
372,114,received,transaction,2338 
372,110,received,transaction,2336 
373,104,received,transaction,2337 
373,117,received,transaction,2337 
374,111,received,transaction,2338 
374,102,received,transaction,2338 
374,107,received,transaction,2337 
374,103,received,transaction,2337 
375,102,received,transaction,2337 
375,115,received,transaction,2337 
376,106,received,transaction,2338 
376,108,received,transaction,2338 
377,109,received,transaction,2338 
377,105,received,transaction,2337 
377,107,received,transaction,2338 
377,115,received,transaction,2338 
379,112,received,transaction,2338 
379, 100,Appended, Transaction, 2339
379, 100, broadcasting, data, 2339
380,106,received,transaction,2339 
380,118,received,transaction,2339 
381,117,received,transaction,2338 
381,113,received,transaction,2338 
381,110,received,transaction,2339 
381,116,received,transaction,2339 
382,114,received,transaction,2339 
383,103,received,transaction,2339 
384,109,received,transaction,2339 
384,102,received,transaction,2339 
384,111,received,transaction,2339 
384,113,received,transaction,2339 
385,105,received,transaction,2339 
386,110,received,transaction,2338 
386,101,received,transaction,2339 
386,112,received,transaction,2339 
388,104,received,transaction,2339 
388,108,received,transaction,2339 
389,115,received,transaction,2339 
390, 100,Appended, Transaction, 2340
390, 100, broadcasting, data, 2340
391,106,received,transaction,2340 
391,107,received,transaction,2339 
392,109,received,transaction,2340 
392,112,received,transaction,2340 
392,110,received,transaction,2340 
393,103,received,transaction,2340 
394,117,received,transaction,2340 
394,118,received,transaction,2340 
395,102,received,transaction,2340 
395,111,received,transaction,2340 
395,114,received,transaction,2340 
397,105,received,transaction,2340 
397,104,received,transaction,2340 
398,107,received,transaction,2340 
399,108,received,transaction,2340 
399,115,received,transaction,2340 
400, 100,Appended, Transaction, 2341
400, 100, broadcasting, data, 2341
400,117,received,transaction,2339 
401,106,received,transaction,2341 
401,110,received,transaction,2341 
401,116,received,transaction,2340 
401,101,received,transaction,2340 
401,104,received,transaction,2341 
402,105,received,transaction,2341 
402,112,received,transaction,2341 
402,115,received,transaction,2341 
402,116,received,transaction,2341 
402,103,received,transaction,2341 
402,117,received,transaction,2341 
403,113,received,transaction,2341 
404,107,received,transaction,2341 
405,102,received,transaction,2341 
405,114,received,transaction,2341 
405,118,received,transaction,2341 
407,111,received,transaction,2341 
408,109,received,transaction,2341 
409,108,received,transaction,2341 
410,101,received,transaction,2341 
410, 100,Appended, Transaction, 2342
410, 100, broadcasting, data, 2342
410,116,received,transaction,2342 
410,117,received,transaction,2342 
411,110,received,transaction,2342 
411,112,received,transaction,2342 
412,109,received,transaction,2342 
412,115,received,transaction,2342 
412,104,received,transaction,2342 
412,113,received,transaction,2340 
413,103,received,transaction,2342 
414,118,received,transaction,2342 
415,101,received,transaction,2342 
415,102,received,transaction,2342 
415,113,received,transaction,2342 
415,114,received,transaction,2342 
415,105,received,transaction,2342 
415,111,received,transaction,2342 
418,107,received,transaction,2342 
420, 100,Appended, Transaction, 2343
420, 100, broadcasting, data, 2343
420,111,received,transaction,2343 
421,118,received,transaction,2343 
422,105,received,transaction,2343 
422,112,received,transaction,2343 
422,116,received,transaction,2343 
423,102,received,transaction,2343 
423,106,received,transaction,2343 
424,104,received,transaction,2343 
424,115,received,transaction,2343 
424,110,received,transaction,2343 
425,113,received,transaction,2343 
425,114,received,transaction,2343 
426,101,received,transaction,2343 
427,103,received,transaction,2343 
429,106,received,transaction,2342 
429,109,received,transaction,2343 
430, 100,Appended, Transaction, 2344
430, 100, broadcasting, data, 2344
430,105,received,transaction,2344 
430,108,received,transaction,2343 
431,106,received,transaction,2344 
431,110,received,transaction,2344 
431,118,received,transaction,2344 
431,108,received,transaction,2344 
432,112,received,transaction,2344 
432,116,received,transaction,2344 
432,115,received,transaction,2344 
432,108,received,transaction,2342 
433,107,received,transaction,2344 
433,103,received,transaction,2344 
434,104,received,transaction,2344 
435,101,received,transaction,2344 
436,117,received,transaction,2343 
438,102,received,transaction,2344 
439,114,received,transaction,2344 
440, 100,Appended, Transaction, 2345
440, 100, broadcasting, data, 2345
440,110,received,transaction,2345 
441,118,received,transaction,2345 
441,108,received,transaction,2345 
442,109,received,transaction,2345 
442,112,received,transaction,2345 
442,116,received,transaction,2345 
442,113,received,transaction,2344 
442,111,received,transaction,2344 
443,104,received,transaction,2345 
443,105,received,transaction,2345 
443,101,received,transaction,2345 
443,117,received,transaction,2344 
445,102,received,transaction,2345 
445,111,received,transaction,2345 
445,107,received,transaction,2343 
446,115,received,transaction,2345 
446,103,received,transaction,2345 
446,106,received,transaction,2345 
447,109,received,transaction,2344 
449,117,received,transaction,2345 
450, 100,Appended, Transaction, 2346
450, 100, broadcasting, data, 2346
451,118,received,transaction,2346 
451,113,received,transaction,2346 
451,105,received,transaction,2346 
452,106,received,transaction,2346 
452,109,received,transaction,2346 
452,115,received,transaction,2346 
452,116,received,transaction,2346 
453,103,received,transaction,2346 
453,114,received,transaction,2346 
455,114,received,transaction,2345 
455,112,received,transaction,2346 
456,101,received,transaction,2346 
457,113,received,transaction,2345 
458,107,received,transaction,2346 
458,110,received,transaction,2346 
459,108,received,transaction,2346 
459,117,received,transaction,2346 
459,111,received,transaction,2346 
460, 100,Appended, Transaction, 2347
460, 100, broadcasting, data, 2347
460,101,received,transaction,2347 
461,107,received,transaction,2345 
461,110,received,transaction,2347 
461,116,received,transaction,2347 
462,105,received,transaction,2347 
462,109,received,transaction,2347 
463,103,received,transaction,2347 
463,102,received,transaction,2346 
464,106,received,transaction,2347 
465,113,received,transaction,2347 
465,114,received,transaction,2347 
467,118,received,transaction,2347 
467,104,received,transaction,2346 
469,108,received,transaction,2347 
470, 100,Appended, Transaction, 2348
470, 100, broadcasting, data, 2348
471,110,received,transaction,2348 
471,104,received,transaction,2347 
471,106,received,transaction,2348 
472,102,received,transaction,2347 
472,115,received,transaction,2348 
473,117,received,transaction,2347 
473,109,received,transaction,2348 
473,113,received,transaction,2348 
474,104,received,transaction,2348 
474,112,received,transaction,2347 
475,114,received,transaction,2348 
477,107,received,transaction,2347 
479,111,received,transaction,2347 
479,115,received,transaction,2347 
480, 100,Appended, Transaction, 2349
480, 100, broadcasting, data, 2349
480,103,received,transaction,2348 
480,117,received,transaction,2348 
481,110,received,transaction,2349 
481,112,received,transaction,2348 
482,105,received,transaction,2349 
482,109,received,transaction,2349 
482,112,received,transaction,2349 
482,115,received,transaction,2349 
482,111,received,transaction,2348 
482,116,received,transaction,2348 
483,113,received,transaction,2349 
486,118,received,transaction,2349 
486,105,received,transaction,2348 
486,101,received,transaction,2348 
486,102,received,transaction,2349 
487,102,received,transaction,2348 
487,118,received,transaction,2348 
487,107,received,transaction,2348 
488,116,received,transaction,2349 
489,114,received,transaction,2349 
489,108,received,transaction,2349 
490, 100,Appended, Transaction, 2350
490, 100, broadcasting, data, 2350
490,105,received,transaction,2350 
491,118,received,transaction,2350 
492,112,received,transaction,2350 
492,101,received,transaction,2350 
492,108,received,transaction,2350 
493,117,received,transaction,2349 
493,108,received,transaction,2348 
494,111,received,transaction,2349 
494,113,received,transaction,2350 
495,114,received,transaction,2350 
495,101,received,transaction,2349 
495,116,received,transaction,2350 
495,104,received,transaction,2349 
496,103,received,transaction,2350 
496,111,received,transaction,2350 
497,106,received,transaction,2349 
498,107,received,transaction,2350 
498,103,received,transaction,2349 
499,107,received,transaction,2349 
499,104,received,transaction,2350 
Simulation ended
