0,100, generated, node, -
0,101, generated, node, -
0,102, generated, node, -
0,103, generated, node, -
0,104, generated, node, -
0,105, generated, node, -
0,106, generated, node, -
0,107, generated, node, -
0,108, generated, node, -
0,109, generated, node, -
0,110, generated, node, -
0,111, generated, node, -
0,112, generated, node, -
0,113, generated, node, -
0,114, generated, node, -
0,115, generated, node, -
0,116, generated, node, -
0,117, generated, node, -
0,118, generated, node, -
1000, 102, Created, block,99901,0
No of blocks in node 102 is 1
1000, 102, broadcasting, data, 99901
1001,108, received, block, 99901
1001,108, interrupted, block, 99901 
1002,101, received, block, 99901
1002,101, interrupted, block, 99901 
1002,106, received, block, 99901
1002,106, interrupted, block, 99901 
1002,111, received, block, 99901
1002,111, interrupted, block, 99901 
1002,113, received, block, 99901
1002,113, interrupted, block, 99901 
1002,103, received, block, 99901
1002,103, interrupted, block, 99901 
1002,116, received, block, 99901
1002,116, interrupted, block, 99901 
1003,114, received, block, 99901
1003,114, interrupted, block, 99901 
1003,117, received, block, 99901
1003,117, interrupted, block, 99901 
1004,110, received, block, 99901
1004,110, interrupted, block, 99901 
1005,104, received, block, 99901
1005,104, interrupted, block, 99901 
1005,105, received, block, 99901
1005,105, interrupted, block, 99901 
1005,112, received, block, 99901
1005,112, interrupted, block, 99901 
1006,109, received, block, 99901
1006,109, interrupted, block, 99901 
No of blocks in node 103 is 1
No of blocks in node 111 is 1
1009,100, received, block, 99901
1009,100, interrupted, block, 99901 
1011,118, received, block, 99901
1011,118, interrupted, block, 99901 
1011,115, received, block, 99901
1011,115, interrupted, block, 99901 
No of blocks in node 104 is 1
No of blocks in node 105 is 1
No of blocks in node 108 is 1
1028,107, received, block, 99901
1028,107, interrupted, block, 99901 
No of blocks in node 106 is 1
No of blocks in node 115 is 1
No of blocks in node 100 is 1
No of blocks in node 116 is 1
No of blocks in node 110 is 1
No of blocks in node 114 is 1
No of blocks in node 113 is 1
No of blocks in node 101 is 1
No of blocks in node 118 is 1
No of blocks in node 112 is 1
No of blocks in node 109 is 1
No of blocks in node 117 is 1
No of blocks in node 107 is 1
2000, 102, Created, block,99902,0
No of blocks in node 102 is 2
2000, 102, broadcasting, data, 99902
2001,109, received, block, 99902
2001,109, interrupted, block, 99902 
2001,106, received, block, 99902
2001,106, interrupted, block, 99902 
2002,110, received, block, 99902
2002,110, interrupted, block, 99902 
2003,107, received, block, 99902
2003,107, interrupted, block, 99902 
2003,114, received, block, 99902
2003,114, interrupted, block, 99902 
No of blocks in node 109 is 2
2003,113, received, block, 99902
2003,113, interrupted, block, 99902 
2003,112, received, block, 99902
2003,112, interrupted, block, 99902 
2004,103, received, block, 99902
2004,103, interrupted, block, 99902 
2005,100, received, block, 99902
2005,100, interrupted, block, 99902 
2005,104, received, block, 99902
2005,104, interrupted, block, 99902 
2005,116, received, block, 99902
2005,116, interrupted, block, 99902 
No of blocks in node 106 is 2
No of blocks in node 110 is 2
2007,101, received, block, 99902
2007,101, interrupted, block, 99902 
2008,118, received, block, 99902
2008,118, interrupted, block, 99902 
No of blocks in node 107 is 2
2009,117, received, block, 99902
2009,117, interrupted, block, 99902 
2010,111, received, block, 99902
2010,111, interrupted, block, 99902 
2012,105, received, block, 99902
2012,105, interrupted, block, 99902 
No of blocks in node 113 is 2
2016,115, received, block, 99902
2016,115, interrupted, block, 99902 
No of blocks in node 118 is 2
No of blocks in node 101 is 2
2022,108, received, block, 99902
2022,108, interrupted, block, 99902 
No of blocks in node 100 is 2
No of blocks in node 116 is 2
No of blocks in node 103 is 2
No of blocks in node 114 is 2
No of blocks in node 104 is 2
No of blocks in node 108 is 2
No of blocks in node 112 is 2
No of blocks in node 105 is 2
No of blocks in node 111 is 2
No of blocks in node 117 is 2
No of blocks in node 115 is 2
3000, 102, Created, block,99903,0
No of blocks in node 102 is 3
3000, 102, broadcasting, data, 99903
3001,117, received, block, 99903
3001,117, interrupted, block, 99903 
3001,115, received, block, 99903
3001,115, interrupted, block, 99903 
3002,101, received, block, 99903
3002,101, interrupted, block, 99903 
3002,106, received, block, 99903
3002,106, interrupted, block, 99903 
3002,111, received, block, 99903
3002,111, interrupted, block, 99903 
3002,113, received, block, 99903
3002,113, interrupted, block, 99903 
3002,116, received, block, 99903
3002,116, interrupted, block, 99903 
3002,110, received, block, 99903
3002,110, interrupted, block, 99903 
3002,103, received, block, 99903
3002,103, interrupted, block, 99903 
3003,107, received, block, 99903
3003,107, interrupted, block, 99903 
3005,104, received, block, 99903
3005,104, interrupted, block, 99903 
3005,112, received, block, 99903
3005,112, interrupted, block, 99903 
3005,108, received, block, 99903
3005,108, interrupted, block, 99903 
No of blocks in node 116 is 3
3005,114, received, block, 99903
3005,114, interrupted, block, 99903 
3005,105, received, block, 99903
3005,105, interrupted, block, 99903 
3006,109, received, block, 99903
3006,109, interrupted, block, 99903 
3008,118, received, block, 99903
3008,118, interrupted, block, 99903 
No of blocks in node 112 is 3
3015,100, received, block, 99903
3015,100, interrupted, block, 99903 
No of blocks in node 110 is 3
No of blocks in node 105 is 3
No of blocks in node 113 is 3
No of blocks in node 106 is 3
No of blocks in node 115 is 3
No of blocks in node 107 is 3
No of blocks in node 104 is 3
No of blocks in node 114 is 3
No of blocks in node 103 is 3
No of blocks in node 111 is 3
No of blocks in node 118 is 3
No of blocks in node 117 is 3
No of blocks in node 101 is 3
No of blocks in node 109 is 3
No of blocks in node 100 is 3
No of blocks in node 108 is 3
4000, 102, Created, block,99904,0
No of blocks in node 102 is 4
4000, 102, broadcasting, data, 99904
4000,112, received, block, 99904
4000,112, interrupted, block, 99904 
4000,117, received, block, 99904
4000,117, interrupted, block, 99904 
4001,108, received, block, 99904
4001,108, interrupted, block, 99904 
4002,101, received, block, 99904
4002,101, interrupted, block, 99904 
4002,106, received, block, 99904
4002,106, interrupted, block, 99904 
4002,110, received, block, 99904
4002,110, interrupted, block, 99904 
4003,114, received, block, 99904
4003,114, interrupted, block, 99904 
4003,115, received, block, 99904
4003,115, interrupted, block, 99904 
4005,118, received, block, 99904
4005,118, interrupted, block, 99904 
4005,116, received, block, 99904
4005,116, interrupted, block, 99904 
4006,109, received, block, 99904
4006,109, interrupted, block, 99904 
4006,100, received, block, 99904
4006,100, interrupted, block, 99904 
4006,113, received, block, 99904
4006,113, interrupted, block, 99904 
4006,103, received, block, 99904
4006,103, interrupted, block, 99904 
No of blocks in node 116 is 4
No of blocks in node 118 is 4
No of blocks in node 113 is 4
No of blocks in node 108 is 4
4011,105, received, block, 99904
4011,105, interrupted, block, 99904 
No of blocks in node 103 is 4
4014,111, received, block, 99904
4014,111, interrupted, block, 99904 
4014,107, received, block, 99904
4014,107, interrupted, block, 99904 
4016,104, received, block, 99904
4016,104, interrupted, block, 99904 
No of blocks in node 112 is 4
No of blocks in node 105 is 4
No of blocks in node 115 is 4
No of blocks in node 101 is 4
No of blocks in node 107 is 4
No of blocks in node 104 is 4
No of blocks in node 111 is 4
No of blocks in node 114 is 4
No of blocks in node 100 is 4
No of blocks in node 110 is 4
No of blocks in node 117 is 4
No of blocks in node 106 is 4
No of blocks in node 109 is 4
5000, 102, Created, block,99905,0
No of blocks in node 102 is 5
5000, 102, broadcasting, data, 99905
5000,113, received, block, 99905
5000,113, interrupted, block, 99905 
5000,114, received, block, 99905
5000,114, interrupted, block, 99905 
5000,108, received, block, 99905
5000,108, interrupted, block, 99905 
5001,117, received, block, 99905
5001,117, interrupted, block, 99905 
5001,105, received, block, 99905
5001,105, interrupted, block, 99905 
5002,110, received, block, 99905
5002,110, interrupted, block, 99905 
No of blocks in node 108 is 5
5003,107, received, block, 99905
5003,107, interrupted, block, 99905 
5004,100, received, block, 99905
5004,100, interrupted, block, 99905 
5005,104, received, block, 99905
5005,104, interrupted, block, 99905 
5005,111, received, block, 99905
5005,111, interrupted, block, 99905 
5006,109, received, block, 99905
5006,109, interrupted, block, 99905 
5006,103, received, block, 99905
5006,103, interrupted, block, 99905 
5007,106, received, block, 99905
5007,106, interrupted, block, 99905 
No of blocks in node 110 is 5
5011,101, received, block, 99905
5011,101, interrupted, block, 99905 
5011,116, received, block, 99905
5011,116, interrupted, block, 99905 
No of blocks in node 101 is 5
5013,115, received, block, 99905
5013,115, interrupted, block, 99905 
5013,112, received, block, 99905
5013,112, interrupted, block, 99905 
No of blocks in node 117 is 5
No of blocks in node 112 is 5
5016,118, received, block, 99905
5016,118, interrupted, block, 99905 
No of blocks in node 107 is 5
No of blocks in node 105 is 5
No of blocks in node 113 is 5
No of blocks in node 118 is 5
No of blocks in node 100 is 5
No of blocks in node 109 is 5
No of blocks in node 106 is 5
No of blocks in node 116 is 5
No of blocks in node 114 is 5
No of blocks in node 103 is 5
No of blocks in node 115 is 5
No of blocks in node 104 is 5
No of blocks in node 111 is 5
Simulation ended
