0,100, generated, node, -
0,101, generated, node, -
0,102, generated, node, -
0,103, generated, node, -
0,104, generated, node, -
0,105, generated, node, -
0,106, generated, node, -
0,107, generated, node, -
0,108, generated, node, -
0,109, generated, node, -
0,110, generated, node, -
0,111, generated, node, -
0,112, generated, node, -
0,113, generated, node, -
0,114, generated, node, -
0,115, generated, node, -
0,116, generated, node, -
0,117, generated, node, -
0,118, generated, node, -
0, 112,Appended, Transaction, 2301
0, 112, broadcasting, data, 2301
1,117,received,transaction,2301 
2,100,received,transaction,2301 
2,104,received,transaction,2301 
2,118,received,transaction,2301 
2,110,received,transaction,2301 
3,101,received,transaction,2301 
3,113,received,transaction,2301 
3,116,received,transaction,2301 
5,114,received,transaction,2301 
5,108,received,transaction,2301 
6,115,received,transaction,2301 
7,103,received,transaction,2301 
7,102,received,transaction,2301 
9, 118,Appended, Transaction, 2302
9, 118, broadcasting, data, 2302
9,103,received,transaction,2302 
10,100,received,transaction,2302 
11,105,received,transaction,2301 
11,109,received,transaction,2302 
11,112,received,transaction,2302 
11,115,received,transaction,2302 
12,107,received,transaction,2301 
12,106,received,transaction,2301 
13,104,received,transaction,2302 
14,110,received,transaction,2302 
14,101,received,transaction,2302 
14,102,received,transaction,2302 
14,114,received,transaction,2302 
15,113,received,transaction,2302 
15,105,received,transaction,2302 
16,109,received,transaction,2301 
17,116,received,transaction,2302 
17,107,received,transaction,2302 
19, 104,Appended, Transaction, 2303
19, 104, broadcasting, data, 2303
20,106,received,transaction,2303 
20,110,received,transaction,2303 
20,117,received,transaction,2303 
20,106,received,transaction,2302 
21,117,received,transaction,2302 
21,105,received,transaction,2303 
21,107,received,transaction,2303 
21,116,received,transaction,2303 
22,111,received,transaction,2301 
22,111,received,transaction,2302 
22,108,received,transaction,2302 
23,118,received,transaction,2303 
23,102,received,transaction,2303 
24,103,received,transaction,2303 
26,112,received,transaction,2303 
27,109,received,transaction,2303 
27,115,received,transaction,2303 
29,108,received,transaction,2303 
29, 105,Appended, Transaction, 2304
29, 105, broadcasting, data, 2304
30,108,received,transaction,2304 
30,117,received,transaction,2304 
31,114,received,transaction,2303 
31,112,received,transaction,2304 
31,116,received,transaction,2304 
32,101,received,transaction,2304 
32,113,received,transaction,2304 
33,101,received,transaction,2303 
33,113,received,transaction,2303 
34,103,received,transaction,2304 
34,104,received,transaction,2304 
34,107,received,transaction,2304 
35,111,received,transaction,2304 
36,118,received,transaction,2304 
36,110,received,transaction,2304 
36,100,received,transaction,2303 
38,106,received,transaction,2304 
39, 115,Appended, Transaction, 2305
39, 115, broadcasting, data, 2305
40,102,received,transaction,2304 
40,114,received,transaction,2305 
40,104,received,transaction,2305 
40,108,received,transaction,2305 
40,117,received,transaction,2305 
41,110,received,transaction,2305 
41,106,received,transaction,2305 
41,100,received,transaction,2305 
41,112,received,transaction,2305 
41,116,received,transaction,2305 
41,102,received,transaction,2305 
42,111,received,transaction,2303 
42,101,received,transaction,2305 
43,114,received,transaction,2304 
44,109,received,transaction,2304 
45,100,received,transaction,2304 
45,109,received,transaction,2305 
48,107,received,transaction,2305 
49, 103,Appended, Transaction, 2306
49, 103, broadcasting, data, 2306
51,113,received,transaction,2305 
51,115,received,transaction,2306 
52,100,received,transaction,2306 
52,101,received,transaction,2306 
52,113,received,transaction,2306 
52,118,received,transaction,2306 
53,111,received,transaction,2306 
54,110,received,transaction,2306 
54,107,received,transaction,2306 
54,117,received,transaction,2306 
55,111,received,transaction,2305 
56,108,received,transaction,2306 
57,105,received,transaction,2306 
57,102,received,transaction,2306 
57,106,received,transaction,2306 
57,103,received,transaction,2305 
58,104,received,transaction,2306 
59,109,received,transaction,2306 
59, 110,Appended, Transaction, 2307
59, 110, broadcasting, data, 2307
60,109,received,transaction,2307 
60,114,received,transaction,2306 
60,100,received,transaction,2307 
60,104,received,transaction,2307 
60,112,received,transaction,2307 
61,116,received,transaction,2306 
61,102,received,transaction,2307 
61,111,received,transaction,2307 
61,113,received,transaction,2307 
62,105,received,transaction,2307 
63,114,received,transaction,2307 
63,118,received,transaction,2307 
63,115,received,transaction,2307 
63,107,received,transaction,2307 
64,112,received,transaction,2306 
68,116,received,transaction,2307 
69, 100,Appended, Transaction, 2308
69, 100, broadcasting, data, 2308
70,110,received,transaction,2308 
70,105,received,transaction,2308 
71,101,received,transaction,2307 
71,108,received,transaction,2307 
71,112,received,transaction,2308 
71,116,received,transaction,2308 
72,117,received,transaction,2308 
72,103,received,transaction,2307 
72,103,received,transaction,2308 
72,118,received,transaction,2305 
73,117,received,transaction,2307 
74,101,received,transaction,2308 
74,102,received,transaction,2308 
74,113,received,transaction,2308 
74,107,received,transaction,2308 
76,106,received,transaction,2308 
77,115,received,transaction,2308 
78,118,received,transaction,2308 
79,106,received,transaction,2307 
79, 101,Appended, Transaction, 2309
79, 101, broadcasting, data, 2309
79,107,received,transaction,2309 
81,102,received,transaction,2309 
81,110,received,transaction,2309 
82,113,received,transaction,2309 
82,111,received,transaction,2309 
83,116,received,transaction,2309 
83,106,received,transaction,2309 
83,108,received,transaction,2308 
84,104,received,transaction,2308 
84,109,received,transaction,2308 
84,100,received,transaction,2309 
85,111,received,transaction,2308 
85,103,received,transaction,2309 
86,115,received,transaction,2309 
87,112,received,transaction,2309 
87,118,received,transaction,2309 
87,109,received,transaction,2309 
88,114,received,transaction,2308 
89, 111,Appended, Transaction, 2310
89, 111, broadcasting, data, 2310
90,117,received,transaction,2309 
90,114,received,transaction,2309 
90,102,received,transaction,2310 
91,110,received,transaction,2310 
91,114,received,transaction,2310 
92,105,received,transaction,2310 
92,115,received,transaction,2310 
93,105,received,transaction,2309 
94,104,received,transaction,2310 
94,106,received,transaction,2310 
94,109,received,transaction,2310 
95,112,received,transaction,2310 
96,107,received,transaction,2310 
97,116,received,transaction,2310 
97,101,received,transaction,2310 
97,100,received,transaction,2310 
97,117,received,transaction,2310 
98,113,received,transaction,2310 
99, 107,Appended, Transaction, 2311
99, 107, broadcasting, data, 2311
99,113,received,transaction,2311 
100,118,received,transaction,2310 
101,108,received,transaction,2309 
101,104,received,transaction,2311 
103,106,received,transaction,2311 
103,110,received,transaction,2311 
104,101,received,transaction,2311 
104,111,received,transaction,2311 
104,116,received,transaction,2311 
105,108,received,transaction,2311 
105,117,received,transaction,2311 
105,105,received,transaction,2311 
106,103,received,transaction,2310 
106,108,received,transaction,2310 
108,114,received,transaction,2311 
108,115,received,transaction,2311 
109,103,received,transaction,2311 
109, 112,Appended, Transaction, 2312
109, 112, broadcasting, data, 2312
111,113,received,transaction,2312 
111,105,received,transaction,2312 
111,109,received,transaction,2312 
111,100,received,transaction,2311 
112,102,received,transaction,2312 
112,101,received,transaction,2312 
112,111,received,transaction,2312 
113,118,received,transaction,2312 
114,104,received,transaction,2309 
114,112,received,transaction,2311 
114,114,received,transaction,2312 
114,108,received,transaction,2312 
115,106,received,transaction,2312 
115,110,received,transaction,2312 
115,104,received,transaction,2312 
115,109,received,transaction,2311 
116,117,received,transaction,2312 
116,103,received,transaction,2312 
118,102,received,transaction,2311 
118,107,received,transaction,2312 
119, 104,Appended, Transaction, 2313
119, 104, broadcasting, data, 2313
120,108,received,transaction,2313 
120,117,received,transaction,2313 
120,106,received,transaction,2313 
121,100,received,transaction,2312 
121,105,received,transaction,2313 
121,112,received,transaction,2313 
122,118,received,transaction,2311 
122,116,received,transaction,2312 
123,100,received,transaction,2313 
123,115,received,transaction,2313 
124,102,received,transaction,2313 
125,115,received,transaction,2312 
126,103,received,transaction,2313 
127,113,received,transaction,2313 
127,111,received,transaction,2313 
128,110,received,transaction,2313 
129, 102,Appended, Transaction, 2314
129, 102, broadcasting, data, 2314
129,101,received,transaction,2314 
130,108,received,transaction,2314 
130,103,received,transaction,2314 
131,114,received,transaction,2313 
131,110,received,transaction,2314 
131,111,received,transaction,2314 
131,113,received,transaction,2314 
132,107,received,transaction,2313 
132,114,received,transaction,2314 
132,109,received,transaction,2313 
134,107,received,transaction,2314 
134,100,received,transaction,2314 
134,116,received,transaction,2314 
135,115,received,transaction,2314 
136,116,received,transaction,2313 
136,118,received,transaction,2313 
138,112,received,transaction,2314 
139, 111,Appended, Transaction, 2315
139, 111, broadcasting, data, 2315
141,109,received,transaction,2314 
141,102,received,transaction,2315 
141,110,received,transaction,2315 
142,106,received,transaction,2315 
142,118,received,transaction,2314 
142,101,received,transaction,2313 
142,101,received,transaction,2315 
142,112,received,transaction,2315 
142,116,received,transaction,2315 
142,115,received,transaction,2315 
144,104,received,transaction,2314 
144,108,received,transaction,2315 
144,100,received,transaction,2315 
144,107,received,transaction,2315 
144,109,received,transaction,2315 
144,105,received,transaction,2314 
145,105,received,transaction,2315 
145,106,received,transaction,2314 
147,103,received,transaction,2315 
148,118,received,transaction,2315 
149,117,received,transaction,2314 
149, 109,Appended, Transaction, 2316
149, 109, broadcasting, data, 2316
150,108,received,transaction,2316 
151,113,received,transaction,2315 
151,117,received,transaction,2316 
151,114,received,transaction,2315 
151,104,received,transaction,2315 
151,102,received,transaction,2316 
151,116,received,transaction,2316 
151,118,received,transaction,2316 
152,117,received,transaction,2315 
152,107,received,transaction,2316 
152,110,received,transaction,2316 
156,106,received,transaction,2316 
156,103,received,transaction,2316 
158,104,received,transaction,2316 
159,112,received,transaction,2316 
159, 114,Appended, Transaction, 2317
159, 114, broadcasting, data, 2317
161,117,received,transaction,2317 
161,115,received,transaction,2316 
161,106,received,transaction,2317 
161,110,received,transaction,2317 
161,111,received,transaction,2317 
161,113,received,transaction,2317 
162,116,received,transaction,2317 
162,102,received,transaction,2317 
163,105,received,transaction,2316 
163,101,received,transaction,2317 
163,105,received,transaction,2317 
164,111,received,transaction,2316 
164,112,received,transaction,2317 
164,103,received,transaction,2317 
164,104,received,transaction,2317 
164,118,received,transaction,2317 
165,109,received,transaction,2317 
166,114,received,transaction,2316 
169,113,received,transaction,2316 
170, 106,Appended, Transaction, 2318
170, 106, broadcasting, data, 2318
170,108,received,transaction,2317 
171,104,received,transaction,2318 
171,118,received,transaction,2318 
171,101,received,transaction,2316 
171,100,received,transaction,2316 
172,102,received,transaction,2318 
172,111,received,transaction,2318 
172,113,received,transaction,2318 
172,100,received,transaction,2317 
173,101,received,transaction,2318 
174,107,received,transaction,2318 
174,107,received,transaction,2317 
175,103,received,transaction,2318 
175,109,received,transaction,2318 
175,110,received,transaction,2318 
177,105,received,transaction,2318 
177,115,received,transaction,2317 
177,108,received,transaction,2318 
177,117,received,transaction,2318 
179,115,received,transaction,2318 
180, 116,Appended, Transaction, 2319
180, 116, broadcasting, data, 2319
180,101,received,transaction,2319 
180,102,received,transaction,2319 
181,108,received,transaction,2319 
181,117,received,transaction,2319 
181,112,received,transaction,2318 
182,105,received,transaction,2319 
182,109,received,transaction,2319 
182,115,received,transaction,2319 
182,118,received,transaction,2319 
182,114,received,transaction,2318 
182,116,received,transaction,2318 
182,100,received,transaction,2319 
183,110,received,transaction,2319 
183,113,received,transaction,2319 
183,100,received,transaction,2318 
186,106,received,transaction,2319 
188,114,received,transaction,2319 
189,103,received,transaction,2319 
190, 116,Appended, Transaction, 2320
190, 116, broadcasting, data, 2320
191,108,received,transaction,2320 
191,117,received,transaction,2320 
191,104,received,transaction,2319 
191,107,received,transaction,2319 
192,104,received,transaction,2320 
192,105,received,transaction,2320 
195,102,received,transaction,2320 
195,118,received,transaction,2320 
196,101,received,transaction,2320 
197,111,received,transaction,2320 
197,107,received,transaction,2320 
197,111,received,transaction,2319 
197,110,received,transaction,2320 
198,113,received,transaction,2320 
199,103,received,transaction,2320 
199, 106,Appended, Transaction, 2321
199, 106, broadcasting, data, 2321
200,100,received,transaction,2321 
200,104,received,transaction,2321 
201,110,received,transaction,2321 
201,109,received,transaction,2320 
201,102,received,transaction,2321 
201,111,received,transaction,2321 
202,107,received,transaction,2321 
202,103,received,transaction,2321 
204,115,received,transaction,2320 
205,101,received,transaction,2321 
205,105,received,transaction,2321 
205,106,received,transaction,2320 
206,108,received,transaction,2321 
207,118,received,transaction,2321 
208,100,received,transaction,2320 
208,114,received,transaction,2320 
210, 110,Appended, Transaction, 2322
210, 110, broadcasting, data, 2322
210,107,received,transaction,2322 
211,116,received,transaction,2321 
211,118,received,transaction,2322 
211,109,received,transaction,2321 
212,102,received,transaction,2322 
212,113,received,transaction,2321 
213,109,received,transaction,2322 
213,104,received,transaction,2322 
215,106,received,transaction,2322 
215,114,received,transaction,2321 
215,115,received,transaction,2321 
216,112,received,transaction,2322 
216,116,received,transaction,2322 
217,114,received,transaction,2322 
218,100,received,transaction,2322 
219,117,received,transaction,2322 
219, 118,Appended, Transaction, 2323
219, 118, broadcasting, data, 2323
220,115,received,transaction,2322 
220,100,received,transaction,2323 
220,110,received,transaction,2323 
221,101,received,transaction,2323 
221,111,received,transaction,2322 
221,113,received,transaction,2322 
221,105,received,transaction,2323 
221,109,received,transaction,2323 
221,115,received,transaction,2323 
223,104,received,transaction,2323 
224,111,received,transaction,2323 
224,112,received,transaction,2321 
224,101,received,transaction,2322 
224,113,received,transaction,2323 
225,117,received,transaction,2321 
226,106,received,transaction,2323 
227,117,received,transaction,2323 
227,107,received,transaction,2323 
228,108,received,transaction,2322 
228,116,received,transaction,2323 
229,103,received,transaction,2322 
229, 111,Appended, Transaction, 2324
229, 111, broadcasting, data, 2324
230,113,received,transaction,2324 
230,109,received,transaction,2324 
230,105,received,transaction,2324 
231,102,received,transaction,2323 
231,102,received,transaction,2324 
232,101,received,transaction,2324 
232,112,received,transaction,2324 
233,118,received,transaction,2324 
233,115,received,transaction,2324 
233,103,received,transaction,2323 
233,100,received,transaction,2324 
234,112,received,transaction,2323 
235,105,received,transaction,2322 
236,114,received,transaction,2323 
237,108,received,transaction,2324 
238,108,received,transaction,2323 
239, 104,Appended, Transaction, 2325
239, 104, broadcasting, data, 2325
240,115,received,transaction,2325 
241,106,received,transaction,2324 
241,114,received,transaction,2325 
241,110,received,transaction,2324 
241,114,received,transaction,2324 
241,107,received,transaction,2324 
241,107,received,transaction,2325 
241,116,received,transaction,2325 
242,116,received,transaction,2324 
242,117,received,transaction,2325 
243,117,received,transaction,2324 
243,102,received,transaction,2325 
243,100,received,transaction,2325 
244,108,received,transaction,2325 
244,104,received,transaction,2324 
244,113,received,transaction,2325 
244,110,received,transaction,2325 
245,112,received,transaction,2325 
246,105,received,transaction,2325 
247,103,received,transaction,2324 
249, 111,Appended, Transaction, 2326
249, 111, broadcasting, data, 2326
250,118,received,transaction,2325 
251,101,received,transaction,2325 
251,110,received,transaction,2326 
251,106,received,transaction,2325 
251,102,received,transaction,2326 
252,104,received,transaction,2326 
252,105,received,transaction,2326 
252,115,received,transaction,2326 
253,118,received,transaction,2326 
253,116,received,transaction,2326 
254,100,received,transaction,2326 
254,109,received,transaction,2326 
255,106,received,transaction,2326 
256,113,received,transaction,2326 
256,109,received,transaction,2325 
256,117,received,transaction,2326 
259, 118,Appended, Transaction, 2327
259, 118, broadcasting, data, 2327
259,117,received,transaction,2327 
260,107,received,transaction,2327 
260,100,received,transaction,2327 
261,115,received,transaction,2327 
261,114,received,transaction,2326 
262,107,received,transaction,2326 
262,112,received,transaction,2326 
262,106,received,transaction,2327 
262,108,received,transaction,2326 
262,101,received,transaction,2326 
264,112,received,transaction,2327 
264,113,received,transaction,2327 
266,103,received,transaction,2326 
266,111,received,transaction,2325 
266,103,received,transaction,2325 
267,110,received,transaction,2327 
268,109,received,transaction,2327 
269,105,received,transaction,2327 
269,103,received,transaction,2327 
269,104,received,transaction,2327 
269, 108,Appended, Transaction, 2328
269, 108, broadcasting, data, 2328
270,104,received,transaction,2328 
270,105,received,transaction,2328 
270,112,received,transaction,2328 
270,114,received,transaction,2328 
270,115,received,transaction,2328 
270,116,received,transaction,2328 
271,114,received,transaction,2327 
272,102,received,transaction,2328 
272,109,received,transaction,2328 
272,117,received,transaction,2328 
274,116,received,transaction,2327 
274,113,received,transaction,2328 
275,108,received,transaction,2327 
275,111,received,transaction,2327 
275,107,received,transaction,2328 
276,118,received,transaction,2328 
279, 106,Appended, Transaction, 2329
279, 106, broadcasting, data, 2329
280,101,received,transaction,2328 
280,116,received,transaction,2329 
281,104,received,transaction,2329 
281,102,received,transaction,2327 
281,114,received,transaction,2329 
281,100,received,transaction,2329 
282,106,received,transaction,2328 
282,101,received,transaction,2327 
282,112,received,transaction,2329 
282,105,received,transaction,2329 
283,109,received,transaction,2329 
284,110,received,transaction,2329 
284,102,received,transaction,2329 
284,103,received,transaction,2329 
286,110,received,transaction,2328 
286,117,received,transaction,2329 
287,107,received,transaction,2329 
287,108,received,transaction,2329 
288,113,received,transaction,2329 
288,100,received,transaction,2328 
289,111,received,transaction,2328 
289, 103,Appended, Transaction, 2330
289, 103, broadcasting, data, 2330
290,115,received,transaction,2329 
290,118,received,transaction,2329 
292,101,received,transaction,2329 
292,108,received,transaction,2330 
292,100,received,transaction,2330 
293,110,received,transaction,2330 
294,106,received,transaction,2330 
294,117,received,transaction,2330 
295,113,received,transaction,2330 
296,111,received,transaction,2329 
296,105,received,transaction,2330 
296,109,received,transaction,2330 
297,103,received,transaction,2328 
297,116,received,transaction,2330 
298,114,received,transaction,2330 
299,101,received,transaction,2330 
299, 113,Appended, Transaction, 2331
299, 113, broadcasting, data, 2331
301,101,received,transaction,2331 
301,106,received,transaction,2331 
301,114,received,transaction,2331 
302,115,received,transaction,2330 
302,112,received,transaction,2331 
302,116,received,transaction,2331 
302,104,received,transaction,2330 
302,118,received,transaction,2331 
302,102,received,transaction,2331 
303,111,received,transaction,2330 
303,103,received,transaction,2331 
304,110,received,transaction,2331 
304,107,received,transaction,2331 
304,109,received,transaction,2331 
305,112,received,transaction,2330 
306,102,received,transaction,2330 
307,108,received,transaction,2331 
307,118,received,transaction,2330 
308,115,received,transaction,2331 
309,104,received,transaction,2331 
309, 102,Appended, Transaction, 2332
309, 102, broadcasting, data, 2332
311,111,received,transaction,2331 
311,101,received,transaction,2332 
311,110,received,transaction,2332 
311,111,received,transaction,2332 
312,103,received,transaction,2332 
313,107,received,transaction,2330 
313,118,received,transaction,2332 
313,116,received,transaction,2332 
314,112,received,transaction,2332 
314,100,received,transaction,2332 
314,104,received,transaction,2332 
316,117,received,transaction,2332 
316,108,received,transaction,2332 
316,114,received,transaction,2332 
317,105,received,transaction,2331 
318,115,received,transaction,2332 
319,105,received,transaction,2332 
319,100,received,transaction,2331 
319,117,received,transaction,2331 
319, 102,Appended, Transaction, 2333
319, 102, broadcasting, data, 2333
320,106,received,transaction,2333 
320,107,received,transaction,2332 
320,117,received,transaction,2333 
320,106,received,transaction,2332 
321,113,received,transaction,2332 
321,108,received,transaction,2333 
321,101,received,transaction,2333 
321,113,received,transaction,2333 
322,109,received,transaction,2332 
322,115,received,transaction,2333 
322,110,received,transaction,2333 
323,112,received,transaction,2333 
324,109,received,transaction,2333 
324,111,received,transaction,2333 
325,105,received,transaction,2333 
326,116,received,transaction,2333 
326,103,received,transaction,2333 
327,100,received,transaction,2333 
329, 100,Appended, Transaction, 2334
329, 100, broadcasting, data, 2334
330,106,received,transaction,2334 
331,102,received,transaction,2334 
331,118,received,transaction,2333 
331,112,received,transaction,2334 
331,109,received,transaction,2334 
331,115,received,transaction,2334 
332,114,received,transaction,2333 
332,111,received,transaction,2334 
332,103,received,transaction,2334 
333,104,received,transaction,2334 
333,104,received,transaction,2333 
333,108,received,transaction,2334 
334,101,received,transaction,2334 
334,113,received,transaction,2334 
334,114,received,transaction,2334 
335,110,received,transaction,2334 
335,105,received,transaction,2334 
335,118,received,transaction,2334 
336,107,received,transaction,2333 
336,116,received,transaction,2334 
339, 109,Appended, Transaction, 2335
339, 109, broadcasting, data, 2335
341,107,received,transaction,2334 
341,105,received,transaction,2335 
341,112,received,transaction,2335 
341,115,received,transaction,2335 
341,100,received,transaction,2335 
342,111,received,transaction,2335 
342,110,received,transaction,2335 
343,107,received,transaction,2335 
344,113,received,transaction,2335 
345,114,received,transaction,2335 
345,102,received,transaction,2335 
345,117,received,transaction,2335 
346,117,received,transaction,2334 
346,103,received,transaction,2335 
347,104,received,transaction,2335 
349,118,received,transaction,2335 
349,108,received,transaction,2335 
350, 112,Appended, Transaction, 2336
350, 112, broadcasting, data, 2336
350,111,received,transaction,2336 
351,108,received,transaction,2336 
351,106,received,transaction,2335 
351,101,received,transaction,2335 
352,104,received,transaction,2336 
352,105,received,transaction,2336 
352,109,received,transaction,2336 
352,115,received,transaction,2336 
352,116,received,transaction,2335 
353,113,received,transaction,2336 
355,114,received,transaction,2336 
355,102,received,transaction,2336 
355,116,received,transaction,2336 
356,110,received,transaction,2336 
357,103,received,transaction,2336 
358,117,received,transaction,2336 
360, 117,Appended, Transaction, 2337
360, 117, broadcasting, data, 2337
361,102,received,transaction,2337 
361,112,received,transaction,2337 
361,115,received,transaction,2337 
361,116,received,transaction,2337 
361,118,received,transaction,2336 
361,100,received,transaction,2337 
361,101,received,transaction,2336 
362,111,received,transaction,2337 
363,106,received,transaction,2336 
363,107,received,transaction,2337 
364,100,received,transaction,2336 
365,103,received,transaction,2337 
365,104,received,transaction,2337 
366,109,received,transaction,2337 
366,101,received,transaction,2337 
367,113,received,transaction,2337 
367,107,received,transaction,2336 
368,105,received,transaction,2337 
368,106,received,transaction,2337 
369,108,received,transaction,2337 
369, 112,Appended, Transaction, 2338
369, 112, broadcasting, data, 2338
370,100,received,transaction,2338 
370,117,received,transaction,2338 
371,115,received,transaction,2338 
371,118,received,transaction,2338 
372,104,received,transaction,2338 
372,118,received,transaction,2337 
372,105,received,transaction,2338 
372,111,received,transaction,2338 
373,114,received,transaction,2337 
373,109,received,transaction,2338 
373,113,received,transaction,2338 
374,101,received,transaction,2338 
374,107,received,transaction,2338 
374,114,received,transaction,2338 
375,116,received,transaction,2338 
376,102,received,transaction,2338 
376,103,received,transaction,2338 
379, 103,Appended, Transaction, 2339
379, 103, broadcasting, data, 2339
380,105,received,transaction,2339 
380,114,received,transaction,2339 
382,100,received,transaction,2339 
382,101,received,transaction,2339 
382,113,received,transaction,2339 
383,108,received,transaction,2338 
383,111,received,transaction,2339 
383,110,received,transaction,2337 
384,106,received,transaction,2338 
384,110,received,transaction,2338 
384,110,received,transaction,2339 
385,115,received,transaction,2339 
386,106,received,transaction,2339 
386,102,received,transaction,2339 
386,112,received,transaction,2339 
389, 111,Appended, Transaction, 2340
389, 111, broadcasting, data, 2340
390,107,received,transaction,2339 
390,101,received,transaction,2340 
390,117,received,transaction,2340 
391,104,received,transaction,2339 
391,109,received,transaction,2340 
391,106,received,transaction,2340 
391,110,received,transaction,2340 
391,114,received,transaction,2340 
392,107,received,transaction,2340 
392,118,received,transaction,2340 
392,103,received,transaction,2340 
392,105,received,transaction,2340 
392,112,received,transaction,2340 
392,115,received,transaction,2340 
392,116,received,transaction,2340 
393,118,received,transaction,2339 
394,117,received,transaction,2339 
395,109,received,transaction,2339 
396,116,received,transaction,2339 
399, 106,Appended, Transaction, 2341
399, 106, broadcasting, data, 2341
400,111,received,transaction,2341 
400,108,received,transaction,2339 
400,100,received,transaction,2341 
400,104,received,transaction,2341 
401,104,received,transaction,2340 
401,108,received,transaction,2340 
401,101,received,transaction,2341 
401,113,received,transaction,2341 
401,114,received,transaction,2341 
403,100,received,transaction,2340 
403,107,received,transaction,2341 
403,102,received,transaction,2341 
404,103,received,transaction,2341 
404,109,received,transaction,2341 
405,116,received,transaction,2341 
406,115,received,transaction,2341 
406,110,received,transaction,2341 
406,108,received,transaction,2341 
409, 110,Appended, Transaction, 2342
409, 110, broadcasting, data, 2342
410,102,received,transaction,2340 
410,108,received,transaction,2342 
410,106,received,transaction,2342 
410,107,received,transaction,2342 
410,118,received,transaction,2342 
411,100,received,transaction,2342 
411,117,received,transaction,2342 
411,102,received,transaction,2342 
411,111,received,transaction,2342 
411,114,received,transaction,2342 
412,109,received,transaction,2342 
413,113,received,transaction,2342 
414,104,received,transaction,2342 
414,105,received,transaction,2341 
414,101,received,transaction,2342 
414,103,received,transaction,2342 
415,116,received,transaction,2342 
417,105,received,transaction,2342 
417,113,received,transaction,2340 
417,115,received,transaction,2342 
419,118,received,transaction,2341 
419,112,received,transaction,2341 
420, 111,Appended, Transaction, 2343
420, 111, broadcasting, data, 2343
422,110,received,transaction,2343 
423,103,received,transaction,2343 
423,116,received,transaction,2343 
424,101,received,transaction,2343 
425,100,received,transaction,2343 
425,107,received,transaction,2343 
425,105,received,transaction,2343 
426,118,received,transaction,2343 
426,108,received,transaction,2343 
427,102,received,transaction,2343 
427,112,received,transaction,2342 
427,117,received,transaction,2341 
428,109,received,transaction,2343 
428,104,received,transaction,2343 
429, 112,Appended, Transaction, 2344
429, 112, broadcasting, data, 2344
430,112,received,transaction,2343 
430,116,received,transaction,2344 
430,108,received,transaction,2344 
430,117,received,transaction,2344 
431,115,received,transaction,2343 
431,101,received,transaction,2344 
431,100,received,transaction,2344 
431,104,received,transaction,2344 
431,105,received,transaction,2344 
431,109,received,transaction,2344 
433,110,received,transaction,2344 
433,107,received,transaction,2344 
434,115,received,transaction,2344 
434,102,received,transaction,2344 
435,106,received,transaction,2344 
436,106,received,transaction,2343 
436,103,received,transaction,2344 
439, 118,Appended, Transaction, 2345
439, 118, broadcasting, data, 2345
439,116,received,transaction,2345 
440,100,received,transaction,2345 
440,110,received,transaction,2345 
441,103,received,transaction,2345 
441,113,received,transaction,2344 
441,113,received,transaction,2343 
441,113,received,transaction,2345 
441,111,received,transaction,2344 
441,109,received,transaction,2345 
441,115,received,transaction,2345 
442,117,received,transaction,2343 
443,106,received,transaction,2345 
443,117,received,transaction,2345 
443,104,received,transaction,2345 
444,111,received,transaction,2345 
444,114,received,transaction,2345 
445,105,received,transaction,2345 
445,112,received,transaction,2345 
446,102,received,transaction,2345 
446,114,received,transaction,2343 
447,114,received,transaction,2344 
448,118,received,transaction,2344 
449,108,received,transaction,2345 
449, 109,Appended, Transaction, 2346
449, 109, broadcasting, data, 2346
450,101,received,transaction,2345 
451,102,received,transaction,2346 
451,107,received,transaction,2345 
451,100,received,transaction,2346 
451,112,received,transaction,2346 
451,115,received,transaction,2346 
451,116,received,transaction,2346 
452,107,received,transaction,2346 
452,110,received,transaction,2346 
453,103,received,transaction,2346 
454,113,received,transaction,2346 
454,105,received,transaction,2346 
455,108,received,transaction,2346 
455,104,received,transaction,2346 
459,101,received,transaction,2346 
459, 108,Appended, Transaction, 2347
459, 108, broadcasting, data, 2347
460,102,received,transaction,2347 
460,104,received,transaction,2347 
460,112,received,transaction,2347 
460,114,received,transaction,2347 
460,115,received,transaction,2347 
461,103,received,transaction,2347 
462,106,received,transaction,2347 
462,114,received,transaction,2346 
463,101,received,transaction,2347 
463,105,received,transaction,2347 
465,107,received,transaction,2347 
465,109,received,transaction,2347 
466,106,received,transaction,2346 
467,111,received,transaction,2346 
468,111,received,transaction,2347 
468,118,received,transaction,2347 
469,113,received,transaction,2347 
469, 112,Appended, Transaction, 2348
469, 112, broadcasting, data, 2348
469,101,received,transaction,2348 
470,117,received,transaction,2347 
470,108,received,transaction,2348 
471,104,received,transaction,2348 
471,109,received,transaction,2348 
471,118,received,transaction,2348 
472,116,received,transaction,2347 
472,113,received,transaction,2348 
474,117,received,transaction,2346 
474,102,received,transaction,2348 
475,118,received,transaction,2346 
475,111,received,transaction,2348 
475,106,received,transaction,2348 
478,117,received,transaction,2348 
478,103,received,transaction,2348 
478,100,received,transaction,2348 
478,116,received,transaction,2348 
479, 110,Appended, Transaction, 2349
479, 110, broadcasting, data, 2349
480,115,received,transaction,2348 
480,114,received,transaction,2349 
480,100,received,transaction,2349 
480,104,received,transaction,2349 
480,103,received,transaction,2349 
481,105,received,transaction,2349 
481,102,received,transaction,2349 
481,111,received,transaction,2349 
482,110,received,transaction,2348 
482,118,received,transaction,2349 
482,110,received,transaction,2347 
482,109,received,transaction,2349 
482,108,received,transaction,2349 
483,112,received,transaction,2349 
484,114,received,transaction,2348 
484,106,received,transaction,2349 
484,107,received,transaction,2349 
485,116,received,transaction,2349 
486,113,received,transaction,2349 
488,105,received,transaction,2348 
489, 116,Appended, Transaction, 2350
489, 116, broadcasting, data, 2350
489,115,received,transaction,2349 
490,117,received,transaction,2349 
490,105,received,transaction,2350 
490,101,received,transaction,2350 
491,107,received,transaction,2348 
491,109,received,transaction,2350 
491,115,received,transaction,2350 
491,114,received,transaction,2350 
491,104,received,transaction,2350 
492,100,received,transaction,2347 
493,117,received,transaction,2350 
494,107,received,transaction,2350 
494,108,received,transaction,2350 
495,106,received,transaction,2350 
495,100,received,transaction,2350 
497,111,received,transaction,2350 
499, 103,Appended, Transaction, 2351
499, 103, broadcasting, data, 2351
499,107,received,transaction,2351 
500,103,received,transaction,2350 
500,110,received,transaction,2351 
500,101,received,transaction,2349 
500,116,received,transaction,2351 
501,118,received,transaction,2351 
501,113,received,transaction,2350 
502,111,received,transaction,2351 
503,115,received,transaction,2351 
503,105,received,transaction,2351 
504,114,received,transaction,2351 
504,108,received,transaction,2351 
504,117,received,transaction,2351 
504,110,received,transaction,2350 
506,109,received,transaction,2351 
506,112,received,transaction,2351 
507,102,received,transaction,2351 
507,118,received,transaction,2350 
508,101,received,transaction,2351 
508,104,received,transaction,2351 
508,102,received,transaction,2350 
509, 114,Appended, Transaction, 2352
509, 114, broadcasting, data, 2352
511,104,received,transaction,2352 
511,101,received,transaction,2352 
511,110,received,transaction,2352 
511,111,received,transaction,2352 
511,106,received,transaction,2352 
512,113,received,transaction,2351 
512,107,received,transaction,2352 
514,113,received,transaction,2352 
514,100,received,transaction,2352 
515,109,received,transaction,2352 
516,106,received,transaction,2351 
517,115,received,transaction,2352 
519,105,received,transaction,2352 
519, 104,Appended, Transaction, 2353
519, 104, broadcasting, data, 2353
519,106,received,transaction,2353 
519,112,received,transaction,2352 
520,100,received,transaction,2351 
521,117,received,transaction,2352 
521,116,received,transaction,2353 
521,115,received,transaction,2353 
522,117,received,transaction,2353 
522,112,received,transaction,2353 
523,103,received,transaction,2352 
523,113,received,transaction,2353 
523,105,received,transaction,2353 
523,108,received,transaction,2353 
524,102,received,transaction,2353 
524,114,received,transaction,2353 
524,118,received,transaction,2352 
526,103,received,transaction,2353 
526,109,received,transaction,2353 
526,110,received,transaction,2353 
527,100,received,transaction,2353 
528,107,received,transaction,2353 
529,116,received,transaction,2352 
529, 112,Appended, Transaction, 2354
529, 112, broadcasting, data, 2354
529,105,received,transaction,2354 
529,108,received,transaction,2352 
530,115,received,transaction,2354 
531,100,received,transaction,2354 
531,118,received,transaction,2353 
531,102,received,transaction,2352 
531,104,received,transaction,2354 
532,102,received,transaction,2354 
532,101,received,transaction,2354 
532,111,received,transaction,2354 
534,101,received,transaction,2353 
535,107,received,transaction,2354 
536,118,received,transaction,2354 
537,106,received,transaction,2354 
537,113,received,transaction,2354 
537,114,received,transaction,2354 
538,111,received,transaction,2353 
538,117,received,transaction,2354 
539,110,received,transaction,2354 
539,103,received,transaction,2354 
539, 102,Appended, Transaction, 2355
539, 102, broadcasting, data, 2355
540,115,received,transaction,2355 
541,108,received,transaction,2354 
541,101,received,transaction,2355 
541,111,received,transaction,2355 
541,110,received,transaction,2355 
542,104,received,transaction,2355 
542,107,received,transaction,2355 
542,114,received,transaction,2355 
543,109,received,transaction,2355 
543,106,received,transaction,2355 
544,105,received,transaction,2355 
544,116,received,transaction,2355 
545,116,received,transaction,2354 
549, 109,Appended, Transaction, 2356
549, 109, broadcasting, data, 2356
549,113,received,transaction,2355 
549,118,received,transaction,2355 
549,109,received,transaction,2354 
549,103,received,transaction,2355 
550,117,received,transaction,2355 
550,108,received,transaction,2355 
550,106,received,transaction,2356 
550,108,received,transaction,2356 
551,110,received,transaction,2356 
551,105,received,transaction,2356 
552,102,received,transaction,2356 
552,107,received,transaction,2356 
552,116,received,transaction,2356 
552,112,received,transaction,2356 
553,114,received,transaction,2356 
553,100,received,transaction,2356 
553,115,received,transaction,2356 
553,112,received,transaction,2355 
553,113,received,transaction,2356 
553,100,received,transaction,2355 
554,111,received,transaction,2356 
559, 102,Appended, Transaction, 2357
559, 102, broadcasting, data, 2357
560,106,received,transaction,2357 
561,112,received,transaction,2357 
561,117,received,transaction,2357 
561,111,received,transaction,2357 
562,108,received,transaction,2357 
562,100,received,transaction,2357 
563,117,received,transaction,2356 
563,101,received,transaction,2356 
564,114,received,transaction,2357 
564,116,received,transaction,2357 
566,103,received,transaction,2356 
566,103,received,transaction,2357 
567,118,received,transaction,2357 
568,101,received,transaction,2357 
568,118,received,transaction,2356 
569,105,received,transaction,2357 
569, 109,Appended, Transaction, 2358
569, 109, broadcasting, data, 2358
570,104,received,transaction,2356 
570,118,received,transaction,2358 
571,113,received,transaction,2357 
571,115,received,transaction,2357 
571,100,received,transaction,2358 
571,105,received,transaction,2358 
571,112,received,transaction,2358 
571,115,received,transaction,2358 
572,116,received,transaction,2358 
572,110,received,transaction,2358 
573,113,received,transaction,2358 
573,107,received,transaction,2357 
574,109,received,transaction,2357 
574,106,received,transaction,2358 
575,114,received,transaction,2358 
575,117,received,transaction,2358 
576,102,received,transaction,2358 
577,108,received,transaction,2358 
579, 114,Appended, Transaction, 2359
579, 114, broadcasting, data, 2359
579,104,received,transaction,2357 
579,111,received,transaction,2358 
579,104,received,transaction,2358 
580,110,received,transaction,2357 
581,101,received,transaction,2358 
581,101,received,transaction,2359 
581,111,received,transaction,2359 
582,102,received,transaction,2359 
582,108,received,transaction,2359 
583,105,received,transaction,2359 
583,100,received,transaction,2359 
584,104,received,transaction,2359 
584,112,received,transaction,2359 
584,116,received,transaction,2359 
584,103,received,transaction,2358 
585,107,received,transaction,2358 
585,113,received,transaction,2359 
586,110,received,transaction,2359 
586,117,received,transaction,2359 
586,109,received,transaction,2359 
589,106,received,transaction,2359 
589, 109,Appended, Transaction, 2360
589, 109, broadcasting, data, 2360
589,101,received,transaction,2360 
591,105,received,transaction,2360 
591,115,received,transaction,2360 
591,118,received,transaction,2360 
591,111,received,transaction,2360 
592,107,received,transaction,2359 
592,107,received,transaction,2360 
593,118,received,transaction,2359 
594,110,received,transaction,2360 
595,103,received,transaction,2359 
595,113,received,transaction,2360 
595,108,received,transaction,2360 
596,103,received,transaction,2360 
597,104,received,transaction,2360 
598,115,received,transaction,2359 
598,112,received,transaction,2360 
598,114,received,transaction,2360 
599, 111,Appended, Transaction, 2361
599, 111, broadcasting, data, 2361
601,113,received,transaction,2361 
601,116,received,transaction,2360 
601,102,received,transaction,2361 
601,106,received,transaction,2361 
601,110,received,transaction,2361 
602,106,received,transaction,2360 
602,100,received,transaction,2361 
602,101,received,transaction,2361 
602,103,received,transaction,2361 
602,105,received,transaction,2361 
602,112,received,transaction,2361 
602,115,received,transaction,2361 
602,116,received,transaction,2361 
603,114,received,transaction,2361 
604,100,received,transaction,2360 
604,107,received,transaction,2361 
606,109,received,transaction,2361 
607,118,received,transaction,2361 
607,108,received,transaction,2361 
609,117,received,transaction,2360 
609, 110,Appended, Transaction, 2362
609, 110, broadcasting, data, 2362
610,102,received,transaction,2360 
610,100,received,transaction,2362 
610,118,received,transaction,2362 
611,111,received,transaction,2362 
611,114,received,transaction,2362 
612,104,received,transaction,2362 
612,109,received,transaction,2362 
613,117,received,transaction,2362 
614,113,received,transaction,2362 
614,103,received,transaction,2362 
614,106,received,transaction,2362 
615,117,received,transaction,2361 
615,102,received,transaction,2362 
615,105,received,transaction,2362 
615,112,received,transaction,2362 
616,101,received,transaction,2362 
616,104,received,transaction,2361 
620, 114,Appended, Transaction, 2363
620, 114, broadcasting, data, 2363
621,117,received,transaction,2363 
622,110,received,transaction,2363 
622,113,received,transaction,2363 
623,107,received,transaction,2362 
623,115,received,transaction,2363 
623,107,received,transaction,2363 
623,103,received,transaction,2363 
624,108,received,transaction,2362 
624,106,received,transaction,2363 
625,112,received,transaction,2363 
625,116,received,transaction,2363 
625,118,received,transaction,2363 
626,105,received,transaction,2363 
626,116,received,transaction,2362 
627,101,received,transaction,2363 
629, 115,Appended, Transaction, 2364
629, 115, broadcasting, data, 2364
630,115,received,transaction,2362 
630,108,received,transaction,2364 
630,117,received,transaction,2364 
631,111,received,transaction,2363 
631,116,received,transaction,2364 
631,112,received,transaction,2364 
632,108,received,transaction,2363 
632,102,received,transaction,2363 
633,101,received,transaction,2364 
634,114,received,transaction,2364 
635,118,received,transaction,2364 
635,109,received,transaction,2364 
635,106,received,transaction,2364 
636,109,received,transaction,2363 
636,100,received,transaction,2363 
636,107,received,transaction,2364 
637,104,received,transaction,2364 
637,113,received,transaction,2364 
638,111,received,transaction,2364 
638,103,received,transaction,2364 
639, 100,Appended, Transaction, 2365
639, 100, broadcasting, data, 2365
640,106,received,transaction,2365 
641,104,received,transaction,2363 
641,105,received,transaction,2365 
641,109,received,transaction,2365 
641,116,received,transaction,2365 
643,100,received,transaction,2364 
643,118,received,transaction,2365 
643,101,received,transaction,2365 
644,114,received,transaction,2365 
644,113,received,transaction,2365 
644,102,received,transaction,2365 
645,110,received,transaction,2364 
645,115,received,transaction,2365 
645,111,received,transaction,2365 
648,107,received,transaction,2365 
649,117,received,transaction,2365 
649, 107,Appended, Transaction, 2366
649, 107, broadcasting, data, 2366
650,102,received,transaction,2364 
651,111,received,transaction,2366 
652,117,received,transaction,2366 
652,101,received,transaction,2366 
652,112,received,transaction,2365 
652,104,received,transaction,2365 
652,114,received,transaction,2366 
653,100,received,transaction,2366 
654,112,received,transaction,2366 
654,103,received,transaction,2365 
654,105,received,transaction,2366 
654,115,received,transaction,2366 
654,116,received,transaction,2366 
656,104,received,transaction,2366 
656,110,received,transaction,2365 
657,108,received,transaction,2366 
658,109,received,transaction,2366 
658,118,received,transaction,2366 
658,113,received,transaction,2366 
659, 116,Appended, Transaction, 2367
659, 116, broadcasting, data, 2367
660,106,received,transaction,2366 
660,117,received,transaction,2367 
661,100,received,transaction,2367 
661,105,received,transaction,2367 
661,115,received,transaction,2367 
662,108,received,transaction,2365 
662,103,received,transaction,2366 
664,101,received,transaction,2367 
664,102,received,transaction,2367 
664,104,received,transaction,2367 
664,111,received,transaction,2367 
664,118,received,transaction,2367 
665,110,received,transaction,2366 
665,110,received,transaction,2367 
668,103,received,transaction,2367 
668,106,received,transaction,2367 
669,109,received,transaction,2367 
669,107,received,transaction,2367 
669, 107,Appended, Transaction, 2368
669, 107, broadcasting, data, 2368
670,115,received,transaction,2368 
671,104,received,transaction,2368 
672,114,received,transaction,2368 
672,105,received,transaction,2368 
673,110,received,transaction,2368 
674,100,received,transaction,2368 
674,112,received,transaction,2368 
674,108,received,transaction,2367 
674,113,received,transaction,2368 
675,114,received,transaction,2367 
675,102,received,transaction,2366 
675,111,received,transaction,2368 
675,108,received,transaction,2368 
675,117,received,transaction,2368 
677,106,received,transaction,2368 
677,109,received,transaction,2368 
678,116,received,transaction,2368 
678,103,received,transaction,2368 
678,118,received,transaction,2368 
679, 107,Appended, Transaction, 2369
679, 107, broadcasting, data, 2369
680,106,received,transaction,2369 
682,114,received,transaction,2369 
682,111,received,transaction,2369 
682,116,received,transaction,2369 
684,109,received,transaction,2369 
684,112,received,transaction,2369 
684,113,received,transaction,2369 
685,113,received,transaction,2367 
686,118,received,transaction,2369 
686,102,received,transaction,2368 
687,105,received,transaction,2369 
687,101,received,transaction,2369 
687,110,received,transaction,2369 
688,104,received,transaction,2369 
688,101,received,transaction,2368 
688,103,received,transaction,2369 
689, 106,Appended, Transaction, 2370
689, 106, broadcasting, data, 2370
690,114,received,transaction,2370 
690,100,received,transaction,2370 
690,118,received,transaction,2370 
691,115,received,transaction,2369 
691,101,received,transaction,2370 
691,102,received,transaction,2370 
691,111,received,transaction,2370 
694,103,received,transaction,2370 
694,109,received,transaction,2370 
695,108,received,transaction,2370 
695,116,received,transaction,2370 
695,117,received,transaction,2370 
696,104,received,transaction,2370 
697,107,received,transaction,2370 
698,102,received,transaction,2369 
698,110,received,transaction,2370 
698,100,received,transaction,2369 
699, 113,Appended, Transaction, 2371
699, 113, broadcasting, data, 2371
701,113,received,transaction,2370 
701,115,received,transaction,2370 
701,106,received,transaction,2371 
701,114,received,transaction,2371 
702,101,received,transaction,2371 
702,112,received,transaction,2371 
702,117,received,transaction,2369 
702,103,received,transaction,2371 
702,105,received,transaction,2371 
702,115,received,transaction,2371 
702,116,received,transaction,2371 
703,109,received,transaction,2371 
704,118,received,transaction,2371 
704,100,received,transaction,2371 
704,107,received,transaction,2371 
705,104,received,transaction,2371 
706,108,received,transaction,2369 
707,117,received,transaction,2371 
708,105,received,transaction,2370 
709,112,received,transaction,2370 
709, 115,Appended, Transaction, 2372
709, 115, broadcasting, data, 2372
710,108,received,transaction,2372 
710,111,received,transaction,2371 
711,118,received,transaction,2372 
711,104,received,transaction,2372 
711,102,received,transaction,2372 
712,110,received,transaction,2371 
712,101,received,transaction,2372 
712,113,received,transaction,2372 
713,100,received,transaction,2372 
713,106,received,transaction,2372 
713,109,received,transaction,2372 
713,102,received,transaction,2371 
714,112,received,transaction,2372 
714,114,received,transaction,2372 
715,108,received,transaction,2371 
715,103,received,transaction,2372 
715,117,received,transaction,2372 
718,116,received,transaction,2372 
718,111,received,transaction,2372 
719, 100,Appended, Transaction, 2373
719, 100, broadcasting, data, 2373
720,117,received,transaction,2373 
720,106,received,transaction,2373 
720,110,received,transaction,2373 
720,118,received,transaction,2373 
721,116,received,transaction,2373 
721,105,received,transaction,2373 
721,112,received,transaction,2373 
722,114,received,transaction,2373 
722,102,received,transaction,2373 
722,107,received,transaction,2372 
722,111,received,transaction,2373 
722,115,received,transaction,2373 
724,101,received,transaction,2373 
724,113,received,transaction,2373 
727,107,received,transaction,2373 
729, 111,Appended, Transaction, 2374
729, 111, broadcasting, data, 2374
730,104,received,transaction,2373 
731,110,received,transaction,2372 
731,106,received,transaction,2374 
731,114,received,transaction,2374 
732,101,received,transaction,2374 
732,115,received,transaction,2374 
732,116,received,transaction,2374 
734,118,received,transaction,2374 
734,100,received,transaction,2374 
734,107,received,transaction,2374 
734,109,received,transaction,2374 
735,109,received,transaction,2373 
736,103,received,transaction,2373 
737,110,received,transaction,2374 
737,108,received,transaction,2374 
737,117,received,transaction,2374 
738,113,received,transaction,2374 
738,108,received,transaction,2373 
739,103,received,transaction,2374 
739, 105,Appended, Transaction, 2375
739, 105, broadcasting, data, 2375
740,108,received,transaction,2375 
740,113,received,transaction,2375 
741,111,received,transaction,2375 
741,105,received,transaction,2374 
741,104,received,transaction,2375 
741,112,received,transaction,2375 
741,116,received,transaction,2375 
742,101,received,transaction,2375 
743,100,received,transaction,2375 
743,102,received,transaction,2374 
744,117,received,transaction,2375 
744,102,received,transaction,2375 
744,107,received,transaction,2375 
744,114,received,transaction,2375 
746,103,received,transaction,2375 
749,104,received,transaction,2374 
749, 112,Appended, Transaction, 2376
749, 112, broadcasting, data, 2376
749,109,received,transaction,2376 
749,103,received,transaction,2376 
750,109,received,transaction,2375 
750,110,received,transaction,2375 
750,118,received,transaction,2375 
750,105,received,transaction,2376 
750,108,received,transaction,2376 
751,102,received,transaction,2376 
751,112,received,transaction,2374 
751,104,received,transaction,2376 
751,115,received,transaction,2376 
751,116,received,transaction,2376 
751,118,received,transaction,2376 
752,106,received,transaction,2375 
752,111,received,transaction,2376 
752,113,received,transaction,2376 
753,110,received,transaction,2376 
753,114,received,transaction,2376 
754,107,received,transaction,2376 
755,100,received,transaction,2376 
759, 108,Appended, Transaction, 2377
759, 108, broadcasting, data, 2377
759,117,received,transaction,2376 
760,115,received,transaction,2377 
760,106,received,transaction,2376 
760,102,received,transaction,2377 
760,105,received,transaction,2377 
760,112,received,transaction,2377 
760,116,received,transaction,2377 
763,111,received,transaction,2377 
765,109,received,transaction,2377 
766,110,received,transaction,2377 
767,101,received,transaction,2377 
768,114,received,transaction,2377 
768,117,received,transaction,2377 
768,118,received,transaction,2377 
769, 104,Appended, Transaction, 2378
769, 104, broadcasting, data, 2378
770,117,received,transaction,2378 
770,103,received,transaction,2377 
770,108,received,transaction,2378 
770,112,received,transaction,2378 
770,113,received,transaction,2377 
771,104,received,transaction,2377 
771,118,received,transaction,2378 
771,107,received,transaction,2378 
771,116,received,transaction,2378 
771,115,received,transaction,2378 
773,113,received,transaction,2378 
773,101,received,transaction,2376 
773,100,received,transaction,2377 
774,109,received,transaction,2378 
775,106,received,transaction,2377 
777,111,received,transaction,2378 
777,107,received,transaction,2377 
778,102,received,transaction,2378 
779,106,received,transaction,2378 
779, 102,Appended, Transaction, 2379
779, 102, broadcasting, data, 2379
780,108,received,transaction,2379 
780,117,received,transaction,2379 
781,110,received,transaction,2378 
781,110,received,transaction,2379 
782,106,received,transaction,2379 
782,103,received,transaction,2378 
782,114,received,transaction,2379 
782,100,received,transaction,2378 
783,101,received,transaction,2378 
784,105,received,transaction,2379 
785,105,received,transaction,2378 
786,103,received,transaction,2379 
787,116,received,transaction,2379 
788,118,received,transaction,2379 
788,101,received,transaction,2379 
789, 117,Appended, Transaction, 2380
789, 117, broadcasting, data, 2380
790,102,received,transaction,2380 
790,114,received,transaction,2378 
790,104,received,transaction,2380 
790,112,received,transaction,2380 
790,114,received,transaction,2380 
790,115,received,transaction,2380 
790,116,received,transaction,2380 
791,100,received,transaction,2379 
791,115,received,transaction,2379 
792,107,received,transaction,2379 
794,109,received,transaction,2379 
795,100,received,transaction,2380 
795,108,received,transaction,2380 
796,111,received,transaction,2379 
796,110,received,transaction,2380 
796,113,received,transaction,2380 
797,113,received,transaction,2379 
798,118,received,transaction,2380 
799,111,received,transaction,2380 
799, 117,Appended, Transaction, 2381
799, 117, broadcasting, data, 2381
800,115,received,transaction,2381 
800,105,received,transaction,2381 
800,112,received,transaction,2381 
800,102,received,transaction,2381 
800,114,received,transaction,2381 
800,112,received,transaction,2379 
802,101,received,transaction,2380 
802,108,received,transaction,2381 
803,105,received,transaction,2380 
803,103,received,transaction,2380 
804,103,received,transaction,2381 
805,104,received,transaction,2381 
806,110,received,transaction,2381 
806,104,received,transaction,2379 
807,116,received,transaction,2381 
808,101,received,transaction,2381 
808,106,received,transaction,2381 
808,107,received,transaction,2380 
809,106,received,transaction,2380 
809,109,received,transaction,2380 
809, 117,Appended, Transaction, 2382
809, 117, broadcasting, data, 2382
810,105,received,transaction,2382 
810,115,received,transaction,2382 
810,104,received,transaction,2382 
810,118,received,transaction,2381 
811,111,received,transaction,2382 
812,103,received,transaction,2382 
812,108,received,transaction,2382 
813,109,received,transaction,2382 
814,102,received,transaction,2382 
814,109,received,transaction,2381 
815,116,received,transaction,2382 
816,113,received,transaction,2381 
817,100,received,transaction,2381 
818,113,received,transaction,2382 
818,106,received,transaction,2382 
818,114,received,transaction,2382 
818,100,received,transaction,2382 
819,107,received,transaction,2381 
819, 111,Appended, Transaction, 2383
819, 111, broadcasting, data, 2383
819,112,received,transaction,2382 
820,103,received,transaction,2383 
820,102,received,transaction,2383 
821,110,received,transaction,2383 
821,106,received,transaction,2383 
821,114,received,transaction,2383 
822,117,received,transaction,2383 
822,108,received,transaction,2383 
822,105,received,transaction,2383 
822,112,received,transaction,2383 
822,116,received,transaction,2383 
822,118,received,transaction,2383 
823,113,received,transaction,2383 
823,107,received,transaction,2382 
824,118,received,transaction,2382 
824,111,received,transaction,2381 
824,109,received,transaction,2383 
825,115,received,transaction,2383 
826,101,received,transaction,2383 
828,100,received,transaction,2383 
829, 118,Appended, Transaction, 2384
829, 118, broadcasting, data, 2384
830,101,received,transaction,2382 
830,109,received,transaction,2384 
830,100,received,transaction,2384 
830,114,received,transaction,2384 
831,104,received,transaction,2384 
831,105,received,transaction,2384 
831,112,received,transaction,2384 
832,107,received,transaction,2383 
833,116,received,transaction,2384 
833,107,received,transaction,2384 
834,113,received,transaction,2384 
834,102,received,transaction,2384 
835,103,received,transaction,2384 
836,115,received,transaction,2384 
837,110,received,transaction,2384 
838,101,received,transaction,2384 
839, 115,Appended, Transaction, 2385
839, 115, broadcasting, data, 2385
840,104,received,transaction,2383 
840,111,received,transaction,2384 
840,108,received,transaction,2385 
841,108,received,transaction,2384 
841,117,received,transaction,2385 
841,100,received,transaction,2385 
841,104,received,transaction,2385 
841,116,received,transaction,2385 
842,117,received,transaction,2384 
842,106,received,transaction,2384 
843,101,received,transaction,2385 
843,112,received,transaction,2385 
843,118,received,transaction,2385 
844,107,received,transaction,2385 
844,114,received,transaction,2385 
844,106,received,transaction,2385 
846,102,received,transaction,2385 
847,113,received,transaction,2385 
847,110,received,transaction,2382 
848,109,received,transaction,2385 
849, 117,Appended, Transaction, 2386
849, 117, broadcasting, data, 2386
850,110,received,transaction,2386 
850,100,received,transaction,2386 
850,102,received,transaction,2386 
850,116,received,transaction,2386 
851,101,received,transaction,2386 
851,110,received,transaction,2385 
852,109,received,transaction,2386 
852,111,received,transaction,2385 
852,108,received,transaction,2386 
852,104,received,transaction,2386 
852,115,received,transaction,2386 
853,118,received,transaction,2386 
854,103,received,transaction,2386 
855,105,received,transaction,2386 
857,103,received,transaction,2385 
858,114,received,transaction,2386 
859, 104,Appended, Transaction, 2387
859, 104, broadcasting, data, 2387
860,117,received,transaction,2387 
861,111,received,transaction,2386 
861,105,received,transaction,2387 
861,107,received,transaction,2387 
861,115,received,transaction,2387 
861,116,received,transaction,2387 
862,108,received,transaction,2387 
862,106,received,transaction,2386 
862,112,received,transaction,2386 
863,113,received,transaction,2386 
863,106,received,transaction,2387 
863,100,received,transaction,2387 
864,111,received,transaction,2387 
865,107,received,transaction,2386 
869,109,received,transaction,2387 
869, 106,Appended, Transaction, 2388
869, 106, broadcasting, data, 2388
869,105,received,transaction,2388 
869,111,received,transaction,2388 
869,118,received,transaction,2387 
870,114,received,transaction,2387 
870,104,received,transaction,2388 
870,118,received,transaction,2388 
870,110,received,transaction,2387 
871,101,received,transaction,2388 
872,101,received,transaction,2387 
872,102,received,transaction,2387 
872,110,received,transaction,2388 
872,112,received,transaction,2388 
872,100,received,transaction,2388 
873,107,received,transaction,2388 
874,102,received,transaction,2388 
874,112,received,transaction,2387 
874,103,received,transaction,2388 
874,109,received,transaction,2388 
875,116,received,transaction,2388 
875,108,received,transaction,2388 
876,113,received,transaction,2388 
877,103,received,transaction,2387 
879,117,received,transaction,2388 
879, 109,Appended, Transaction, 2389
879, 109, broadcasting, data, 2389
880,100,received,transaction,2389 
880,114,received,transaction,2388 
881,115,received,transaction,2389 
881,113,received,transaction,2389 
882,103,received,transaction,2389 
882,110,received,transaction,2389 
882,108,received,transaction,2389 
882,118,received,transaction,2389 
883,105,received,transaction,2389 
883,114,received,transaction,2389 
884,116,received,transaction,2389 
884,106,received,transaction,2389 
884,111,received,transaction,2389 
885,102,received,transaction,2389 
886,115,received,transaction,2388 
887,104,received,transaction,2389 
889,113,received,transaction,2387 
889, 101,Appended, Transaction, 2390
889, 101, broadcasting, data, 2390
891,112,received,transaction,2390 
891,106,received,transaction,2390 
891,110,received,transaction,2390 
892,111,received,transaction,2390 
892,100,received,transaction,2390 
892,112,received,transaction,2389 
893,107,received,transaction,2389 
893,101,received,transaction,2389 
893,102,received,transaction,2390 
894,105,received,transaction,2390 
897,114,received,transaction,2390 
898,115,received,transaction,2390 
898,117,received,transaction,2389 
899,118,received,transaction,2390 
899,113,received,transaction,2390 
899, 107,Appended, Transaction, 2391
899, 107, broadcasting, data, 2391
899,109,received,transaction,2391 
901,106,received,transaction,2391 
902,100,received,transaction,2391 
902,115,received,transaction,2391 
902,102,received,transaction,2391 
902,104,received,transaction,2391 
902,116,received,transaction,2390 
902,108,received,transaction,2390 
903,110,received,transaction,2391 
904,117,received,transaction,2390 
904,111,received,transaction,2391 
904,112,received,transaction,2391 
904,116,received,transaction,2391 
905,104,received,transaction,2390 
905,108,received,transaction,2391 
906,109,received,transaction,2390 
908,105,received,transaction,2391 
908,103,received,transaction,2390 
909, 116,Appended, Transaction, 2392
909, 116, broadcasting, data, 2392
909,103,received,transaction,2391 
909,114,received,transaction,2391 
909,101,received,transaction,2391 
910,113,received,transaction,2391 
911,100,received,transaction,2392 
911,104,received,transaction,2392 
911,105,received,transaction,2392 
911,115,received,transaction,2392 
911,118,received,transaction,2392 
912,101,received,transaction,2392 
912,111,received,transaction,2392 
912,113,received,transaction,2392 
914,102,received,transaction,2392 
914,117,received,transaction,2391 
915,106,received,transaction,2392 
918,107,received,transaction,2392 
919, 105,Appended, Transaction, 2393
919, 105, broadcasting, data, 2393
919,108,received,transaction,2392 
919,107,received,transaction,2390 
919,114,received,transaction,2392 
919,118,received,transaction,2391 
920,108,received,transaction,2393 
920,117,received,transaction,2393 
920,113,received,transaction,2393 
921,109,received,transaction,2392 
921,104,received,transaction,2393 
921,109,received,transaction,2393 
922,116,received,transaction,2393 
922,111,received,transaction,2393 
922,103,received,transaction,2392 
924,107,received,transaction,2393 
924,101,received,transaction,2393 
924,110,received,transaction,2392 
925,106,received,transaction,2393 
927,114,received,transaction,2393 
927,110,received,transaction,2393 
928,100,received,transaction,2393 
929,117,received,transaction,2392 
929, 114,Appended, Transaction, 2394
929, 114, broadcasting, data, 2394
930,102,received,transaction,2393 
931,113,received,transaction,2394 
931,103,received,transaction,2393 
934,115,received,transaction,2394 
934,105,received,transaction,2394 
934,116,received,transaction,2394 
934,118,received,transaction,2394 
934,117,received,transaction,2394 
935,112,received,transaction,2393 
935,110,received,transaction,2394 
935,111,received,transaction,2394 
935,109,received,transaction,2394 
937,100,received,transaction,2394 
937,104,received,transaction,2394 
937,118,received,transaction,2393 
937,112,received,transaction,2394 
937,101,received,transaction,2394 
939, 105,Appended, Transaction, 2395
939, 105, broadcasting, data, 2395
941,117,received,transaction,2395 
941,118,received,transaction,2395 
941,109,received,transaction,2395 
941,114,received,transaction,2395 
942,112,received,transaction,2395 
942,107,received,transaction,2394 
942,101,received,transaction,2395 
942,111,received,transaction,2395 
942,102,received,transaction,2394 
943,113,received,transaction,2395 
943,108,received,transaction,2395 
944,106,received,transaction,2394 
944,110,received,transaction,2395 
944,107,received,transaction,2395 
944,108,received,transaction,2394 
944,100,received,transaction,2395 
946,103,received,transaction,2395 
947,103,received,transaction,2394 
948,102,received,transaction,2395 
949, 109,Appended, Transaction, 2396
949, 109, broadcasting, data, 2396
951,100,received,transaction,2396 
951,115,received,transaction,2396 
951,104,received,transaction,2396 
952,107,received,transaction,2396 
952,110,received,transaction,2396 
952,106,received,transaction,2395 
955,108,received,transaction,2396 
955,117,received,transaction,2396 
956,103,received,transaction,2396 
958,105,received,transaction,2396 
959, 112,Appended, Transaction, 2397
959, 112, broadcasting, data, 2397
959,107,received,transaction,2397 
959,114,received,transaction,2396 
960,108,received,transaction,2397 
960,117,received,transaction,2397 
960,100,received,transaction,2397 
960,101,received,transaction,2396 
961,105,received,transaction,2397 
961,109,received,transaction,2397 
961,115,received,transaction,2397 
961,116,received,transaction,2397 
961,104,received,transaction,2395 
962,116,received,transaction,2395 
962,106,received,transaction,2396 
962,113,received,transaction,2396 
962,118,received,transaction,2396 
963,111,received,transaction,2396 
964,113,received,transaction,2397 
964,102,received,transaction,2397 
965,112,received,transaction,2396 
965,103,received,transaction,2397 
965,102,received,transaction,2396 
965,116,received,transaction,2396 
966,101,received,transaction,2397 
966,111,received,transaction,2397 
968,110,received,transaction,2397 
969, 106,Appended, Transaction, 2398
969, 106, broadcasting, data, 2398
969,115,received,transaction,2398 
969,114,received,transaction,2397 
971,102,received,transaction,2398 
971,113,received,transaction,2398 
971,118,received,transaction,2397 
971,109,received,transaction,2398 
972,111,received,transaction,2398 
973,107,received,transaction,2398 
973,104,received,transaction,2398 
973,106,received,transaction,2397 
974,103,received,transaction,2398 
974,110,received,transaction,2398 
974,101,received,transaction,2398 
975,112,received,transaction,2398 
975,116,received,transaction,2398 
976,117,received,transaction,2398 
977,104,received,transaction,2397 
978,100,received,transaction,2398 
979,108,received,transaction,2398 
979, 114,Appended, Transaction, 2399
979, 114, broadcasting, data, 2399
979,116,received,transaction,2399 
980,117,received,transaction,2399 
981,106,received,transaction,2399 
981,111,received,transaction,2399 
981,113,received,transaction,2399 
981,115,received,transaction,2399 
982,104,received,transaction,2399 
982,101,received,transaction,2399 
984,105,received,transaction,2399 
984,118,received,transaction,2399 
984,114,received,transaction,2398 
985,108,received,transaction,2399 
985,109,received,transaction,2399 
987,105,received,transaction,2398 
987,118,received,transaction,2398 
989, 109,Appended, Transaction, 2400
989, 109, broadcasting, data, 2400
989,112,received,transaction,2399 
990,111,received,transaction,2400 
990,102,received,transaction,2399 
991,114,received,transaction,2400 
991,105,received,transaction,2400 
991,116,received,transaction,2400 
991,118,received,transaction,2400 
992,101,received,transaction,2400 
992,103,received,transaction,2400 
993,115,received,transaction,2400 
993,110,received,transaction,2400 
993,110,received,transaction,2399 
994,104,received,transaction,2400 
994,113,received,transaction,2400 
995,108,received,transaction,2400 
996,106,received,transaction,2400 
996,112,received,transaction,2400 
998,103,received,transaction,2399 
999, 105,Appended, Transaction, 2401
999, 105, broadcasting, data, 2401
999,106,received,transaction,2401 
Simulation ended
