0,100, generated, node, -
0,101, generated, node, -
0,102, generated, node, -
0,103, generated, node, -
0,104, generated, node, -
0,105, generated, node, -
0,106, generated, node, -
0,107, generated, node, -
0,108, generated, node, -
0,109, generated, node, -
0,110, generated, node, -
0,111, generated, node, -
0,112, generated, node, -
0,113, generated, node, -
0,114, generated, node, -
0,115, generated, node, -
0,116, generated, node, -
0,117, generated, node, -
0,118, generated, node, -
0, 100,Appended, Transaction, 2301
0, 100, broadcasting, data, 2301
1,106,received,transaction,2301 
1,118,received,transaction,2301 
2,105,received,transaction,2301 
2,109,received,transaction,2301 
2,112,received,transaction,2301 
2,115,received,transaction,2301 
2,116,received,transaction,2301 
3,110,received,transaction,2301 
4,104,received,transaction,2301 
4,103,received,transaction,2301 
5,111,received,transaction,2301 
5,114,received,transaction,2301 
6,113,received,transaction,2301 
7,102,received,transaction,2301 
10, 100,Appended, Transaction, 2302
10, 100, broadcasting, data, 2302
10,117,received,transaction,2301 
11,110,received,transaction,2302 
11,101,received,transaction,2301 
11,108,received,transaction,2301 
12,112,received,transaction,2302 
13,105,received,transaction,2302 
13,103,received,transaction,2302 
13,114,received,transaction,2302 
14,104,received,transaction,2302 
14,115,received,transaction,2302 
14,107,received,transaction,2301 
14,107,received,transaction,2302 
15,102,received,transaction,2302 
15,111,received,transaction,2302 
15,113,received,transaction,2302 
19,117,received,transaction,2302 
19,106,received,transaction,2302 
19,109,received,transaction,2302 
20,116,received,transaction,2302 
20, 100,Appended, Transaction, 2303
20, 100, broadcasting, data, 2303
20,118,received,transaction,2302 
21,106,received,transaction,2303 
21,109,received,transaction,2303 
22,108,received,transaction,2302 
22,105,received,transaction,2303 
22,112,received,transaction,2303 
22,115,received,transaction,2303 
22,116,received,transaction,2303 
23,103,received,transaction,2303 
23,110,received,transaction,2303 
25,101,received,transaction,2303 
25,114,received,transaction,2303 
25,104,received,transaction,2303 
26,118,received,transaction,2303 
26,102,received,transaction,2303 
27,111,received,transaction,2303 
27,113,received,transaction,2303 
30, 100,Appended, Transaction, 2304
30, 100, broadcasting, data, 2304
31,106,received,transaction,2304 
31,110,received,transaction,2304 
31,118,received,transaction,2304 
31,114,received,transaction,2304 
31,101,received,transaction,2302 
31,117,received,transaction,2303 
32,105,received,transaction,2304 
32,107,received,transaction,2303 
32,108,received,transaction,2303 
33,104,received,transaction,2304 
33,115,received,transaction,2304 
34,112,received,transaction,2304 
35,102,received,transaction,2304 
35,116,received,transaction,2304 
39,117,received,transaction,2304 
39,111,received,transaction,2304 
39, 100,Appended, Transaction, 2305
39, 100, broadcasting, data, 2305
40,108,received,transaction,2304 
40,103,received,transaction,2304 
40,104,received,transaction,2305 
40,106,received,transaction,2305 
40,110,received,transaction,2305 
40,118,received,transaction,2305 
41,112,received,transaction,2305 
43,101,received,transaction,2305 
43,103,received,transaction,2305 
43,115,received,transaction,2305 
44,117,received,transaction,2305 
44,109,received,transaction,2305 
44,102,received,transaction,2305 
44,113,received,transaction,2305 
48,101,received,transaction,2304 
48,113,received,transaction,2304 
48,105,received,transaction,2305 
49,114,received,transaction,2305 
49,109,received,transaction,2304 
49, 100,Appended, Transaction, 2306
49, 100, broadcasting, data, 2306
50,108,received,transaction,2305 
50,107,received,transaction,2304 
50,118,received,transaction,2306 
51,115,received,transaction,2306 
53,101,received,transaction,2306 
53,106,received,transaction,2306 
53,104,received,transaction,2306 
54,102,received,transaction,2306 
54,111,received,transaction,2306 
55,107,received,transaction,2306 
55,103,received,transaction,2306 
56,111,received,transaction,2305 
56,116,received,transaction,2305 
57,112,received,transaction,2306 
57,110,received,transaction,2306 
57,116,received,transaction,2306 
58,108,received,transaction,2306 
59,107,received,transaction,2305 
59,105,received,transaction,2306 
59,117,received,transaction,2306 
59, 100,Appended, Transaction, 2307
59, 100, broadcasting, data, 2307
60,118,received,transaction,2307 
60,109,received,transaction,2306 
60,110,received,transaction,2307 
61,109,received,transaction,2307 
61,116,received,transaction,2307 
63,113,received,transaction,2306 
64,101,received,transaction,2307 
64,113,received,transaction,2307 
65,107,received,transaction,2307 
65,112,received,transaction,2307 
66,104,received,transaction,2307 
68,114,received,transaction,2306 
68,111,received,transaction,2307 
68,108,received,transaction,2307 
70, 100,Appended, Transaction, 2308
70, 100, broadcasting, data, 2308
70,110,received,transaction,2308 
70,106,received,transaction,2307 
71,117,received,transaction,2307 
71,106,received,transaction,2308 
72,105,received,transaction,2308 
72,109,received,transaction,2308 
73,103,received,transaction,2308 
73,115,received,transaction,2307 
74,107,received,transaction,2308 
74,115,received,transaction,2308 
75,101,received,transaction,2308 
76,116,received,transaction,2308 
76,102,received,transaction,2308 
77,102,received,transaction,2307 
77,108,received,transaction,2308 
77,103,received,transaction,2307 
79,114,received,transaction,2307 
79,105,received,transaction,2307 
79,111,received,transaction,2308 
79,104,received,transaction,2308 
80, 100,Appended, Transaction, 2309
80, 100, broadcasting, data, 2309
81,106,received,transaction,2309 
81,110,received,transaction,2309 
81,113,received,transaction,2308 
81,112,received,transaction,2308 
81,109,received,transaction,2309 
82,114,received,transaction,2308 
84,117,received,transaction,2308 
85,113,received,transaction,2309 
85,118,received,transaction,2308 
85,102,received,transaction,2309 
85,117,received,transaction,2309 
85,111,received,transaction,2309 
86,104,received,transaction,2309 
86,107,received,transaction,2309 
88,105,received,transaction,2309 
88,112,received,transaction,2309 
88,101,received,transaction,2309 
88,116,received,transaction,2309 
88,103,received,transaction,2309 
89,108,received,transaction,2309 
90, 100,Appended, Transaction, 2310
90, 100, broadcasting, data, 2310
90,115,received,transaction,2309 
90,112,received,transaction,2310 
91,106,received,transaction,2310 
91,102,received,transaction,2310 
91,118,received,transaction,2309 
91,104,received,transaction,2310 
92,105,received,transaction,2310 
92,109,received,transaction,2310 
92,115,received,transaction,2310 
92,116,received,transaction,2310 
93,103,received,transaction,2310 
93,108,received,transaction,2310 
94,118,received,transaction,2310 
95,101,received,transaction,2310 
95,113,received,transaction,2310 
95,114,received,transaction,2310 
95,114,received,transaction,2309 
96,117,received,transaction,2310 
99,111,received,transaction,2310 
100, 100,Appended, Transaction, 2311
100, 100, broadcasting, data, 2311
101,105,received,transaction,2311 
101,106,received,transaction,2311 
101,110,received,transaction,2310 
102,112,received,transaction,2311 
102,115,received,transaction,2311 
104,103,received,transaction,2311 
104,104,received,transaction,2311 
105,109,received,transaction,2311 
106,113,received,transaction,2311 
106,107,received,transaction,2310 
107,116,received,transaction,2311 
109,108,received,transaction,2311 
109,118,received,transaction,2311 
109,110,received,transaction,2311 
110, 100,Appended, Transaction, 2312
110, 100, broadcasting, data, 2312
110,115,received,transaction,2312 
111,118,received,transaction,2312 
111,102,received,transaction,2311 
111,101,received,transaction,2311 
112,105,received,transaction,2312 
112,111,received,transaction,2312 
112,107,received,transaction,2312 
113,114,received,transaction,2311 
113,110,received,transaction,2312 
113,103,received,transaction,2312 
113,112,received,transaction,2312 
114,117,received,transaction,2311 
115,113,received,transaction,2312 
115,106,received,transaction,2312 
116,102,received,transaction,2312 
117,104,received,transaction,2312 
118,114,received,transaction,2312 
118,107,received,transaction,2311 
119,101,received,transaction,2312 
120, 100,Appended, Transaction, 2313
120, 100, broadcasting, data, 2313
120,108,received,transaction,2313 
120,118,received,transaction,2313 
120,111,received,transaction,2311 
120,109,received,transaction,2313 
120,101,received,transaction,2313 
121,103,received,transaction,2313 
121,106,received,transaction,2313 
121,110,received,transaction,2313 
121,109,received,transaction,2312 
121,111,received,transaction,2313 
122,116,received,transaction,2313 
122,112,received,transaction,2313 
122,116,received,transaction,2312 
123,102,received,transaction,2313 
124,108,received,transaction,2312 
125,114,received,transaction,2313 
125,113,received,transaction,2313 
128,107,received,transaction,2313 
128,104,received,transaction,2313 
130, 100,Appended, Transaction, 2314
130, 100, broadcasting, data, 2314
130,117,received,transaction,2313 
131,103,received,transaction,2314 
131,105,received,transaction,2313 
131,113,received,transaction,2314 
132,105,received,transaction,2314 
132,109,received,transaction,2314 
132,102,received,transaction,2314 
132,110,received,transaction,2314 
133,115,received,transaction,2313 
134,104,received,transaction,2314 
135,101,received,transaction,2314 
135,116,received,transaction,2314 
135,114,received,transaction,2314 
136,112,received,transaction,2314 
137,117,received,transaction,2312 
138,107,received,transaction,2314 
139,117,received,transaction,2314 
139,115,received,transaction,2314 
140,106,received,transaction,2314 
140, 100,Appended, Transaction, 2315
140, 100, broadcasting, data, 2315
141,106,received,transaction,2315 
141,110,received,transaction,2315 
141,109,received,transaction,2315 
142,112,received,transaction,2315 
142,116,received,transaction,2315 
142,111,received,transaction,2314 
144,104,received,transaction,2315 
145,105,received,transaction,2315 
145,113,received,transaction,2315 
145,102,received,transaction,2315 
145,118,received,transaction,2314 
145,108,received,transaction,2314 
147,114,received,transaction,2315 
149,117,received,transaction,2315 
150, 100,Appended, Transaction, 2316
150, 100, broadcasting, data, 2316
151,106,received,transaction,2316 
151,110,received,transaction,2316 
151,112,received,transaction,2316 
152,113,received,transaction,2316 
152,104,received,transaction,2316 
153,118,received,transaction,2315 
154,118,received,transaction,2316 
155,102,received,transaction,2316 
155,111,received,transaction,2316 
155,114,received,transaction,2316 
155,111,received,transaction,2315 
157,101,received,transaction,2316 
158,116,received,transaction,2316 
158,107,received,transaction,2316 
159,108,received,transaction,2316 
159,115,received,transaction,2315 
159,107,received,transaction,2315 
159,103,received,transaction,2315 
159, 100,Appended, Transaction, 2317
159, 100, broadcasting, data, 2317
160,101,received,transaction,2315 
160,106,received,transaction,2317 
160,110,received,transaction,2317 
161,105,received,transaction,2317 
161,109,received,transaction,2317 
161,115,received,transaction,2317 
162,111,received,transaction,2317 
162,116,received,transaction,2317 
162,103,received,transaction,2317 
162,118,received,transaction,2317 
163,109,received,transaction,2316 
163,102,received,transaction,2317 
163,104,received,transaction,2317 
164,103,received,transaction,2316 
164,101,received,transaction,2317 
164,114,received,transaction,2317 
165,108,received,transaction,2315 
165,105,received,transaction,2316 
169,115,received,transaction,2316 
170, 100,Appended, Transaction, 2318
170, 100, broadcasting, data, 2318
171,118,received,transaction,2318 
171,107,received,transaction,2318 
172,112,received,transaction,2318 
172,115,received,transaction,2318 
173,105,received,transaction,2318 
173,113,received,transaction,2317 
173,112,received,transaction,2317 
173,114,received,transaction,2318 
174,104,received,transaction,2318 
175,116,received,transaction,2318 
176,113,received,transaction,2318 
177,107,received,transaction,2317 
177,108,received,transaction,2318 
178,117,received,transaction,2317 
179,110,received,transaction,2318 
179,102,received,transaction,2318 
179,101,received,transaction,2318 
179,103,received,transaction,2318 
179, 100,Appended, Transaction, 2319
179, 100, broadcasting, data, 2319
181,108,received,transaction,2319 
181,116,received,transaction,2319 
182,111,received,transaction,2318 
182,108,received,transaction,2317 
182,103,received,transaction,2319 
184,105,received,transaction,2319 
184,102,received,transaction,2319 
184,111,received,transaction,2319 
184,113,received,transaction,2319 
184,114,received,transaction,2319 
185,117,received,transaction,2316 
185,117,received,transaction,2318 
185,107,received,transaction,2319 
186,101,received,transaction,2319 
186,118,received,transaction,2319 
187,115,received,transaction,2319 
188,112,received,transaction,2319 
188,109,received,transaction,2318 
189,106,received,transaction,2318 
189,110,received,transaction,2319 
189, 100,Appended, Transaction, 2320
189, 100, broadcasting, data, 2320
190,105,received,transaction,2320 
190,106,received,transaction,2320 
191,109,received,transaction,2320 
191,112,received,transaction,2320 
191,115,received,transaction,2320 
192,104,received,transaction,2319 
192,103,received,transaction,2320 
193,110,received,transaction,2320 
193,104,received,transaction,2320 
197,117,received,transaction,2319 
198,114,received,transaction,2320 
199,113,received,transaction,2320 
199,107,received,transaction,2320 
199,116,received,transaction,2320 
199, 100,Appended, Transaction, 2321
199, 100, broadcasting, data, 2321
200,106,received,transaction,2319 
200,106,received,transaction,2321 
200,108,received,transaction,2320 
200,110,received,transaction,2321 
200,118,received,transaction,2321 
200,118,received,transaction,2320 
201,101,received,transaction,2320 
201,109,received,transaction,2319 
201,102,received,transaction,2320 
201,109,received,transaction,2321 
201,112,received,transaction,2321 
202,102,received,transaction,2321 
202,107,received,transaction,2321 
203,114,received,transaction,2321 
204,111,received,transaction,2321 
204,113,received,transaction,2321 
205,105,received,transaction,2321 
207,104,received,transaction,2321 
207,116,received,transaction,2321 
208,117,received,transaction,2321 
209,103,received,transaction,2321 
209,108,received,transaction,2321 
209, 100,Appended, Transaction, 2322
209, 100, broadcasting, data, 2322
210,115,received,transaction,2322 
210,107,received,transaction,2322 
210,115,received,transaction,2321 
210,106,received,transaction,2322 
210,110,received,transaction,2322 
211,112,received,transaction,2322 
212,102,received,transaction,2322 
212,103,received,transaction,2322 
213,105,received,transaction,2322 
213,117,received,transaction,2320 
214,114,received,transaction,2322 
215,118,received,transaction,2322 
216,117,received,transaction,2322 
217,111,received,transaction,2320 
218,116,received,transaction,2322 
218,108,received,transaction,2322 
219,113,received,transaction,2322 
219, 100,Appended, Transaction, 2323
219, 100, broadcasting, data, 2323
220,110,received,transaction,2323 
220,101,received,transaction,2321 
220,118,received,transaction,2323 
221,106,received,transaction,2323 
221,104,received,transaction,2322 
221,116,received,transaction,2323 
223,111,received,transaction,2323 
223,101,received,transaction,2322 
223,104,received,transaction,2323 
224,112,received,transaction,2323 
224,109,received,transaction,2322 
224,101,received,transaction,2323 
224,102,received,transaction,2323 
224,113,received,transaction,2323 
229, 100,Appended, Transaction, 2324
229, 100, broadcasting, data, 2324
230,102,received,transaction,2324 
231,115,received,transaction,2324 
232,114,received,transaction,2324 
232,111,received,transaction,2322 
232,101,received,transaction,2324 
232,115,received,transaction,2323 
233,107,received,transaction,2323 
233,103,received,transaction,2323 
234,110,received,transaction,2324 
234,113,received,transaction,2324 
234,111,received,transaction,2324 
234,105,received,transaction,2323 
234,103,received,transaction,2324 
234,117,received,transaction,2323 
235,114,received,transaction,2323 
235,112,received,transaction,2324 
235,106,received,transaction,2324 
236,108,received,transaction,2324 
237,107,received,transaction,2324 
238,108,received,transaction,2323 
238,116,received,transaction,2324 
240, 100,Appended, Transaction, 2325
240, 100, broadcasting, data, 2325
240,109,received,transaction,2325 
240,114,received,transaction,2325 
241,106,received,transaction,2325 
241,110,received,transaction,2325 
241,118,received,transaction,2325 
241,117,received,transaction,2325 
241,105,received,transaction,2325 
242,116,received,transaction,2325 
242,115,received,transaction,2325 
242,102,received,transaction,2325 
244,104,received,transaction,2325 
244,112,received,transaction,2325 
244,104,received,transaction,2324 
245,113,received,transaction,2325 
245,118,received,transaction,2324 
245,117,received,transaction,2324 
247,109,received,transaction,2323 
249,108,received,transaction,2325 
249,109,received,transaction,2324 
250,105,received,transaction,2324 
250, 100,Appended, Transaction, 2326
250, 100, broadcasting, data, 2326
250,103,received,transaction,2325 
251,106,received,transaction,2326 
251,110,received,transaction,2326 
251,111,received,transaction,2325 
252,112,received,transaction,2326 
252,115,received,transaction,2326 
254,116,received,transaction,2326 
254,101,received,transaction,2325 
255,113,received,transaction,2326 
255,114,received,transaction,2326 
255,109,received,transaction,2326 
256,117,received,transaction,2326 
256,107,received,transaction,2326 
256,107,received,transaction,2325 
256,103,received,transaction,2326 
257,102,received,transaction,2326 
257,118,received,transaction,2326 
259,108,received,transaction,2326 
260, 100,Appended, Transaction, 2327
260, 100, broadcasting, data, 2327
260,107,received,transaction,2327 
261,111,received,transaction,2326 
262,105,received,transaction,2327 
262,112,received,transaction,2327 
262,115,received,transaction,2327 
262,113,received,transaction,2327 
263,104,received,transaction,2326 
263,101,received,transaction,2326 
263,101,received,transaction,2327 
263,116,received,transaction,2327 
264,104,received,transaction,2327 
264,109,received,transaction,2327 
264,102,received,transaction,2327 
265,111,received,transaction,2327 
265,114,received,transaction,2327 
265,103,received,transaction,2327 
269,118,received,transaction,2327 
269,117,received,transaction,2327 
270, 100,Appended, Transaction, 2328
270, 100, broadcasting, data, 2328
271,118,received,transaction,2328 
272,110,received,transaction,2327 
272,105,received,transaction,2328 
272,112,received,transaction,2328 
272,102,received,transaction,2328 
273,107,received,transaction,2328 
274,104,received,transaction,2328 
275,101,received,transaction,2328 
275,108,received,transaction,2328 
277,110,received,transaction,2328 
278,114,received,transaction,2328 
279,106,received,transaction,2327 
280, 100,Appended, Transaction, 2329
280, 100, broadcasting, data, 2329
281,108,received,transaction,2327 
281,106,received,transaction,2329 
281,118,received,transaction,2329 
281,106,received,transaction,2328 
281,116,received,transaction,2328 
281,110,received,transaction,2329 
282,105,received,transaction,2329 
282,112,received,transaction,2329 
282,115,received,transaction,2329 
282,116,received,transaction,2329 
283,111,received,transaction,2329 
283,103,received,transaction,2329 
283,105,received,transaction,2326 
284,117,received,transaction,2328 
285,109,received,transaction,2329 
286,113,received,transaction,2329 
287,113,received,transaction,2328 
288,107,received,transaction,2329 
288,111,received,transaction,2328 
289,103,received,transaction,2328 
290,114,received,transaction,2329 
290,104,received,transaction,2329 
290, 100,Appended, Transaction, 2330
290, 100, broadcasting, data, 2330
290,115,received,transaction,2328 
292,109,received,transaction,2330 
292,112,received,transaction,2330 
292,115,received,transaction,2330 
292,118,received,transaction,2330 
293,109,received,transaction,2328 
293,108,received,transaction,2329 
293,103,received,transaction,2330 
293,101,received,transaction,2329 
294,111,received,transaction,2330 
294,104,received,transaction,2330 
294,117,received,transaction,2330 
295,101,received,transaction,2330 
296,105,received,transaction,2330 
296,106,received,transaction,2330 
297,107,received,transaction,2330 
299,102,received,transaction,2329 
299,102,received,transaction,2330 
300, 100,Appended, Transaction, 2331
300, 100, broadcasting, data, 2331
300,105,received,transaction,2331 
301,116,received,transaction,2330 
301,106,received,transaction,2331 
301,110,received,transaction,2331 
301,117,received,transaction,2329 
302,116,received,transaction,2331 
303,114,received,transaction,2330 
303,109,received,transaction,2331 
304,113,received,transaction,2331 
304,115,received,transaction,2331 
305,101,received,transaction,2331 
305,102,received,transaction,2331 
305,117,received,transaction,2331 
306,114,received,transaction,2331 
310,112,received,transaction,2331 
310, 100,Appended, Transaction, 2332
310, 100, broadcasting, data, 2332
311,110,received,transaction,2330 
311,110,received,transaction,2332 
311,118,received,transaction,2331 
312,118,received,transaction,2332 
312,103,received,transaction,2332 
312,109,received,transaction,2332 
312,115,received,transaction,2332 
312,102,received,transaction,2332 
312,108,received,transaction,2330 
313,111,received,transaction,2332 
313,105,received,transaction,2332 
314,108,received,transaction,2331 
315,113,received,transaction,2330 
315,113,received,transaction,2332 
316,114,received,transaction,2332 
316,103,received,transaction,2331 
317,107,received,transaction,2331 
318,104,received,transaction,2331 
320,104,received,transaction,2332 
320, 100,Appended, Transaction, 2333
320, 100, broadcasting, data, 2333
321,110,received,transaction,2333 
321,118,received,transaction,2333 
322,108,received,transaction,2332 
322,112,received,transaction,2332 
322,115,received,transaction,2333 
323,107,received,transaction,2332 
324,104,received,transaction,2333 
325,109,received,transaction,2333 
325,101,received,transaction,2332 
325,101,received,transaction,2333 
325,111,received,transaction,2333 
326,113,received,transaction,2333 
326,106,received,transaction,2332 
327,106,received,transaction,2333 
327,107,received,transaction,2333 
328,116,received,transaction,2333 
328,112,received,transaction,2333 
329,105,received,transaction,2333 
329,117,received,transaction,2333 
329,111,received,transaction,2331 
330, 100,Appended, Transaction, 2334
330, 100, broadcasting, data, 2334
331,108,received,transaction,2333 
331,105,received,transaction,2334 
331,118,received,transaction,2334 
332,116,received,transaction,2334 
333,107,received,transaction,2334 
333,106,received,transaction,2334 
334,115,received,transaction,2334 
334,108,received,transaction,2334 
335,103,received,transaction,2334 
335,102,received,transaction,2334 
335,111,received,transaction,2334 
335,110,received,transaction,2334 
336,109,received,transaction,2334 
336,114,received,transaction,2333 
337,112,received,transaction,2334 
338,116,received,transaction,2332 
338,117,received,transaction,2332 
338,102,received,transaction,2333 
339,113,received,transaction,2334 
340, 100,Appended, Transaction, 2335
340, 100, broadcasting, data, 2335
341,110,received,transaction,2335 
341,114,received,transaction,2334 
341,118,received,transaction,2335 
341,113,received,transaction,2335 
342,104,received,transaction,2334 
342,105,received,transaction,2335 
342,116,received,transaction,2335 
342,107,received,transaction,2335 
343,117,received,transaction,2334 
343,103,received,transaction,2335 
344,112,received,transaction,2335 
345,109,received,transaction,2335 
346,103,received,transaction,2333 
347,102,received,transaction,2335 
348,117,received,transaction,2335 
350,115,received,transaction,2335 
350, 100,Appended, Transaction, 2336
350, 100, broadcasting, data, 2336
351,104,received,transaction,2335 
351,106,received,transaction,2335 
351,114,received,transaction,2336 
351,118,received,transaction,2336 
351,106,received,transaction,2336 
351,111,received,transaction,2335 
352,105,received,transaction,2336 
352,109,received,transaction,2336 
352,101,received,transaction,2334 
353,101,received,transaction,2336 
354,115,received,transaction,2336 
354,113,received,transaction,2336 
354,104,received,transaction,2336 
355,101,received,transaction,2335 
355,102,received,transaction,2336 
355,111,received,transaction,2336 
356,107,received,transaction,2336 
356,114,received,transaction,2335 
359,112,received,transaction,2336 
359,117,received,transaction,2336 
360, 100,Appended, Transaction, 2337
360, 100, broadcasting, data, 2337
361,110,received,transaction,2336 
361,118,received,transaction,2337 
362,113,received,transaction,2337 
362,112,received,transaction,2337 
362,116,received,transaction,2337 
363,104,received,transaction,2337 
363,103,received,transaction,2337 
363,103,received,transaction,2336 
365,108,received,transaction,2336 
365,110,received,transaction,2337 
365,102,received,transaction,2337 
365,116,received,transaction,2336 
367,108,received,transaction,2335 
369,108,received,transaction,2337 
370,114,received,transaction,2337 
370, 100,Appended, Transaction, 2338
370, 100, broadcasting, data, 2338
370,111,received,transaction,2337 
371,110,received,transaction,2338 
372,101,received,transaction,2338 
372,118,received,transaction,2338 
372,105,received,transaction,2338 
372,112,received,transaction,2338 
372,115,received,transaction,2338 
372,116,received,transaction,2338 
372,101,received,transaction,2337 
373,105,received,transaction,2337 
374,115,received,transaction,2337 
374,111,received,transaction,2338 
374,106,received,transaction,2337 
374,104,received,transaction,2338 
375,113,received,transaction,2338 
376,106,received,transaction,2338 
376,107,received,transaction,2338 
377,109,received,transaction,2338 
378,109,received,transaction,2337 
378,108,received,transaction,2338 
380, 100,Appended, Transaction, 2339
380, 100, broadcasting, data, 2339
381,107,received,transaction,2337 
382,109,received,transaction,2339 
382,112,received,transaction,2339 
382,115,received,transaction,2339 
382,116,received,transaction,2339 
383,117,received,transaction,2337 
383,103,received,transaction,2339 
385,106,received,transaction,2339 
385,111,received,transaction,2339 
385,103,received,transaction,2338 
385,101,received,transaction,2339 
385,102,received,transaction,2339 
385,113,received,transaction,2339 
388,105,received,transaction,2339 
388,114,received,transaction,2338 
390,104,received,transaction,2339 
390, 100,Appended, Transaction, 2340
390, 100, broadcasting, data, 2340
391,117,received,transaction,2338 
391,110,received,transaction,2339 
391,118,received,transaction,2340 
392,110,received,transaction,2340 
392,102,received,transaction,2338 
392,117,received,transaction,2340 
392,115,received,transaction,2340 
393,105,received,transaction,2340 
394,103,received,transaction,2340 
395,118,received,transaction,2339 
395,116,received,transaction,2340 
395,104,received,transaction,2340 
395,102,received,transaction,2340 
396,107,received,transaction,2340 
396,113,received,transaction,2340 
397,117,received,transaction,2339 
398,108,received,transaction,2340 
398,107,received,transaction,2339 
400, 100,Appended, Transaction, 2341
400, 100, broadcasting, data, 2341
401,106,received,transaction,2341 
401,118,received,transaction,2341 
402,114,received,transaction,2339 
402,104,received,transaction,2341 
402,112,received,transaction,2340 
402,109,received,transaction,2341 
402,116,received,transaction,2341 
403,108,received,transaction,2339 
403,109,received,transaction,2340 
403,103,received,transaction,2341 
404,105,received,transaction,2341 
405,101,received,transaction,2341 
405,102,received,transaction,2341 
405,114,received,transaction,2341 
406,108,received,transaction,2341 
406,101,received,transaction,2340 
407,111,received,transaction,2341 
408,115,received,transaction,2341 
408,114,received,transaction,2340 
409,106,received,transaction,2340 
409,110,received,transaction,2341 
409,113,received,transaction,2341 
409,112,received,transaction,2341 
410,111,received,transaction,2340 
411, 100,Appended, Transaction, 2342
411, 100, broadcasting, data, 2342
413,109,received,transaction,2342 
413,112,received,transaction,2342 
413,115,received,transaction,2342 
413,116,received,transaction,2342 
413,107,received,transaction,2341 
416,101,received,transaction,2342 
416,102,received,transaction,2342 
416,114,received,transaction,2342 
417,118,received,transaction,2342 
419,108,received,transaction,2342 
420,117,received,transaction,2342 
420,110,received,transaction,2342 
421, 100,Appended, Transaction, 2343
421, 100, broadcasting, data, 2343
421,106,received,transaction,2342 
421,104,received,transaction,2342 
422,106,received,transaction,2343 
422,118,received,transaction,2343 
422,103,received,transaction,2343 
422,105,received,transaction,2342 
423,109,received,transaction,2343 
423,112,received,transaction,2343 
423,115,received,transaction,2343 
423,116,received,transaction,2343 
423,117,received,transaction,2341 
424,101,received,transaction,2343 
425,104,received,transaction,2343 
425,113,received,transaction,2343 
426,111,received,transaction,2343 
426,114,received,transaction,2343 
426,102,received,transaction,2343 
427,103,received,transaction,2342 
429,111,received,transaction,2342 
431, 100,Appended, Transaction, 2344
431, 100, broadcasting, data, 2344
431,113,received,transaction,2342 
431,105,received,transaction,2344 
431,110,received,transaction,2343 
431,113,received,transaction,2344 
431,108,received,transaction,2343 
432,104,received,transaction,2344 
432,110,received,transaction,2344 
432,118,received,transaction,2344 
433,112,received,transaction,2344 
433,116,received,transaction,2344 
433,103,received,transaction,2344 
433,111,received,transaction,2344 
433,115,received,transaction,2344 
434,105,received,transaction,2343 
434,107,received,transaction,2343 
434,117,received,transaction,2343 
434,108,received,transaction,2344 
435,107,received,transaction,2342 
436,101,received,transaction,2344 
436,107,received,transaction,2344 
437,102,received,transaction,2344 
437,106,received,transaction,2344 
440,109,received,transaction,2344 
441, 100,Appended, Transaction, 2345
441, 100, broadcasting, data, 2345
442,106,received,transaction,2345 
442,110,received,transaction,2345 
442,118,received,transaction,2345 
442,117,received,transaction,2345 
443,105,received,transaction,2345 
443,115,received,transaction,2345 
443,116,received,transaction,2345 
443,112,received,transaction,2345 
444,117,received,transaction,2344 
444,111,received,transaction,2345 
445,104,received,transaction,2345 
445,109,received,transaction,2345 
446,101,received,transaction,2345 
446,114,received,transaction,2345 
446,114,received,transaction,2344 
449,107,received,transaction,2345 
451, 100,Appended, Transaction, 2346
451, 100, broadcasting, data, 2346
451,107,received,transaction,2346 
451,113,received,transaction,2345 
452,110,received,transaction,2346 
452,118,received,transaction,2346 
453,109,received,transaction,2346 
454,103,received,transaction,2346 
454,101,received,transaction,2346 
455,115,received,transaction,2346 
455,106,received,transaction,2346 
456,111,received,transaction,2346 
456,113,received,transaction,2346 
456,103,received,transaction,2345 
458,102,received,transaction,2345 
459,105,received,transaction,2346 
460,117,received,transaction,2346 
461, 100,Appended, Transaction, 2347
461, 100, broadcasting, data, 2347
461,112,received,transaction,2347 
462,101,received,transaction,2347 
462,118,received,transaction,2347 
463,113,received,transaction,2347 
463,115,received,transaction,2347 
463,116,received,transaction,2347 
464,103,received,transaction,2347 
466,111,received,transaction,2347 
466,108,received,transaction,2347 
466,108,received,transaction,2345 
467,116,received,transaction,2346 
467,104,received,transaction,2346 
468,112,received,transaction,2346 
469,107,received,transaction,2347 
469,117,received,transaction,2347 
469,105,received,transaction,2347 
469,104,received,transaction,2347 
470,109,received,transaction,2347 
470,108,received,transaction,2346 
471, 100,Appended, Transaction, 2348
471, 100, broadcasting, data, 2348
473,116,received,transaction,2348 
473,106,received,transaction,2347 
473,115,received,transaction,2348 
474,103,received,transaction,2348 
474,114,received,transaction,2347 
474,105,received,transaction,2348 
474,102,received,transaction,2346 
475,104,received,transaction,2348 
475,110,received,transaction,2348 
476,113,received,transaction,2348 
476,111,received,transaction,2348 
476,109,received,transaction,2348 
477,101,received,transaction,2348 
477,106,received,transaction,2348 
477,112,received,transaction,2348 
479,102,received,transaction,2348 
479,118,received,transaction,2348 
479,102,received,transaction,2347 
480,117,received,transaction,2348 
481, 100,Appended, Transaction, 2349
481, 100, broadcasting, data, 2349
482,110,received,transaction,2349 
482,118,received,transaction,2349 
482,103,received,transaction,2349 
482,104,received,transaction,2349 
482,107,received,transaction,2348 
482,114,received,transaction,2349 
483,105,received,transaction,2349 
483,112,received,transaction,2349 
483,114,received,transaction,2348 
484,101,received,transaction,2349 
485,114,received,transaction,2346 
486,116,received,transaction,2349 
486,113,received,transaction,2349 
487,108,received,transaction,2348 
487,110,received,transaction,2347 
487,115,received,transaction,2349 
487,102,received,transaction,2349 
490,109,received,transaction,2349 
490,108,received,transaction,2349 
491, 100,Appended, Transaction, 2350
491, 100, broadcasting, data, 2350
492,110,received,transaction,2350 
492,118,received,transaction,2350 
493,105,received,transaction,2350 
493,115,received,transaction,2350 
493,106,received,transaction,2349 
494,111,received,transaction,2349 
494,112,received,transaction,2350 
496,104,received,transaction,2350 
496,101,received,transaction,2350 
497,107,received,transaction,2349 
497,102,received,transaction,2350 
498,111,received,transaction,2350 
Simulation ended
