0,100, generated, node, -
0,101, generated, node, -
0,102, generated, node, -
0,103, generated, node, -
0,104, generated, node, -
0,105, generated, node, -
0,106, generated, node, -
0,107, generated, node, -
0,108, generated, node, -
0,109, generated, node, -
0,110, generated, node, -
0,111, generated, node, -
0,112, generated, node, -
0,113, generated, node, -
0,114, generated, node, -
0,115, generated, node, -
0,116, generated, node, -
0,117, generated, node, -
0,118, generated, node, -
0, 100,Appended, Transaction, 2301
0, 100, broadcasting, data, 2301
0,104,received,transaction,2301 
1,106,received,transaction,2301 
1,110,received,transaction,2301 
1,118,received,transaction,2301 
1,107,received,transaction,2301 
2,109,received,transaction,2301 
2,116,received,transaction,2301 
2,101,received,transaction,2301 
2,111,received,transaction,2301 
2,115,received,transaction,2301 
3,112,received,transaction,2301 
5,113,received,transaction,2301 
5,105,received,transaction,2301 
7,103,received,transaction,2301 
8,108,received,transaction,2301 
9,114,received,transaction,2301 
10, 100,Appended, Transaction, 2302
10, 100, broadcasting, data, 2302
11,106,received,transaction,2302 
11,118,received,transaction,2302 
11,110,received,transaction,2302 
11,102,received,transaction,2301 
11,104,received,transaction,2302 
12,116,received,transaction,2302 
12,105,received,transaction,2302 
12,108,received,transaction,2302 
13,103,received,transaction,2302 
15,101,received,transaction,2302 
16,114,received,transaction,2302 
17,112,received,transaction,2302 
18,117,received,transaction,2301 
20, 100,Appended, Transaction, 2303
20, 100, broadcasting, data, 2303
20,113,received,transaction,2302 
21,106,received,transaction,2303 
21,110,received,transaction,2303 
21,117,received,transaction,2302 
21,115,received,transaction,2302 
21,102,received,transaction,2302 
24,109,received,transaction,2302 
25,111,received,transaction,2303 
25,107,received,transaction,2302 
25,116,received,transaction,2303 
26,103,received,transaction,2303 
26,102,received,transaction,2303 
27,107,received,transaction,2303 
27,113,received,transaction,2303 
27,111,received,transaction,2302 
28,104,received,transaction,2303 
28,105,received,transaction,2303 
29, 100,Appended, Transaction, 2304
29, 100, broadcasting, data, 2304
30,113,received,transaction,2304 
30,114,received,transaction,2303 
30,106,received,transaction,2304 
30,118,received,transaction,2304 
31,108,received,transaction,2303 
32,117,received,transaction,2303 
32,112,received,transaction,2304 
32,118,received,transaction,2303 
32,111,received,transaction,2304 
32,112,received,transaction,2303 
32,109,received,transaction,2303 
32,115,received,transaction,2303 
32,103,received,transaction,2304 
34,110,received,transaction,2304 
34,102,received,transaction,2304 
34,114,received,transaction,2304 
35,116,received,transaction,2304 
37,117,received,transaction,2304 
40, 100,Appended, Transaction, 2305
40, 100, broadcasting, data, 2305
40,115,received,transaction,2304 
41,105,received,transaction,2304 
42,116,received,transaction,2305 
42,105,received,transaction,2305 
42,107,received,transaction,2304 
43,106,received,transaction,2305 
43,110,received,transaction,2305 
43,101,received,transaction,2304 
43,104,received,transaction,2305 
43,112,received,transaction,2305 
44,102,received,transaction,2305 
45,113,received,transaction,2305 
45,109,received,transaction,2304 
45,101,received,transaction,2303 
46,109,received,transaction,2305 
46,104,received,transaction,2304 
46,115,received,transaction,2305 
47,103,received,transaction,2305 
47,108,received,transaction,2304 
48,107,received,transaction,2305 
49,117,received,transaction,2305 
