0,100, generated, node, -
0,101, generated, node, -
0,102, generated, node, -
0,103, generated, node, -
0,104, generated, node, -
0,105, generated, node, -
0,106, generated, node, -
0,107, generated, node, -
0,108, generated, node, -
0,109, generated, node, -
0,110, generated, node, -
0,111, generated, node, -
0,112, generated, node, -
0,113, generated, node, -
0,114, generated, node, -
0,115, generated, node, -
0,116, generated, node, -
0,117, generated, node, -
0,118, generated, node, -
0, 100,Appended, Transaction, 2301
0, 100, broadcasting, data, 2301
0,106,received,transaction,2301 
1,102,received,transaction,2301 
2,109,received,transaction,2301 
2,112,received,transaction,2301 
2,116,received,transaction,2301 
2,118,received,transaction,2301 
3,107,received,transaction,2301 
4,104,received,transaction,2301 
5,101,received,transaction,2301 
5,111,received,transaction,2301 
5,103,received,transaction,2301 
6,108,received,transaction,2301 
7,114,received,transaction,2301 
8,115,received,transaction,2301 
9, 100,Appended, Transaction, 2302
9, 100, broadcasting, data, 2302
10,104,received,transaction,2302 
10,106,received,transaction,2302 
11,109,received,transaction,2302 
11,116,received,transaction,2302 
12,115,received,transaction,2302 
13,114,received,transaction,2302 
14,105,received,transaction,2301 
14,111,received,transaction,2302 
15,110,received,transaction,2301 
16,110,received,transaction,2302 
17,117,received,transaction,2301 
18,108,received,transaction,2302 
19,105,received,transaction,2302 
19,113,received,transaction,2302 
19,112,received,transaction,2302 
20, 100,Appended, Transaction, 2303
20, 100, broadcasting, data, 2303
20,118,received,transaction,2302 
20,101,received,transaction,2303 
21,106,received,transaction,2303 
21,113,received,transaction,2301 
21,105,received,transaction,2303 
23,103,received,transaction,2302 
23,103,received,transaction,2303 
24,104,received,transaction,2303 
24,118,received,transaction,2303 
25,102,received,transaction,2303 
25,117,received,transaction,2302 
26,115,received,transaction,2303 
26,109,received,transaction,2303 
28,102,received,transaction,2302 
28,110,received,transaction,2303 
28,101,received,transaction,2302 
29,108,received,transaction,2303 
29,113,received,transaction,2303 
30,117,received,transaction,2303 
30, 100,Appended, Transaction, 2304
30, 100, broadcasting, data, 2304
30,114,received,transaction,2304 
31,113,received,transaction,2304 
31,106,received,transaction,2304 
31,118,received,transaction,2304 
31,110,received,transaction,2304 
31,107,received,transaction,2303 
32,105,received,transaction,2304 
32,109,received,transaction,2304 
32,115,received,transaction,2304 
33,117,received,transaction,2304 
34,104,received,transaction,2304 
35,101,received,transaction,2304 
35,111,received,transaction,2304 
35,116,received,transaction,2304 
36,107,received,transaction,2302 
36,112,received,transaction,2304 
37,103,received,transaction,2304 
37,116,received,transaction,2303 
38,111,received,transaction,2303 
39,107,received,transaction,2304 
40, 100,Appended, Transaction, 2305
40, 100, broadcasting, data, 2305
40,108,received,transaction,2304 
40,111,received,transaction,2305 
41,112,received,transaction,2303 
42,112,received,transaction,2305 
42,115,received,transaction,2305 
44,104,received,transaction,2305 
44,114,received,transaction,2305 
44,118,received,transaction,2305 
45,101,received,transaction,2305 
45,113,received,transaction,2305 
45,110,received,transaction,2305 
46,102,received,transaction,2305 
47,114,received,transaction,2303 
48,116,received,transaction,2305 
48,107,received,transaction,2305 
49,102,received,transaction,2304 
49,117,received,transaction,2305 
49,109,received,transaction,2305 
50, 100,Appended, Transaction, 2306
50, 100, broadcasting, data, 2306
50,103,received,transaction,2306 
50,103,received,transaction,2305 
51,118,received,transaction,2306 
52,105,received,transaction,2306 
52,112,received,transaction,2306 
52,115,received,transaction,2306 
52,116,received,transaction,2306 
52,111,received,transaction,2306 
53,106,received,transaction,2306 
53,106,received,transaction,2305 
53,105,received,transaction,2305 
55,102,received,transaction,2306 
59,117,received,transaction,2306 
60, 100,Appended, Transaction, 2307
60, 100, broadcasting, data, 2307
60,108,received,transaction,2306 
61,106,received,transaction,2307 
61,118,received,transaction,2307 
61,112,received,transaction,2307 
62,101,received,transaction,2307 
62,108,received,transaction,2307 
63,110,received,transaction,2306 
63,113,received,transaction,2307 
63,113,received,transaction,2306 
63,102,received,transaction,2307 
63,108,received,transaction,2305 
64,109,received,transaction,2306 
64,104,received,transaction,2307 
65,103,received,transaction,2307 
65,111,received,transaction,2307 
65,114,received,transaction,2307 
65,115,received,transaction,2307 
67,116,received,transaction,2307 
68,107,received,transaction,2307 
68,107,received,transaction,2306 
70, 100,Appended, Transaction, 2308
70, 100, broadcasting, data, 2308
70,101,received,transaction,2306 
70,114,received,transaction,2306 
71,106,received,transaction,2308 
71,110,received,transaction,2308 
72,115,received,transaction,2308 
72,109,received,transaction,2307 
72,104,received,transaction,2306 
74,105,received,transaction,2307 
74,102,received,transaction,2308 
74,104,received,transaction,2308 
74,111,received,transaction,2308 
75,107,received,transaction,2308 
75,109,received,transaction,2308 
75,101,received,transaction,2308 
76,117,received,transaction,2308 
76,103,received,transaction,2308 
77,112,received,transaction,2308 
78,110,received,transaction,2307 
79,118,received,transaction,2308 
79,105,received,transaction,2308 
80, 100,Appended, Transaction, 2309
80, 100, broadcasting, data, 2309
80,114,received,transaction,2308 
81,118,received,transaction,2309 
81,111,received,transaction,2309 
81,117,received,transaction,2307 
81,116,received,transaction,2308 
82,105,received,transaction,2309 
82,109,received,transaction,2309 
82,112,received,transaction,2309 
82,108,received,transaction,2308 
82,102,received,transaction,2309 
83,103,received,transaction,2309 
83,113,received,transaction,2308 
84,104,received,transaction,2309 
84,106,received,transaction,2309 
84,108,received,transaction,2309 
85,113,received,transaction,2309 
85,114,received,transaction,2309 
85,115,received,transaction,2309 
86,110,received,transaction,2309 
88,101,received,transaction,2309 
88,116,received,transaction,2309 
90, 100,Appended, Transaction, 2310
90, 100, broadcasting, data, 2310
91,107,received,transaction,2309 
91,106,received,transaction,2310 
91,110,received,transaction,2310 
91,118,received,transaction,2310 
92,117,received,transaction,2309 
92,105,received,transaction,2310 
92,109,received,transaction,2310 
92,115,received,transaction,2310 
93,104,received,transaction,2310 
93,103,received,transaction,2310 
95,111,received,transaction,2310 
95,113,received,transaction,2310 
97,101,received,transaction,2310 
99,108,received,transaction,2310 
100, 100,Appended, Transaction, 2311
100, 100, broadcasting, data, 2311
100,113,received,transaction,2311 
101,107,received,transaction,2310 
101,106,received,transaction,2311 
101,102,received,transaction,2310 
102,112,received,transaction,2310 
102,112,received,transaction,2311 
102,116,received,transaction,2311 
103,103,received,transaction,2311 
104,114,received,transaction,2311 
104,104,received,transaction,2311 
106,117,received,transaction,2310 
106,110,received,transaction,2311 
106,109,received,transaction,2311 
107,101,received,transaction,2311 
108,107,received,transaction,2311 
108,102,received,transaction,2311 
108,105,received,transaction,2311 
108,114,received,transaction,2310 
108,116,received,transaction,2310 
108,117,received,transaction,2311 
110, 100,Appended, Transaction, 2312
110, 100, broadcasting, data, 2312
111,110,received,transaction,2312 
111,118,received,transaction,2312 
112,111,received,transaction,2311 
112,116,received,transaction,2312 
112,114,received,transaction,2312 
113,104,received,transaction,2312 
113,106,received,transaction,2312 
113,103,received,transaction,2312 
113,115,received,transaction,2311 
114,111,received,transaction,2312 
114,105,received,transaction,2312 
114,115,received,transaction,2312 
115,101,received,transaction,2312 
117,113,received,transaction,2312 
119,118,received,transaction,2311 
119,112,received,transaction,2312 
120, 100,Appended, Transaction, 2313
120, 100, broadcasting, data, 2313
120,104,received,transaction,2313 
121,109,received,transaction,2312 
121,107,received,transaction,2312 
121,106,received,transaction,2313 
121,110,received,transaction,2313 
122,105,received,transaction,2313 
122,109,received,transaction,2313 
122,112,received,transaction,2313 
122,115,received,transaction,2313 
122,117,received,transaction,2313 
123,102,received,transaction,2312 
123,108,received,transaction,2311 
123,103,received,transaction,2313 
124,108,received,transaction,2312 
125,101,received,transaction,2313 
125,102,received,transaction,2313 
125,114,received,transaction,2313 
126,118,received,transaction,2313 
126,116,received,transaction,2313 
127,117,received,transaction,2312 
130,107,received,transaction,2313 
130, 100,Appended, Transaction, 2314
130, 100, broadcasting, data, 2314
130,101,received,transaction,2314 
131,106,received,transaction,2314 
131,110,received,transaction,2314 
132,105,received,transaction,2314 
132,109,received,transaction,2314 
132,115,received,transaction,2314 
132,108,received,transaction,2313 
133,108,received,transaction,2314 
133,111,received,transaction,2313 
134,113,received,transaction,2314 
134,104,received,transaction,2314 
135,103,received,transaction,2314 
135,111,received,transaction,2314 
136,118,received,transaction,2314 
137,113,received,transaction,2313 
140, 100,Appended, Transaction, 2315
140, 100, broadcasting, data, 2315
142,106,received,transaction,2315 
142,107,received,transaction,2314 
142,105,received,transaction,2315 
142,115,received,transaction,2315 
142,117,received,transaction,2314 
143,116,received,transaction,2315 
143,116,received,transaction,2314 
145,114,received,transaction,2315 
145,102,received,transaction,2315 
145,111,received,transaction,2315 
145,113,received,transaction,2315 
145,114,received,transaction,2314 
147,110,received,transaction,2315 
147,112,received,transaction,2314 
148,103,received,transaction,2315 
150,112,received,transaction,2315 
150,104,received,transaction,2315 
150, 100,Appended, Transaction, 2316
150, 100, broadcasting, data, 2316
151,118,received,transaction,2316 
151,102,received,transaction,2314 
152,105,received,transaction,2316 
152,109,received,transaction,2316 
152,101,received,transaction,2316 
152,118,received,transaction,2315 
153,107,received,transaction,2315 
153,108,received,transaction,2315 
153,106,received,transaction,2316 
153,103,received,transaction,2316 
154,114,received,transaction,2316 
155,101,received,transaction,2315 
156,107,received,transaction,2316 
157,117,received,transaction,2315 
157,111,received,transaction,2316 
157,113,received,transaction,2316 
157,109,received,transaction,2315 
160,108,received,transaction,2316 
160,102,received,transaction,2316 
160, 100,Appended, Transaction, 2317
160, 100, broadcasting, data, 2317
161,110,received,transaction,2316 
161,106,received,transaction,2317 
161,118,received,transaction,2317 
161,104,received,transaction,2316 
162,112,received,transaction,2317 
162,116,received,transaction,2317 
164,104,received,transaction,2317 
164,112,received,transaction,2316 
164,110,received,transaction,2317 
165,105,received,transaction,2317 
165,117,received,transaction,2316 
165,111,received,transaction,2317 
167,115,received,transaction,2316 
167,103,received,transaction,2317 
168,116,received,transaction,2316 
170,102,received,transaction,2317 
170,115,received,transaction,2317 
170,109,received,transaction,2317 
170, 100,Appended, Transaction, 2318
170, 100, broadcasting, data, 2318
171,106,received,transaction,2318 
171,118,received,transaction,2318 
172,109,received,transaction,2318 
172,112,received,transaction,2318 
173,113,received,transaction,2317 
173,103,received,transaction,2318 
173,108,received,transaction,2317 
174,114,received,transaction,2317 
174,117,received,transaction,2318 
175,111,received,transaction,2318 
175,114,received,transaction,2318 
175,116,received,transaction,2318 
176,110,received,transaction,2318 
177,115,received,transaction,2318 
178,117,received,transaction,2317 
179,108,received,transaction,2318 
179,107,received,transaction,2317 
180, 100,Appended, Transaction, 2319
180, 100, broadcasting, data, 2319
181,107,received,transaction,2318 
181,106,received,transaction,2319 
181,118,received,transaction,2319 
181,104,received,transaction,2318 
181,103,received,transaction,2319 
182,115,received,transaction,2319 
182,116,received,transaction,2319 
183,101,received,transaction,2318 
183,101,received,transaction,2319 
183,108,received,transaction,2319 
183,117,received,transaction,2319 
184,102,received,transaction,2319 
184,113,received,transaction,2319 
184,104,received,transaction,2319 
185,109,received,transaction,2319 
185,114,received,transaction,2319 
185,105,received,transaction,2318 
186,102,received,transaction,2318 
186,107,received,transaction,2319 
187,105,received,transaction,2319 
190, 100,Appended, Transaction, 2320
190, 100, broadcasting, data, 2320
190,113,received,transaction,2318 
191,106,received,transaction,2320 
192,118,received,transaction,2320 
192,105,received,transaction,2320 
192,109,received,transaction,2320 
192,112,received,transaction,2320 
192,116,received,transaction,2320 
193,101,received,transaction,2317 
193,103,received,transaction,2320 
195,102,received,transaction,2320 
195,111,received,transaction,2320 
195,111,received,transaction,2319 
197,112,received,transaction,2319 
198,107,received,transaction,2320 
200, 100,Appended, Transaction, 2321
200, 100, broadcasting, data, 2321
201,110,received,transaction,2319 
201,101,received,transaction,2320 
201,106,received,transaction,2321 
201,115,received,transaction,2320 
201,112,received,transaction,2321 
202,113,received,transaction,2320 
202,105,received,transaction,2321 
202,116,received,transaction,2321 
202,110,received,transaction,2321 
202,108,received,transaction,2320 
203,103,received,transaction,2321 
204,117,received,transaction,2320 
204,114,received,transaction,2320 
205,102,received,transaction,2321 
205,111,received,transaction,2321 
206,110,received,transaction,2320 
206,117,received,transaction,2321 
207,115,received,transaction,2321 
207,104,received,transaction,2321 
208,107,received,transaction,2321 
209,108,received,transaction,2321 
210, 100,Appended, Transaction, 2322
210, 100, broadcasting, data, 2322
210,114,received,transaction,2322 
211,110,received,transaction,2322 
211,118,received,transaction,2322 
211,111,received,transaction,2322 
211,103,received,transaction,2322 
211,117,received,transaction,2322 
212,115,received,transaction,2322 
212,116,received,transaction,2322 
212,105,received,transaction,2322 
213,114,received,transaction,2321 
214,101,received,transaction,2322 
215,102,received,transaction,2322 
216,109,received,transaction,2321 
216,106,received,transaction,2322 
217,108,received,transaction,2322 
218,104,received,transaction,2322 
218,109,received,transaction,2322 
218,112,received,transaction,2322 
219,113,received,transaction,2321 
220, 100,Appended, Transaction, 2323
220, 100, broadcasting, data, 2323
220,113,received,transaction,2323 
221,101,received,transaction,2323 
221,102,received,transaction,2323 
222,109,received,transaction,2323 
222,104,received,transaction,2320 
224,104,received,transaction,2323 
224,118,received,transaction,2321 
225,114,received,transaction,2323 
226,113,received,transaction,2322 
227,101,received,transaction,2321 
227,103,received,transaction,2323 
227,115,received,transaction,2323 
227,111,received,transaction,2323 
229,117,received,transaction,2323 
230,116,received,transaction,2323 
230,112,received,transaction,2323 
230,106,received,transaction,2323 
230, 100,Appended, Transaction, 2324
230, 100, broadcasting, data, 2324
231,116,received,transaction,2324 
231,107,received,transaction,2322 
231,106,received,transaction,2324 
231,102,received,transaction,2324 
232,114,received,transaction,2324 
232,105,received,transaction,2324 
232,115,received,transaction,2324 
233,101,received,transaction,2324 
233,105,received,transaction,2323 
233,118,received,transaction,2323 
233,103,received,transaction,2324 
234,104,received,transaction,2324 
234,118,received,transaction,2324 
235,113,received,transaction,2324 
235,108,received,transaction,2323 
239,117,received,transaction,2324 
239,111,received,transaction,2324 
239,109,received,transaction,2324 
240,108,received,transaction,2324 
240, 100,Appended, Transaction, 2325
240, 100, broadcasting, data, 2325
240,110,received,transaction,2324 
241,110,received,transaction,2323 
242,116,received,transaction,2325 
242,107,received,transaction,2324 
242,107,received,transaction,2323 
242,107,received,transaction,2325 
243,111,received,transaction,2325 
244,108,received,transaction,2325 
245,101,received,transaction,2325 
245,112,received,transaction,2325 
246,105,received,transaction,2325 
246,117,received,transaction,2325 
246,106,received,transaction,2325 
247,112,received,transaction,2324 
249,103,received,transaction,2325 
249,104,received,transaction,2325 
249,115,received,transaction,2325 
250, 100,Appended, Transaction, 2326
250, 100, broadcasting, data, 2326
250,113,received,transaction,2325 
251,110,received,transaction,2326 
251,118,received,transaction,2326 
251,101,received,transaction,2326 
252,112,received,transaction,2326 
252,115,received,transaction,2326 
253,102,received,transaction,2325 
253,105,received,transaction,2326 
254,110,received,transaction,2325 
254,104,received,transaction,2326 
255,106,received,transaction,2326 
255,109,received,transaction,2325 
255,114,received,transaction,2326 
255,118,received,transaction,2325 
255,102,received,transaction,2326 
258,108,received,transaction,2326 
258,111,received,transaction,2326 
259,116,received,transaction,2326 
260, 100,Appended, Transaction, 2327
260, 100, broadcasting, data, 2327
260,114,received,transaction,2325 
261,116,received,transaction,2327 
261,110,received,transaction,2327 
261,113,received,transaction,2326 
262,103,received,transaction,2326 
264,103,received,transaction,2327 
265,118,received,transaction,2327 
265,112,received,transaction,2327 
265,101,received,transaction,2327 
265,114,received,transaction,2327 
265,107,received,transaction,2326 
266,104,received,transaction,2327 
267,111,received,transaction,2327 
267,113,received,transaction,2327 
267,117,received,transaction,2326 
269,117,received,transaction,2327 
269,115,received,transaction,2327 
269,106,received,transaction,2327 
270,109,received,transaction,2327 
270, 100,Appended, Transaction, 2328
270, 100, broadcasting, data, 2328
271,106,received,transaction,2328 
271,110,received,transaction,2328 
271,118,received,transaction,2328 
272,112,received,transaction,2328 
272,105,received,transaction,2328 
273,108,received,transaction,2327 
273,113,received,transaction,2328 
274,102,received,transaction,2327 
274,104,received,transaction,2328 
274,117,received,transaction,2328 
275,105,received,transaction,2327 
275,102,received,transaction,2328 
275,103,received,transaction,2328 
277,109,received,transaction,2326 
278,107,received,transaction,2327 
279,114,received,transaction,2328 
280,116,received,transaction,2328 
280, 100,Appended, Transaction, 2329
280, 100, broadcasting, data, 2329
280,103,received,transaction,2329 
280,115,received,transaction,2328 
281,101,received,transaction,2328 
281,118,received,transaction,2329 
282,105,received,transaction,2329 
282,109,received,transaction,2329 
282,112,received,transaction,2329 
282,115,received,transaction,2329 
282,110,received,transaction,2329 
283,106,received,transaction,2329 
284,113,received,transaction,2329 
284,111,received,transaction,2328 
284,104,received,transaction,2329 
285,109,received,transaction,2328 
285,101,received,transaction,2329 
285,114,received,transaction,2329 
287,108,received,transaction,2329 
288,107,received,transaction,2329 
289,117,received,transaction,2329 
289,116,received,transaction,2329 
290,102,received,transaction,2329 
290,107,received,transaction,2328 
290, 100,Appended, Transaction, 2330
290, 100, broadcasting, data, 2330
290,108,received,transaction,2328 
290,105,received,transaction,2330 
291,106,received,transaction,2330 
291,118,received,transaction,2330 
292,109,received,transaction,2330 
292,112,received,transaction,2330 
292,115,received,transaction,2330 
293,103,received,transaction,2330 
294,111,received,transaction,2329 
294,104,received,transaction,2330 
294,110,received,transaction,2330 
295,102,received,transaction,2330 
295,111,received,transaction,2330 
295,114,received,transaction,2330 
296,116,received,transaction,2330 
298,107,received,transaction,2330 
298,108,received,transaction,2330 
300, 100,Appended, Transaction, 2331
300, 100, broadcasting, data, 2331
301,113,received,transaction,2330 
301,105,received,transaction,2331 
301,110,received,transaction,2331 
301,109,received,transaction,2331 
302,118,received,transaction,2331 
302,115,received,transaction,2331 
303,117,received,transaction,2331 
303,103,received,transaction,2331 
304,111,received,transaction,2331 
304,106,received,transaction,2331 
304,104,received,transaction,2331 
305,107,received,transaction,2331 
305,102,received,transaction,2331 
305,114,received,transaction,2331 
305,116,received,transaction,2331 
305,101,received,transaction,2330 
305,101,received,transaction,2331 
308,113,received,transaction,2331 
309,108,received,transaction,2331 
310, 100,Appended, Transaction, 2332
310, 100, broadcasting, data, 2332
311,115,received,transaction,2332 
311,106,received,transaction,2332 
312,109,received,transaction,2332 
312,112,received,transaction,2332 
312,116,received,transaction,2332 
313,112,received,transaction,2331 
313,107,received,transaction,2332 
314,102,received,transaction,2332 
315,110,received,transaction,2332 
315,118,received,transaction,2332 
315,113,received,transaction,2332 
315,111,received,transaction,2332 
316,104,received,transaction,2332 
319,108,received,transaction,2332 
319,117,received,transaction,2332 
320,117,received,transaction,2330 
320, 100,Appended, Transaction, 2333
320, 100, broadcasting, data, 2333
320,103,received,transaction,2332 
321,118,received,transaction,2333 
321,110,received,transaction,2333 
322,101,received,transaction,2332 
322,105,received,transaction,2333 
322,103,received,transaction,2333 
322,116,received,transaction,2333 
323,114,received,transaction,2332 
324,112,received,transaction,2333 
325,101,received,transaction,2333 
325,111,received,transaction,2333 
326,113,received,transaction,2333 
327,106,received,transaction,2333 
327,109,received,transaction,2333 
328,114,received,transaction,2333 
328,104,received,transaction,2333 
330, 100,Appended, Transaction, 2334
330, 100, broadcasting, data, 2334
331,106,received,transaction,2334 
331,110,received,transaction,2334 
331,118,received,transaction,2334 
333,114,received,transaction,2334 
333,104,received,transaction,2334 
334,109,received,transaction,2334 
335,103,received,transaction,2334 
335,111,received,transaction,2334 
336,105,received,transaction,2332 
336,115,received,transaction,2334 
338,107,received,transaction,2334 
339,117,received,transaction,2334 
339,107,received,transaction,2333 
339,102,received,transaction,2333 
340,117,received,transaction,2333 
340,115,received,transaction,2333 
340, 100,Appended, Transaction, 2335
340, 100, broadcasting, data, 2335
341,106,received,transaction,2335 
341,102,received,transaction,2334 
342,116,received,transaction,2334 
342,115,received,transaction,2335 
342,108,received,transaction,2333 
343,103,received,transaction,2335 
343,108,received,transaction,2334 
344,113,received,transaction,2334 
344,104,received,transaction,2335 
345,116,received,transaction,2335 
345,101,received,transaction,2335 
345,113,received,transaction,2335 
345,110,received,transaction,2335 
346,108,received,transaction,2335 
347,105,received,transaction,2334 
347,102,received,transaction,2335 
347,101,received,transaction,2334 
349,112,received,transaction,2335 
350, 100,Appended, Transaction, 2336
350, 100, broadcasting, data, 2336
350,112,received,transaction,2334 
351,118,received,transaction,2336 
352,111,received,transaction,2336 
352,105,received,transaction,2336 
352,112,received,transaction,2336 
352,115,received,transaction,2336 
352,116,received,transaction,2336 
352,109,received,transaction,2335 
352,104,received,transaction,2336 
353,106,received,transaction,2336 
353,103,received,transaction,2336 
354,110,received,transaction,2336 
355,118,received,transaction,2335 
355,114,received,transaction,2335 
355,114,received,transaction,2336 
355,108,received,transaction,2336 
355,105,received,transaction,2335 
356,113,received,transaction,2336 
356,107,received,transaction,2335 
357,109,received,transaction,2336 
358,111,received,transaction,2335 
358,107,received,transaction,2336 
360, 100,Appended, Transaction, 2337
360, 100, broadcasting, data, 2337
361,117,received,transaction,2337 
361,117,received,transaction,2336 
361,113,received,transaction,2337 
361,106,received,transaction,2337 
361,118,received,transaction,2337 
361,103,received,transaction,2337 
362,108,received,transaction,2337 
362,102,received,transaction,2336 
362,109,received,transaction,2337 
362,115,received,transaction,2337 
363,116,received,transaction,2337 
364,104,received,transaction,2337 
364,107,received,transaction,2337 
365,111,received,transaction,2337 
367,112,received,transaction,2337 
368,114,received,transaction,2337 
370, 100,Appended, Transaction, 2338
370, 100, broadcasting, data, 2338
371,118,received,transaction,2338 
371,110,received,transaction,2338 
371,106,received,transaction,2338 
372,110,received,transaction,2337 
372,105,received,transaction,2338 
372,112,received,transaction,2338 
373,115,received,transaction,2338 
373,101,received,transaction,2336 
373,101,received,transaction,2338 
373,111,received,transaction,2338 
374,101,received,transaction,2337 
374,117,received,transaction,2335 
374,104,received,transaction,2338 
375,113,received,transaction,2338 
375,117,received,transaction,2338 
376,109,received,transaction,2338 
377,102,received,transaction,2337 
378,107,received,transaction,2338 
378,116,received,transaction,2338 
380,103,received,transaction,2338 
380, 100,Appended, Transaction, 2339
380, 100, broadcasting, data, 2339
381,106,received,transaction,2339 
381,110,received,transaction,2339 
382,105,received,transaction,2339 
382,112,received,transaction,2339 
383,115,received,transaction,2339 
383,105,received,transaction,2337 
384,118,received,transaction,2339 
384,104,received,transaction,2339 
385,116,received,transaction,2339 
386,108,received,transaction,2339 
387,114,received,transaction,2338 
388,111,received,transaction,2339 
389,109,received,transaction,2339 
389,108,received,transaction,2338 
389,107,received,transaction,2339 
390, 100,Appended, Transaction, 2340
390, 100, broadcasting, data, 2340
391,102,received,transaction,2339 
391,118,received,transaction,2340 
392,105,received,transaction,2340 
392,115,received,transaction,2340 
392,116,received,transaction,2340 
393,103,received,transaction,2339 
393,109,received,transaction,2340 
393,103,received,transaction,2340 
394,104,received,transaction,2340 
395,102,received,transaction,2338 
395,102,received,transaction,2340 
396,101,received,transaction,2339 
396,113,received,transaction,2339 
396,113,received,transaction,2340 
397,107,received,transaction,2340 
398,106,received,transaction,2340 
399,114,received,transaction,2340 
399,110,received,transaction,2340 
399,108,received,transaction,2340 
400, 100,Appended, Transaction, 2341
400, 100, broadcasting, data, 2341
401,118,received,transaction,2341 
401,113,received,transaction,2341 
402,101,received,transaction,2340 
402,105,received,transaction,2341 
403,111,received,transaction,2340 
403,107,received,transaction,2341 
403,102,received,transaction,2341 
403,103,received,transaction,2341 
404,117,received,transaction,2339 
404,104,received,transaction,2341 
405,101,received,transaction,2341 
406,114,received,transaction,2339 
407,110,received,transaction,2341 
408,109,received,transaction,2341 
408,117,received,transaction,2340 
408,112,received,transaction,2341 
408,115,received,transaction,2341 
409,108,received,transaction,2341 
409,116,received,transaction,2341 
410,111,received,transaction,2341 
410,117,received,transaction,2341 
410, 100,Appended, Transaction, 2342
410, 100, broadcasting, data, 2342
411,112,received,transaction,2342 
411,106,received,transaction,2341 
411,106,received,transaction,2342 
411,118,received,transaction,2342 
412,105,received,transaction,2342 
412,115,received,transaction,2342 
412,116,received,transaction,2342 
414,112,received,transaction,2340 
414,109,received,transaction,2342 
414,104,received,transaction,2342 
415,110,received,transaction,2342 
415,117,received,transaction,2342 
416,101,received,transaction,2342 
416,114,received,transaction,2342 
417,103,received,transaction,2342 
419,113,received,transaction,2342 
419,108,received,transaction,2342 
420, 100,Appended, Transaction, 2343
420, 100, broadcasting, data, 2343
421,102,received,transaction,2343 
421,106,received,transaction,2343 
421,110,received,transaction,2343 
421,118,received,transaction,2343 
422,107,received,transaction,2343 
422,108,received,transaction,2343 
422,105,received,transaction,2343 
424,116,received,transaction,2343 
424,104,received,transaction,2343 
425,101,received,transaction,2343 
425,102,received,transaction,2342 
425,113,received,transaction,2343 
425,111,received,transaction,2343 
427,114,received,transaction,2341 
429,109,received,transaction,2343 
429,107,received,transaction,2342 
429,103,received,transaction,2343 
429,117,received,transaction,2343 
430,111,received,transaction,2342 
430, 100,Appended, Transaction, 2344
430, 100, broadcasting, data, 2344
432,107,received,transaction,2344 
432,105,received,transaction,2344 
432,115,received,transaction,2344 
432,116,received,transaction,2344 
433,118,received,transaction,2344 
433,106,received,transaction,2344 
433,114,received,transaction,2343 
433,103,received,transaction,2344 
434,104,received,transaction,2344 
435,102,received,transaction,2344 
435,111,received,transaction,2344 
438,112,received,transaction,2343 
438,115,received,transaction,2343 
439,110,received,transaction,2344 
440,101,received,transaction,2344 
440, 100,Appended, Transaction, 2345
440, 100, broadcasting, data, 2345
441,106,received,transaction,2345 
441,110,received,transaction,2345 
441,118,received,transaction,2345 
442,111,received,transaction,2345 
442,105,received,transaction,2345 
442,116,received,transaction,2345 
442,109,received,transaction,2344 
443,112,received,transaction,2344 
443,114,received,transaction,2344 
444,104,received,transaction,2345 
444,115,received,transaction,2345 
445,101,received,transaction,2345 
445,102,received,transaction,2345 
445,114,received,transaction,2345 
446,109,received,transaction,2345 
446,117,received,transaction,2344 
447,112,received,transaction,2345 
447,108,received,transaction,2344 
448,103,received,transaction,2345 
448,108,received,transaction,2345 
448,107,received,transaction,2345 
448,113,received,transaction,2344 
450, 100,Appended, Transaction, 2346
450, 100, broadcasting, data, 2346
451,111,received,transaction,2346 
451,104,received,transaction,2346 
451,118,received,transaction,2346 
452,116,received,transaction,2346 
453,113,received,transaction,2345 
453,109,received,transaction,2346 
453,117,received,transaction,2346 
454,115,received,transaction,2346 
454,117,received,transaction,2345 
455,106,received,transaction,2346 
455,113,received,transaction,2346 
455,114,received,transaction,2346 
457,102,received,transaction,2346 
458,108,received,transaction,2346 
459,105,received,transaction,2346 
460,110,received,transaction,2346 
460, 100,Appended, Transaction, 2347
460, 100, broadcasting, data, 2347
461,106,received,transaction,2347 
461,118,received,transaction,2347 
462,107,received,transaction,2346 
462,110,received,transaction,2347 
462,109,received,transaction,2347 
462,116,received,transaction,2347 
463,103,received,transaction,2347 
463,105,received,transaction,2347 
464,101,received,transaction,2347 
464,101,received,transaction,2346 
464,104,received,transaction,2347 
465,112,received,transaction,2347 
465,102,received,transaction,2347 
466,103,received,transaction,2346 
467,107,received,transaction,2347 
469,113,received,transaction,2347 
469,111,received,transaction,2347 
471, 100,Appended, Transaction, 2348
471, 100, broadcasting, data, 2348
471,117,received,transaction,2347 
471,106,received,transaction,2348 
472,110,received,transaction,2348 
472,117,received,transaction,2348 
472,111,received,transaction,2348 
473,105,received,transaction,2348 
473,109,received,transaction,2348 
473,115,received,transaction,2348 
473,108,received,transaction,2347 
473,112,received,transaction,2346 
474,112,received,transaction,2348 
475,116,received,transaction,2348 
475,114,received,transaction,2347 
475,102,received,transaction,2348 
477,113,received,transaction,2348 
478,104,received,transaction,2348 
479,107,received,transaction,2348 
479,108,received,transaction,2348 
479,115,received,transaction,2347 
480,103,received,transaction,2348 
480, 100,Appended, Transaction, 2349
480, 100, broadcasting, data, 2349
481,118,received,transaction,2349 
481,110,received,transaction,2349 
482,118,received,transaction,2348 
482,109,received,transaction,2349 
482,112,received,transaction,2349 
482,115,received,transaction,2349 
482,116,received,transaction,2349 
483,101,received,transaction,2348 
483,103,received,transaction,2349 
484,104,received,transaction,2349 
485,101,received,transaction,2349 
489,106,received,transaction,2349 
489,105,received,transaction,2349 
489,117,received,transaction,2349 
490,113,received,transaction,2349 
491, 100,Appended, Transaction, 2350
491, 100, broadcasting, data, 2350
491,114,received,transaction,2348 
492,110,received,transaction,2350 
492,111,received,transaction,2349 
493,112,received,transaction,2350 
493,115,received,transaction,2350 
493,116,received,transaction,2350 
494,108,received,transaction,2349 
494,105,received,transaction,2350 
494,109,received,transaction,2350 
495,104,received,transaction,2350 
495,102,received,transaction,2350 
495,102,received,transaction,2349 
495,118,received,transaction,2350 
495,114,received,transaction,2349 
496,114,received,transaction,2350 
497,103,received,transaction,2350 
499,101,received,transaction,2350 
Simulation ended
