0,100, generated, node, -
0,101, generated, node, -
0,102, generated, node, -
0,103, generated, node, -
0,104, generated, node, -
0,105, generated, node, -
0,106, generated, node, -
0,107, generated, node, -
0,108, generated, node, -
0,109, generated, node, -
0,110, generated, node, -
0,111, generated, node, -
0,112, generated, node, -
0,113, generated, node, -
0,114, generated, node, -
0,115, generated, node, -
0,116, generated, node, -
0,117, generated, node, -
0,118, generated, node, -
1000, 100, Created, block,99901,0
No of blocks in node 100 is 1
1000, 100, broadcasting, data, 99901
1000,106, received, block, 99901
1000,106, interrupted, block, 99901 
1001,110, received, block, 99901
1001,110, interrupted, block, 99901 
1001,118, received, block, 99901
1001,118, interrupted, block, 99901 
1002,105, received, block, 99901
1002,105, interrupted, block, 99901 
1002,109, received, block, 99901
1002,109, interrupted, block, 99901 
1002,115, received, block, 99901
1002,115, interrupted, block, 99901 
1002,107, received, block, 99901
1002,107, interrupted, block, 99901 
1003,103, received, block, 99901
1003,103, interrupted, block, 99901 
1003,116, received, block, 99901
1003,116, interrupted, block, 99901 
1004,117, received, block, 99901
1004,117, interrupted, block, 99901 
1004,111, received, block, 99901
1004,111, interrupted, block, 99901 
No of blocks in node 106 is 1
1005,101, received, block, 99901
1005,101, interrupted, block, 99901 
1005,113, received, block, 99901
1005,113, interrupted, block, 99901 
No of blocks in node 107 is 1
1007,104, received, block, 99901
1007,104, interrupted, block, 99901 
1009,108, received, block, 99901
1009,108, interrupted, block, 99901 
1010,112, received, block, 99901
1010,112, interrupted, block, 99901 
No of blocks in node 113 is 1
1012,114, received, block, 99901
1012,114, interrupted, block, 99901 
No of blocks in node 108 is 1
No of blocks in node 115 is 1
No of blocks in node 105 is 1
No of blocks in node 104 is 1
No of blocks in node 118 is 1
1020,102, received, block, 99901
1020,102, interrupted, block, 99901 
No of blocks in node 111 is 1
No of blocks in node 117 is 1
No of blocks in node 110 is 1
No of blocks in node 103 is 1
No of blocks in node 109 is 1
No of blocks in node 112 is 1
No of blocks in node 116 is 1
No of blocks in node 101 is 1
No of blocks in node 114 is 1
No of blocks in node 102 is 1
2000, 100, Created, block,99902,0
No of blocks in node 100 is 2
2000, 100, broadcasting, data, 99902
2000,118, received, block, 99902
2000,118, interrupted, block, 99902 
2001,103, received, block, 99902
2001,103, interrupted, block, 99902 
2002,105, received, block, 99902
2002,105, interrupted, block, 99902 
2004,107, received, block, 99902
2004,107, interrupted, block, 99902 
2004,101, received, block, 99902
2004,101, interrupted, block, 99902 
2005,102, received, block, 99902
2005,102, interrupted, block, 99902 
2005,111, received, block, 99902
2005,111, interrupted, block, 99902 
2005,113, received, block, 99902
2005,113, interrupted, block, 99902 
2005,115, received, block, 99902
2005,115, interrupted, block, 99902 
2005,109, received, block, 99902
2005,109, interrupted, block, 99902 
No of blocks in node 111 is 2
No of blocks in node 113 is 2
2008,106, received, block, 99902
2008,106, interrupted, block, 99902 
2010,116, received, block, 99902
2010,116, interrupted, block, 99902 
2010,114, received, block, 99902
2010,114, interrupted, block, 99902 
2011,112, received, block, 99902
2011,112, interrupted, block, 99902 
2014,110, received, block, 99902
2014,110, interrupted, block, 99902 
2014,104, received, block, 99902
2014,104, interrupted, block, 99902 
No of blocks in node 109 is 2
2017,108, received, block, 99902
2017,108, interrupted, block, 99902 
No of blocks in node 107 is 2
No of blocks in node 101 is 2
No of blocks in node 103 is 2
No of blocks in node 105 is 2
No of blocks in node 114 is 2
2030,117, received, block, 99902
2030,117, interrupted, block, 99902 
No of blocks in node 104 is 2
No of blocks in node 118 is 2
No of blocks in node 112 is 2
No of blocks in node 115 is 2
No of blocks in node 102 is 2
No of blocks in node 116 is 2
No of blocks in node 106 is 2
No of blocks in node 110 is 2
No of blocks in node 117 is 2
No of blocks in node 108 is 2
3000, 100, Created, block,99903,0
No of blocks in node 100 is 3
3000, 100, broadcasting, data, 99903
3002,116, received, block, 99903
3002,116, interrupted, block, 99903 
3002,101, received, block, 99903
3002,101, interrupted, block, 99903 
3004,107, received, block, 99903
3004,107, interrupted, block, 99903 
3005,102, received, block, 99903
3005,102, interrupted, block, 99903 
3005,111, received, block, 99903
3005,111, interrupted, block, 99903 
3005,114, received, block, 99903
3005,114, interrupted, block, 99903 
3005,103, received, block, 99903
3005,103, interrupted, block, 99903 
3007,105, received, block, 99903
3007,105, interrupted, block, 99903 
3007,104, received, block, 99903
3007,104, interrupted, block, 99903 
No of blocks in node 107 is 3
3008,115, received, block, 99903
3008,115, interrupted, block, 99903 
3008,106, received, block, 99903
3008,106, interrupted, block, 99903 
3008,109, received, block, 99903
3008,109, interrupted, block, 99903 
No of blocks in node 103 is 3
3009,118, received, block, 99903
3009,118, interrupted, block, 99903 
3009,110, received, block, 99903
3009,110, interrupted, block, 99903 
No of blocks in node 116 is 3
3012,108, received, block, 99903
3012,108, interrupted, block, 99903 
No of blocks in node 106 is 3
No of blocks in node 104 is 3
3016,112, received, block, 99903
3016,112, interrupted, block, 99903 
No of blocks in node 110 is 3
No of blocks in node 102 is 3
No of blocks in node 109 is 3
3023,113, received, block, 99903
3023,113, interrupted, block, 99903 
3024,117, received, block, 99903
3024,117, interrupted, block, 99903 
No of blocks in node 118 is 3
No of blocks in node 101 is 3
No of blocks in node 112 is 3
No of blocks in node 111 is 3
No of blocks in node 113 is 3
No of blocks in node 108 is 3
No of blocks in node 115 is 3
No of blocks in node 117 is 3
No of blocks in node 114 is 3
No of blocks in node 105 is 3
4000, 100, Created, block,99904,0
No of blocks in node 100 is 4
4000, 100, broadcasting, data, 99904
4001,110, received, block, 99904
4001,110, interrupted, block, 99904 
4001,109, received, block, 99904
4001,109, interrupted, block, 99904 
4002,105, received, block, 99904
4002,105, interrupted, block, 99904 
4002,112, received, block, 99904
4002,112, interrupted, block, 99904 
4002,115, received, block, 99904
4002,115, interrupted, block, 99904 
4003,106, received, block, 99904
4003,106, interrupted, block, 99904 
4004,116, received, block, 99904
4004,116, interrupted, block, 99904 
4005,111, received, block, 99904
4005,111, interrupted, block, 99904 
4005,113, received, block, 99904
4005,113, interrupted, block, 99904 
4005,114, received, block, 99904
4005,114, interrupted, block, 99904 
4006,118, received, block, 99904
4006,118, interrupted, block, 99904 
4007,102, received, block, 99904
4007,102, interrupted, block, 99904 
No of blocks in node 116 is 4
4009,117, received, block, 99904
4009,117, interrupted, block, 99904 
No of blocks in node 111 is 4
4010,104, received, block, 99904
4010,104, interrupted, block, 99904 
4014,103, received, block, 99904
4014,103, interrupted, block, 99904 
No of blocks in node 102 is 4
4023,101, received, block, 99904
4023,101, interrupted, block, 99904 
No of blocks in node 117 is 4
4025,108, received, block, 99904
4025,108, interrupted, block, 99904 
No of blocks in node 109 is 4
No of blocks in node 110 is 4
No of blocks in node 112 is 4
No of blocks in node 115 is 4
No of blocks in node 106 is 4
No of blocks in node 118 is 4
4038,107, received, block, 99904
4038,107, interrupted, block, 99904 
No of blocks in node 105 is 4
No of blocks in node 104 is 4
No of blocks in node 101 is 4
No of blocks in node 114 is 4
No of blocks in node 113 is 4
No of blocks in node 108 is 4
No of blocks in node 103 is 4
No of blocks in node 107 is 4
5000, 100, Created, block,99905,0
No of blocks in node 100 is 5
5000, 100, broadcasting, data, 99905
5001,106, received, block, 99905
5001,106, interrupted, block, 99905 
5001,118, received, block, 99905
5001,118, interrupted, block, 99905 
5002,109, received, block, 99905
5002,109, interrupted, block, 99905 
5002,112, received, block, 99905
5002,112, interrupted, block, 99905 
5002,110, received, block, 99905
5002,110, interrupted, block, 99905 
5002,105, received, block, 99905
5002,105, interrupted, block, 99905 
5002,116, received, block, 99905
5002,116, interrupted, block, 99905 
5004,104, received, block, 99905
5004,104, interrupted, block, 99905 
5005,102, received, block, 99905
5005,102, interrupted, block, 99905 
5005,114, received, block, 99905
5005,114, interrupted, block, 99905 
5005,103, received, block, 99905
5005,103, interrupted, block, 99905 
5007,115, received, block, 99905
5007,115, interrupted, block, 99905 
No of blocks in node 112 is 5
5008,117, received, block, 99905
5008,117, interrupted, block, 99905 
No of blocks in node 118 is 5
5010,113, received, block, 99905
5010,113, interrupted, block, 99905 
5010,107, received, block, 99905
5010,107, interrupted, block, 99905 
No of blocks in node 117 is 5
No of blocks in node 113 is 5
5012,108, received, block, 99905
5012,108, interrupted, block, 99905 
No of blocks in node 107 is 5
5014,111, received, block, 99905
5014,111, interrupted, block, 99905 
5014,101, received, block, 99905
5014,101, interrupted, block, 99905 
No of blocks in node 105 is 5
No of blocks in node 115 is 5
No of blocks in node 103 is 5
No of blocks in node 116 is 5
No of blocks in node 114 is 5
No of blocks in node 108 is 5
No of blocks in node 111 is 5
No of blocks in node 110 is 5
No of blocks in node 109 is 5
No of blocks in node 102 is 5
No of blocks in node 106 is 5
No of blocks in node 104 is 5
No of blocks in node 101 is 5
6000, 100, Created, block,99906,0
No of blocks in node 100 is 6
6000, 100, broadcasting, data, 99906
6000,114, received, block, 99906
6000,114, interrupted, block, 99906 
6000,115, received, block, 99906
6000,115, interrupted, block, 99906 
6001,110, received, block, 99906
6001,110, interrupted, block, 99906 
6001,118, received, block, 99906
6001,118, interrupted, block, 99906 
6001,111, received, block, 99906
6001,111, interrupted, block, 99906 
6002,105, received, block, 99906
6002,105, interrupted, block, 99906 
6002,109, received, block, 99906
6002,109, interrupted, block, 99906 
6003,106, received, block, 99906
6003,106, interrupted, block, 99906 
6005,101, received, block, 99906
6005,101, interrupted, block, 99906 
6005,102, received, block, 99906
6005,102, interrupted, block, 99906 
6005,104, received, block, 99906
6005,104, interrupted, block, 99906 
No of blocks in node 106 is 6
6006,108, received, block, 99906
6006,108, interrupted, block, 99906 
6007,107, received, block, 99906
6007,107, interrupted, block, 99906 
6007,112, received, block, 99906
6007,112, interrupted, block, 99906 
6009,103, received, block, 99906
6009,103, interrupted, block, 99906 
6009,113, received, block, 99906
6009,113, interrupted, block, 99906 
6014,116, received, block, 99906
6014,116, interrupted, block, 99906 
6015,117, received, block, 99906
6015,117, interrupted, block, 99906 
No of blocks in node 114 is 6
No of blocks in node 107 is 6
No of blocks in node 112 is 6
No of blocks in node 110 is 6
No of blocks in node 113 is 6
No of blocks in node 103 is 6
No of blocks in node 111 is 6
No of blocks in node 104 is 6
No of blocks in node 105 is 6
No of blocks in node 115 is 6
No of blocks in node 118 is 6
No of blocks in node 116 is 6
No of blocks in node 109 is 6
No of blocks in node 101 is 6
No of blocks in node 102 is 6
No of blocks in node 117 is 6
No of blocks in node 108 is 6
7000, 100, Created, block,99907,0
No of blocks in node 100 is 7
7000, 100, broadcasting, data, 99907
7000,106, received, block, 99907
7000,106, interrupted, block, 99907 
7000,116, received, block, 99907
7000,116, interrupted, block, 99907 
7001,110, received, block, 99907
7001,110, interrupted, block, 99907 
7001,118, received, block, 99907
7001,118, interrupted, block, 99907 
7001,114, received, block, 99907
7001,114, interrupted, block, 99907 
7002,112, received, block, 99907
7002,112, interrupted, block, 99907 
7002,115, received, block, 99907
7002,115, interrupted, block, 99907 
7004,105, received, block, 99907
7004,105, interrupted, block, 99907 
7004,113, received, block, 99907
7004,113, interrupted, block, 99907 
No of blocks in node 114 is 7
7005,109, received, block, 99907
7005,109, interrupted, block, 99907 
7005,101, received, block, 99907
7005,101, interrupted, block, 99907 
No of blocks in node 106 is 7
7006,111, received, block, 99907
7006,111, interrupted, block, 99907 
7009,108, received, block, 99907
7009,108, interrupted, block, 99907 
7009,103, received, block, 99907
7009,103, interrupted, block, 99907 
No of blocks in node 110 is 7
No of blocks in node 108 is 7
No of blocks in node 105 is 7
No of blocks in node 116 is 7
7018,117, received, block, 99907
7018,117, interrupted, block, 99907 
No of blocks in node 112 is 7
7021,104, received, block, 99907
7021,104, interrupted, block, 99907 
No of blocks in node 101 is 7
No of blocks in node 113 is 7
7022,102, received, block, 99907
7022,102, interrupted, block, 99907 
No of blocks in node 104 is 7
No of blocks in node 103 is 7
7030,107, received, block, 99907
7030,107, interrupted, block, 99907 
No of blocks in node 118 is 7
No of blocks in node 115 is 7
No of blocks in node 102 is 7
No of blocks in node 117 is 7
No of blocks in node 109 is 7
No of blocks in node 111 is 7
No of blocks in node 107 is 7
8000, 100, Created, block,99908,0
No of blocks in node 100 is 8
8000, 100, broadcasting, data, 99908
8001,110, received, block, 99908
8001,110, interrupted, block, 99908 
8001,112, received, block, 99908
8001,112, interrupted, block, 99908 
8002,109, received, block, 99908
8002,109, interrupted, block, 99908 
8002,116, received, block, 99908
8002,116, interrupted, block, 99908 
8004,104, received, block, 99908
8004,104, interrupted, block, 99908 
8004,105, received, block, 99908
8004,105, interrupted, block, 99908 
8004,103, received, block, 99908
8004,103, interrupted, block, 99908 
8005,113, received, block, 99908
8005,113, interrupted, block, 99908 
8005,114, received, block, 99908
8005,114, interrupted, block, 99908 
8005,117, received, block, 99908
8005,117, interrupted, block, 99908 
No of blocks in node 116 is 8
8007,101, received, block, 99908
8007,101, interrupted, block, 99908 
No of blocks in node 117 is 8
8009,102, received, block, 99908
8009,102, interrupted, block, 99908 
8012,115, received, block, 99908
8012,115, interrupted, block, 99908 
8013,107, received, block, 99908
8013,107, interrupted, block, 99908 
8013,106, received, block, 99908
8013,106, interrupted, block, 99908 
No of blocks in node 110 is 8
No of blocks in node 109 is 8
8018,111, received, block, 99908
8018,111, interrupted, block, 99908 
No of blocks in node 112 is 8
No of blocks in node 115 is 8
No of blocks in node 105 is 8
8025,118, received, block, 99908
8025,118, interrupted, block, 99908 
8030,108, received, block, 99908
8030,108, interrupted, block, 99908 
No of blocks in node 108 is 8
No of blocks in node 101 is 8
No of blocks in node 104 is 8
No of blocks in node 113 is 8
No of blocks in node 114 is 8
No of blocks in node 106 is 8
No of blocks in node 103 is 8
No of blocks in node 102 is 8
No of blocks in node 107 is 8
No of blocks in node 118 is 8
No of blocks in node 111 is 8
9000, 100, Created, block,99909,0
No of blocks in node 100 is 9
9000, 100, broadcasting, data, 99909
9000,104, received, block, 99909
9000,104, interrupted, block, 99909 
9001,118, received, block, 99909
9001,118, interrupted, block, 99909 
9001,110, received, block, 99909
9001,110, interrupted, block, 99909 
9002,109, received, block, 99909
9002,109, interrupted, block, 99909 
9003,103, received, block, 99909
9003,103, interrupted, block, 99909 
9003,101, received, block, 99909
9003,101, interrupted, block, 99909 
9004,114, received, block, 99909
9004,114, interrupted, block, 99909 
9004,111, received, block, 99909
9004,111, interrupted, block, 99909 
9007,115, received, block, 99909
9007,115, interrupted, block, 99909 
9007,102, received, block, 99909
9007,102, interrupted, block, 99909 
9008,107, received, block, 99909
9008,107, interrupted, block, 99909 
9009,108, received, block, 99909
9009,108, interrupted, block, 99909 
9009,117, received, block, 99909
9009,117, interrupted, block, 99909 
9010,112, received, block, 99909
9010,112, interrupted, block, 99909 
9012,105, received, block, 99909
9012,105, interrupted, block, 99909 
No of blocks in node 115 is 9
9015,113, received, block, 99909
9015,113, interrupted, block, 99909 
No of blocks in node 109 is 9
9017,106, received, block, 99909
9017,106, interrupted, block, 99909 
No of blocks in node 113 is 9
No of blocks in node 105 is 9
9023,116, received, block, 99909
9023,116, interrupted, block, 99909 
No of blocks in node 110 is 9
No of blocks in node 118 is 9
No of blocks in node 106 is 9
No of blocks in node 114 is 9
No of blocks in node 111 is 9
No of blocks in node 101 is 9
No of blocks in node 103 is 9
No of blocks in node 107 is 9
No of blocks in node 117 is 9
No of blocks in node 112 is 9
No of blocks in node 104 is 9
No of blocks in node 102 is 9
No of blocks in node 108 is 9
No of blocks in node 116 is 9
10000, 100, Created, block,99910,0
No of blocks in node 100 is 10
10000, 100, broadcasting, data, 99910
10000,109, received, block, 99910
10000,109, interrupted, block, 99910 
10001,110, received, block, 99910
10001,110, interrupted, block, 99910 
10001,118, received, block, 99910
10001,118, interrupted, block, 99910 
10002,115, received, block, 99910
10002,115, interrupted, block, 99910 
10002,108, received, block, 99910
10002,108, interrupted, block, 99910 
10004,104, received, block, 99910
10004,104, interrupted, block, 99910 
10005,101, received, block, 99910
10005,101, interrupted, block, 99910 
10005,102, received, block, 99910
10005,102, interrupted, block, 99910 
10005,113, received, block, 99910
10005,113, interrupted, block, 99910 
10005,114, received, block, 99910
10005,114, interrupted, block, 99910 
10005,117, received, block, 99910
10005,117, interrupted, block, 99910 
No of blocks in node 115 is 10
10007,111, received, block, 99910
10007,111, interrupted, block, 99910 
10007,107, received, block, 99910
10007,107, interrupted, block, 99910 
10007,116, received, block, 99910
10007,116, interrupted, block, 99910 
No of blocks in node 108 is 10
10008,112, received, block, 99910
10008,112, interrupted, block, 99910 
10009,106, received, block, 99910
10009,106, interrupted, block, 99910 
No of blocks in node 113 is 10
No of blocks in node 117 is 10
10013,105, received, block, 99910
10013,105, interrupted, block, 99910 
No of blocks in node 112 is 10
10020,103, received, block, 99910
10020,103, interrupted, block, 99910 
No of blocks in node 101 is 10
No of blocks in node 109 is 10
No of blocks in node 110 is 10
No of blocks in node 118 is 10
No of blocks in node 107 is 10
No of blocks in node 116 is 10
No of blocks in node 102 is 10
No of blocks in node 103 is 10
No of blocks in node 111 is 10
No of blocks in node 106 is 10
No of blocks in node 114 is 10
No of blocks in node 105 is 10
No of blocks in node 104 is 10
Simulation ended
