0,100, generated, node, -
0,101, generated, node, -
0,102, generated, node, -
0,103, generated, node, -
0,104, generated, node, -
0,105, generated, node, -
0,106, generated, node, -
0,107, generated, node, -
0,108, generated, node, -
0,109, generated, node, -
0,110, generated, node, -
0,111, generated, node, -
0,112, generated, node, -
0,113, generated, node, -
0,114, generated, node, -
0,115, generated, node, -
0,116, generated, node, -
0,117, generated, node, -
0,118, generated, node, -
1000, 101, Created, block,99901,0
No of blocks in node 101 is 1
1000, 101, broadcasting, data, 99901
1001,112, received, block, 99901
1001,112, interrupted, block, 99901 
1001,114, received, block, 99901
1001,114, interrupted, block, 99901 
1002,113, received, block, 99901
1002,113, interrupted, block, 99901 
1003,115, received, block, 99901
1003,115, interrupted, block, 99901 
1003,116, received, block, 99901
1003,116, interrupted, block, 99901 
1003,111, received, block, 99901
1003,111, interrupted, block, 99901 
No of blocks in node 113 is 1
1006,100, received, block, 99901
1006,100, interrupted, block, 99901 
1006,102, received, block, 99901
1006,102, interrupted, block, 99901 
1006,103, received, block, 99901
1006,103, interrupted, block, 99901 
1009,107, received, block, 99901
1009,107, interrupted, block, 99901 
No of blocks in node 114 is 1
No of blocks in node 102 is 1
1014,118, received, block, 99901
1014,118, interrupted, block, 99901 
1014,110, received, block, 99901
1014,110, interrupted, block, 99901 
1014,109, received, block, 99901
1014,109, interrupted, block, 99901 
1014,106, received, block, 99901
1014,106, interrupted, block, 99901 
1015,105, received, block, 99901
1015,105, interrupted, block, 99901 
No of blocks in node 107 is 1
1016,117, received, block, 99901
1016,117, interrupted, block, 99901 
1018,108, received, block, 99901
1018,108, interrupted, block, 99901 
No of blocks in node 112 is 1
No of blocks in node 117 is 1
1022,104, received, block, 99901
1022,104, interrupted, block, 99901 
No of blocks in node 111 is 1
No of blocks in node 115 is 1
No of blocks in node 100 is 1
No of blocks in node 118 is 1
No of blocks in node 104 is 1
No of blocks in node 116 is 1
No of blocks in node 110 is 1
No of blocks in node 105 is 1
No of blocks in node 103 is 1
No of blocks in node 109 is 1
No of blocks in node 108 is 1
No of blocks in node 106 is 1
2000, 101, Created, block,99902,0
No of blocks in node 101 is 2
2000, 101, broadcasting, data, 99902
2000,118, received, block, 99902
2000,118, interrupted, block, 99902 
2000,114, received, block, 99902
2000,114, interrupted, block, 99902 
2000,108, received, block, 99902
2000,108, interrupted, block, 99902 
2002,106, received, block, 99902
2002,106, interrupted, block, 99902 
2003,103, received, block, 99902
2003,103, interrupted, block, 99902 
2003,111, received, block, 99902
2003,111, interrupted, block, 99902 
2003,112, received, block, 99902
2003,112, interrupted, block, 99902 
2003,115, received, block, 99902
2003,115, interrupted, block, 99902 
2003,105, received, block, 99902
2003,105, interrupted, block, 99902 
2005,107, received, block, 99902
2005,107, interrupted, block, 99902 
2005,104, received, block, 99902
2005,104, interrupted, block, 99902 
2007,110, received, block, 99902
2007,110, interrupted, block, 99902 
2008,117, received, block, 99902
2008,117, interrupted, block, 99902 
No of blocks in node 115 is 2
2009,113, received, block, 99902
2009,113, interrupted, block, 99902 
2009,116, received, block, 99902
2009,116, interrupted, block, 99902 
No of blocks in node 117 is 2
2010,102, received, block, 99902
2010,102, interrupted, block, 99902 
No of blocks in node 108 is 2
No of blocks in node 111 is 2
2011,109, received, block, 99902
2011,109, interrupted, block, 99902 
No of blocks in node 103 is 2
No of blocks in node 112 is 2
No of blocks in node 102 is 2
No of blocks in node 105 is 2
No of blocks in node 107 is 2
2016,100, received, block, 99902
2016,100, interrupted, block, 99902 
No of blocks in node 110 is 2
No of blocks in node 100 is 2
No of blocks in node 106 is 2
No of blocks in node 116 is 2
No of blocks in node 104 is 2
No of blocks in node 118 is 2
No of blocks in node 114 is 2
No of blocks in node 109 is 2
No of blocks in node 113 is 2
3000, 101, Created, block,99903,0
No of blocks in node 101 is 3
3000, 101, broadcasting, data, 99903
3000,105, received, block, 99903
3000,105, interrupted, block, 99903 
3000,111, received, block, 99903
3000,111, interrupted, block, 99903 
3002,102, received, block, 99903
3002,102, interrupted, block, 99903 
3002,110, received, block, 99903
3002,110, interrupted, block, 99903 
3002,113, received, block, 99903
3002,113, interrupted, block, 99903 
3002,106, received, block, 99903
3002,106, interrupted, block, 99903 
3003,103, received, block, 99903
3003,103, interrupted, block, 99903 
3005,100, received, block, 99903
3005,100, interrupted, block, 99903 
3005,107, received, block, 99903
3005,107, interrupted, block, 99903 
No of blocks in node 113 is 3
3007,116, received, block, 99903
3007,116, interrupted, block, 99903 
3007,114, received, block, 99903
3007,114, interrupted, block, 99903 
3007,109, received, block, 99903
3007,109, interrupted, block, 99903 
3007,112, received, block, 99903
3007,112, interrupted, block, 99903 
3008,108, received, block, 99903
3008,108, interrupted, block, 99903 
3011,118, received, block, 99903
3011,118, interrupted, block, 99903 
No of blocks in node 111 is 3
No of blocks in node 102 is 3
3012,104, received, block, 99903
3012,104, interrupted, block, 99903 
No of blocks in node 118 is 3
3014,115, received, block, 99903
3014,115, interrupted, block, 99903 
No of blocks in node 100 is 3
No of blocks in node 105 is 3
No of blocks in node 108 is 3
3017,117, received, block, 99903
3017,117, interrupted, block, 99903 
No of blocks in node 103 is 3
No of blocks in node 106 is 3
No of blocks in node 107 is 3
No of blocks in node 110 is 3
No of blocks in node 104 is 3
No of blocks in node 117 is 3
No of blocks in node 115 is 3
No of blocks in node 114 is 3
No of blocks in node 116 is 3
No of blocks in node 109 is 3
No of blocks in node 112 is 3
4000, 101, Created, block,99904,0
No of blocks in node 101 is 4
4000, 101, broadcasting, data, 99904
4001,103, received, block, 99904
4001,103, interrupted, block, 99904 
4002,106, received, block, 99904
4002,106, interrupted, block, 99904 
4002,113, received, block, 99904
4002,113, interrupted, block, 99904 
4003,105, received, block, 99904
4003,105, interrupted, block, 99904 
4003,115, received, block, 99904
4003,115, interrupted, block, 99904 
4003,107, received, block, 99904
4003,107, interrupted, block, 99904 
No of blocks in node 103 is 4
4007,116, received, block, 99904
4007,116, interrupted, block, 99904 
4008,117, received, block, 99904
4008,117, interrupted, block, 99904 
4008,112, received, block, 99904
4008,112, interrupted, block, 99904 
4008,114, received, block, 99904
4008,114, interrupted, block, 99904 
4008,111, received, block, 99904
4008,111, interrupted, block, 99904 
4009,118, received, block, 99904
4009,118, interrupted, block, 99904 
4009,102, received, block, 99904
4009,102, interrupted, block, 99904 
4009,110, received, block, 99904
4009,110, interrupted, block, 99904 
4010,104, received, block, 99904
4010,104, interrupted, block, 99904 
4011,100, received, block, 99904
4011,100, interrupted, block, 99904 
4013,108, received, block, 99904
4013,108, interrupted, block, 99904 
4013,109, received, block, 99904
4013,109, interrupted, block, 99904 
No of blocks in node 114 is 4
No of blocks in node 116 is 4
No of blocks in node 110 is 4
No of blocks in node 115 is 4
No of blocks in node 100 is 4
No of blocks in node 106 is 4
No of blocks in node 104 is 4
No of blocks in node 108 is 4
No of blocks in node 102 is 4
No of blocks in node 117 is 4
No of blocks in node 118 is 4
No of blocks in node 111 is 4
No of blocks in node 105 is 4
No of blocks in node 109 is 4
No of blocks in node 113 is 4
No of blocks in node 107 is 4
No of blocks in node 112 is 4
5000, 101, Created, block,99905,0
No of blocks in node 101 is 5
5000, 101, broadcasting, data, 99905
5000,104, received, block, 99905
5000,104, interrupted, block, 99905 
5001,110, received, block, 99905
5001,110, interrupted, block, 99905 
5002,102, received, block, 99905
5002,102, interrupted, block, 99905 
5002,106, received, block, 99905
5002,106, interrupted, block, 99905 
5002,113, received, block, 99905
5002,113, interrupted, block, 99905 
5003,105, received, block, 99905
5003,105, interrupted, block, 99905 
5003,112, received, block, 99905
5003,112, interrupted, block, 99905 
5003,116, received, block, 99905
5003,116, interrupted, block, 99905 
5005,109, received, block, 99905
5005,109, interrupted, block, 99905 
5005,118, received, block, 99905
5005,118, interrupted, block, 99905 
5005,100, received, block, 99905
5005,100, interrupted, block, 99905 
5006,111, received, block, 99905
5006,111, interrupted, block, 99905 
5007,115, received, block, 99905
5007,115, interrupted, block, 99905 
5008,114, received, block, 99905
5008,114, interrupted, block, 99905 
No of blocks in node 112 is 5
No of blocks in node 115 is 5
5009,103, received, block, 99905
5009,103, interrupted, block, 99905 
5009,117, received, block, 99905
5009,117, interrupted, block, 99905 
No of blocks in node 105 is 5
No of blocks in node 113 is 5
5011,107, received, block, 99905
5011,107, interrupted, block, 99905 
No of blocks in node 118 is 5
5016,108, received, block, 99905
5016,108, interrupted, block, 99905 
No of blocks in node 107 is 5
No of blocks in node 103 is 5
No of blocks in node 117 is 5
No of blocks in node 100 is 5
No of blocks in node 106 is 5
No of blocks in node 110 is 5
No of blocks in node 109 is 5
No of blocks in node 104 is 5
No of blocks in node 114 is 5
No of blocks in node 116 is 5
No of blocks in node 102 is 5
No of blocks in node 111 is 5
No of blocks in node 108 is 5
6000, 101, Created, block,99906,0
No of blocks in node 101 is 6
6000, 101, broadcasting, data, 99906
6001,100, received, block, 99906
6001,100, interrupted, block, 99906 
6002,102, received, block, 99906
6002,102, interrupted, block, 99906 
6002,110, received, block, 99906
6002,110, interrupted, block, 99906 
6002,113, received, block, 99906
6002,113, interrupted, block, 99906 
6002,114, received, block, 99906
6002,114, interrupted, block, 99906 
6003,103, received, block, 99906
6003,103, interrupted, block, 99906 
6003,105, received, block, 99906
6003,105, interrupted, block, 99906 
6003,116, received, block, 99906
6003,116, interrupted, block, 99906 
6003,108, received, block, 99906
6003,108, interrupted, block, 99906 
6005,107, received, block, 99906
6005,107, interrupted, block, 99906 
6005,118, received, block, 99906
6005,118, interrupted, block, 99906 
No of blocks in node 107 is 6
6008,106, received, block, 99906
6008,106, interrupted, block, 99906 
6009,109, received, block, 99906
6009,109, interrupted, block, 99906 
6010,111, received, block, 99906
6010,111, interrupted, block, 99906 
No of blocks in node 118 is 6
6012,115, received, block, 99906
6012,115, interrupted, block, 99906 
No of blocks in node 108 is 6
6015,104, received, block, 99906
6015,104, interrupted, block, 99906 
6017,112, received, block, 99906
6017,112, interrupted, block, 99906 
6020,117, received, block, 99906
6020,117, interrupted, block, 99906 
No of blocks in node 106 is 6
No of blocks in node 104 is 6
No of blocks in node 113 is 6
No of blocks in node 112 is 6
No of blocks in node 102 is 6
No of blocks in node 110 is 6
No of blocks in node 114 is 6
No of blocks in node 103 is 6
No of blocks in node 116 is 6
No of blocks in node 111 is 6
No of blocks in node 115 is 6
No of blocks in node 100 is 6
No of blocks in node 109 is 6
No of blocks in node 105 is 6
No of blocks in node 117 is 6
7000, 101, Created, block,99907,0
No of blocks in node 101 is 7
7000, 101, broadcasting, data, 99907
7000,118, received, block, 99907
7000,118, interrupted, block, 99907 
7002,110, received, block, 99907
7002,110, interrupted, block, 99907 
7002,114, received, block, 99907
7002,114, interrupted, block, 99907 
7003,111, received, block, 99907
7003,111, interrupted, block, 99907 
7003,112, received, block, 99907
7003,112, interrupted, block, 99907 
7003,115, received, block, 99907
7003,115, interrupted, block, 99907 
7003,116, received, block, 99907
7003,116, interrupted, block, 99907 
7004,105, received, block, 99907
7004,105, interrupted, block, 99907 
7005,100, received, block, 99907
7005,100, interrupted, block, 99907 
7005,107, received, block, 99907
7005,107, interrupted, block, 99907 
No of blocks in node 110 is 7
7005,117, received, block, 99907
7005,117, interrupted, block, 99907 
7005,113, received, block, 99907
7005,113, interrupted, block, 99907 
7006,106, received, block, 99907
7006,106, interrupted, block, 99907 
7008,108, received, block, 99907
7008,108, interrupted, block, 99907 
7010,104, received, block, 99907
7010,104, interrupted, block, 99907 
No of blocks in node 105 is 7
7012,109, received, block, 99907
7012,109, interrupted, block, 99907 
7013,102, received, block, 99907
7013,102, interrupted, block, 99907 
7014,103, received, block, 99907
7014,103, interrupted, block, 99907 
No of blocks in node 113 is 7
No of blocks in node 100 is 7
No of blocks in node 103 is 7
No of blocks in node 116 is 7
No of blocks in node 112 is 7
No of blocks in node 111 is 7
No of blocks in node 114 is 7
No of blocks in node 118 is 7
No of blocks in node 107 is 7
No of blocks in node 109 is 7
No of blocks in node 102 is 7
No of blocks in node 115 is 7
No of blocks in node 117 is 7
No of blocks in node 106 is 7
No of blocks in node 104 is 7
No of blocks in node 108 is 7
8000, 101, Created, block,99908,0
No of blocks in node 101 is 8
8000, 101, broadcasting, data, 99908
8000,114, received, block, 99908
8000,114, interrupted, block, 99908 
8001,117, received, block, 99908
8001,117, interrupted, block, 99908 
8002,102, received, block, 99908
8002,102, interrupted, block, 99908 
8002,113, received, block, 99908
8002,113, interrupted, block, 99908 
8003,111, received, block, 99908
8003,111, interrupted, block, 99908 
8003,115, received, block, 99908
8003,115, interrupted, block, 99908 
8003,118, received, block, 99908
8003,118, interrupted, block, 99908 
8005,109, received, block, 99908
8005,109, interrupted, block, 99908 
8007,110, received, block, 99908
8007,110, interrupted, block, 99908 
8008,100, received, block, 99908
8008,100, interrupted, block, 99908 
8008,105, received, block, 99908
8008,105, interrupted, block, 99908 
No of blocks in node 113 is 8
8010,106, received, block, 99908
8010,106, interrupted, block, 99908 
8011,116, received, block, 99908
8011,116, interrupted, block, 99908 
No of blocks in node 110 is 8
No of blocks in node 117 is 8
No of blocks in node 111 is 8
8014,107, received, block, 99908
8014,107, interrupted, block, 99908 
8014,103, received, block, 99908
8014,103, interrupted, block, 99908 
8016,104, received, block, 99908
8016,104, interrupted, block, 99908 
8018,112, received, block, 99908
8018,112, interrupted, block, 99908 
No of blocks in node 115 is 8
No of blocks in node 105 is 8
8022,108, received, block, 99908
8022,108, interrupted, block, 99908 
No of blocks in node 109 is 8
No of blocks in node 107 is 8
No of blocks in node 114 is 8
No of blocks in node 112 is 8
No of blocks in node 102 is 8
No of blocks in node 100 is 8
No of blocks in node 106 is 8
No of blocks in node 118 is 8
No of blocks in node 104 is 8
No of blocks in node 108 is 8
No of blocks in node 116 is 8
No of blocks in node 103 is 8
9000, 101, Created, block,99909,0
No of blocks in node 101 is 9
9000, 101, broadcasting, data, 99909
9000,107, received, block, 99909
9000,107, interrupted, block, 99909 
9000,113, received, block, 99909
9000,113, interrupted, block, 99909 
9001,118, received, block, 99909
9001,118, interrupted, block, 99909 
9001,103, received, block, 99909
9001,103, interrupted, block, 99909 
9002,106, received, block, 99909
9002,106, interrupted, block, 99909 
9002,114, received, block, 99909
9002,114, interrupted, block, 99909 
9002,111, received, block, 99909
9002,111, interrupted, block, 99909 
9003,105, received, block, 99909
9003,105, interrupted, block, 99909 
9003,115, received, block, 99909
9003,115, interrupted, block, 99909 
9003,108, received, block, 99909
9003,108, interrupted, block, 99909 
9005,109, received, block, 99909
9005,109, interrupted, block, 99909 
9007,102, received, block, 99909
9007,102, interrupted, block, 99909 
9007,104, received, block, 99909
9007,104, interrupted, block, 99909 
9008,117, received, block, 99909
9008,117, interrupted, block, 99909 
9009,116, received, block, 99909
9009,116, interrupted, block, 99909 
No of blocks in node 102 is 9
9013,110, received, block, 99909
9013,110, interrupted, block, 99909 
No of blocks in node 108 is 9
9016,100, received, block, 99909
9016,100, interrupted, block, 99909 
No of blocks in node 105 is 9
9023,112, received, block, 99909
9023,112, interrupted, block, 99909 
No of blocks in node 109 is 9
No of blocks in node 107 is 9
No of blocks in node 111 is 9
No of blocks in node 106 is 9
No of blocks in node 110 is 9
No of blocks in node 104 is 9
No of blocks in node 114 is 9
No of blocks in node 103 is 9
No of blocks in node 117 is 9
No of blocks in node 116 is 9
No of blocks in node 115 is 9
No of blocks in node 113 is 9
No of blocks in node 118 is 9
No of blocks in node 100 is 9
No of blocks in node 112 is 9
10000, 101, Created, block,99910,0
No of blocks in node 101 is 10
10000, 101, broadcasting, data, 99910
10001,105, received, block, 99910
10001,105, interrupted, block, 99910 
10002,102, received, block, 99910
10002,102, interrupted, block, 99910 
10002,110, received, block, 99910
10002,110, interrupted, block, 99910 
10002,114, received, block, 99910
10002,114, interrupted, block, 99910 
10003,112, received, block, 99910
10003,112, interrupted, block, 99910 
10003,116, received, block, 99910
10003,116, interrupted, block, 99910 
10003,104, received, block, 99910
10003,104, interrupted, block, 99910 
10005,100, received, block, 99910
10005,100, interrupted, block, 99910 
10005,118, received, block, 99910
10005,118, interrupted, block, 99910 
10005,107, received, block, 99910
10005,107, interrupted, block, 99910 
10005,113, received, block, 99910
10005,113, interrupted, block, 99910 
10008,117, received, block, 99910
10008,117, interrupted, block, 99910 
10010,106, received, block, 99910
10010,106, interrupted, block, 99910 
No of blocks in node 117 is 10
10012,111, received, block, 99910
10012,111, interrupted, block, 99910 
No of blocks in node 107 is 10
10014,103, received, block, 99910
10014,103, interrupted, block, 99910 
10015,109, received, block, 99910
10015,109, interrupted, block, 99910 
10018,115, received, block, 99910
10018,115, interrupted, block, 99910 
No of blocks in node 111 is 10
No of blocks in node 102 is 10
10027,108, received, block, 99910
10027,108, interrupted, block, 99910 
No of blocks in node 110 is 10
No of blocks in node 109 is 10
No of blocks in node 108 is 10
No of blocks in node 113 is 10
No of blocks in node 114 is 10
No of blocks in node 103 is 10
No of blocks in node 100 is 10
No of blocks in node 112 is 10
No of blocks in node 105 is 10
No of blocks in node 104 is 10
No of blocks in node 116 is 10
No of blocks in node 118 is 10
No of blocks in node 115 is 10
No of blocks in node 106 is 10
Simulation ended
