0,100, generated, node, -
0,101, generated, node, -
0,102, generated, node, -
0,103, generated, node, -
0,104, generated, node, -
0,105, generated, node, -
0,106, generated, node, -
0,107, generated, node, -
0,108, generated, node, -
0,109, generated, node, -
0,110, generated, node, -
0,111, generated, node, -
0,112, generated, node, -
0,113, generated, node, -
0,114, generated, node, -
0,115, generated, node, -
0,116, generated, node, -
0,117, generated, node, -
0,118, generated, node, -
0, 103,Appended, Transaction, 2301
0, 103, broadcasting, data, 2301
0,110,received,transaction,2301 
2,115,received,transaction,2301 
3,113,received,transaction,2301 
3,118,received,transaction,2301 
4,112,received,transaction,2301 
4,109,received,transaction,2301 
5,106,received,transaction,2301 
6,100,received,transaction,2301 
7,102,received,transaction,2301 
7,105,received,transaction,2301 
7,116,received,transaction,2301 
7,108,received,transaction,2301 
9, 111,Appended, Transaction, 2302
9, 111, broadcasting, data, 2302
10,114,received,transaction,2302 
10,108,received,transaction,2302 
11,112,received,transaction,2302 
11,113,received,transaction,2302 
11,106,received,transaction,2302 
11,102,received,transaction,2302 
12,101,received,transaction,2302 
12,117,received,transaction,2301 
12,115,received,transaction,2302 
13,107,received,transaction,2301 
13,107,received,transaction,2302 
14,111,received,transaction,2301 
14,100,received,transaction,2302 
16,104,received,transaction,2301 
16,114,received,transaction,2301 
16,103,received,transaction,2302 
17,117,received,transaction,2302 
19,101,received,transaction,2301 
19, 117,Appended, Transaction, 2303
19, 117, broadcasting, data, 2303
20,104,received,transaction,2302 
20,102,received,transaction,2303 
20,114,received,transaction,2303 
20,116,received,transaction,2303 
21,104,received,transaction,2303 
21,109,received,transaction,2302 
22,116,received,transaction,2302 
22,105,received,transaction,2303 
22,118,received,transaction,2302 
22,107,received,transaction,2303 
22,110,received,transaction,2302 
23,100,received,transaction,2303 
24,112,received,transaction,2303 
24,103,received,transaction,2303 
25,115,received,transaction,2303 
27,101,received,transaction,2303 
27,113,received,transaction,2303 
28,105,received,transaction,2302 
28,118,received,transaction,2303 
29,108,received,transaction,2303 
29,106,received,transaction,2303 
29,109,received,transaction,2303 
29, 104,Appended, Transaction, 2304
29, 104, broadcasting, data, 2304
29,115,received,transaction,2304 
30,111,received,transaction,2303 
30,110,received,transaction,2303 
30,108,received,transaction,2304 
31,102,received,transaction,2304 
31,107,received,transaction,2304 
33,106,received,transaction,2304 
33,100,received,transaction,2304 
34,110,received,transaction,2304 
34,105,received,transaction,2304 
35,103,received,transaction,2304 
37,117,received,transaction,2304 
38,116,received,transaction,2304 
39,101,received,transaction,2304 
39,109,received,transaction,2304 
39,113,received,transaction,2304 
40, 115,Appended, Transaction, 2305
40, 115, broadcasting, data, 2305
40,112,received,transaction,2304 
40,117,received,transaction,2305 
40,102,received,transaction,2305 
41,108,received,transaction,2305 
41,104,received,transaction,2305 
42,109,received,transaction,2305 
42,116,received,transaction,2305 
42,118,received,transaction,2305 
43,112,received,transaction,2305 
44,106,received,transaction,2305 
44,107,received,transaction,2305 
45,114,received,transaction,2305 
46,103,received,transaction,2305 
46,118,received,transaction,2304 
46,110,received,transaction,2305 
46,114,received,transaction,2304 
47,111,received,transaction,2305 
48,100,received,transaction,2305 
48,113,received,transaction,2305 
50, 101,Appended, Transaction, 2306
50, 101, broadcasting, data, 2306
50,101,received,transaction,2305 
52,102,received,transaction,2306 
52,110,received,transaction,2306 
52,114,received,transaction,2306 
53,105,received,transaction,2306 
53,111,received,transaction,2306 
53,115,received,transaction,2306 
53,116,received,transaction,2306 
54,104,received,transaction,2306 
54,106,received,transaction,2306 
54,109,received,transaction,2306 
55,118,received,transaction,2306 
55,111,received,transaction,2304 
55,112,received,transaction,2306 
55,108,received,transaction,2306 
56,113,received,transaction,2306 
58,117,received,transaction,2306 
59, 116,Appended, Transaction, 2307
59, 116, broadcasting, data, 2307
60,110,received,transaction,2307 
60,104,received,transaction,2307 
60,117,received,transaction,2307 
61,100,received,transaction,2307 
61,105,received,transaction,2307 
61,118,received,transaction,2307 
62,111,received,transaction,2307 
62,106,received,transaction,2307 
62,101,received,transaction,2307 
63,114,received,transaction,2307 
63,100,received,transaction,2306 
64,109,received,transaction,2307 
64,102,received,transaction,2307 
65,115,received,transaction,2307 
66,108,received,transaction,2307 
69,103,received,transaction,2306 
70, 104,Appended, Transaction, 2308
70, 104, broadcasting, data, 2308
71,105,received,transaction,2308 
72,107,received,transaction,2308 
72,112,received,transaction,2308 
72,115,received,transaction,2308 
72,107,received,transaction,2307 
72,108,received,transaction,2308 
72,100,received,transaction,2308 
73,103,received,transaction,2307 
73,106,received,transaction,2308 
73,110,received,transaction,2308 
74,107,received,transaction,2306 
74,118,received,transaction,2308 
74,113,received,transaction,2307 
75,102,received,transaction,2308 
76,114,received,transaction,2308 
79,103,received,transaction,2308 
79,109,received,transaction,2308 
80, 107,Appended, Transaction, 2309
80, 107, broadcasting, data, 2309
82,108,received,transaction,2309 
83,114,received,transaction,2309 
83,102,received,transaction,2309 
83,113,received,transaction,2308 
84,110,received,transaction,2309 
84,113,received,transaction,2309 
84,101,received,transaction,2309 
84,111,received,transaction,2308 
85,105,received,transaction,2309 
85,111,received,transaction,2309 
85,116,received,transaction,2308 
87,116,received,transaction,2309 
87,117,received,transaction,2308 
89,103,received,transaction,2309 
89, 101,Appended, Transaction, 2310
89, 101, broadcasting, data, 2310
90,109,received,transaction,2309 
90,101,received,transaction,2308 
90,113,received,transaction,2310 
91,112,received,transaction,2309 
91,117,received,transaction,2309 
91,100,received,transaction,2309 
91,102,received,transaction,2310 
91,106,received,transaction,2310 
91,114,received,transaction,2310 
92,115,received,transaction,2309 
92,103,received,transaction,2310 
92,105,received,transaction,2310 
93,104,received,transaction,2310 
93,115,received,transaction,2310 
94,100,received,transaction,2310 
94,107,received,transaction,2310 
94,104,received,transaction,2309 
95,111,received,transaction,2310 
95,112,received,transaction,2310 
95,108,received,transaction,2310 
96,116,received,transaction,2310 
97,106,received,transaction,2309 
99,117,received,transaction,2310 
100, 104,Appended, Transaction, 2311
100, 104, broadcasting, data, 2311
101,106,received,transaction,2311 
101,108,received,transaction,2311 
101,117,received,transaction,2311 
101,118,received,transaction,2309 
102,107,received,transaction,2311 
102,114,received,transaction,2311 
102,118,received,transaction,2311 
103,101,received,transaction,2311 
103,112,received,transaction,2311 
105,118,received,transaction,2310 
106,113,received,transaction,2311 
106,105,received,transaction,2311 
107,110,received,transaction,2311 
107,116,received,transaction,2311 
107,115,received,transaction,2311 
108,109,received,transaction,2311 
110, 114,Appended, Transaction, 2312
110, 114, broadcasting, data, 2312
110,110,received,transaction,2312 
111,116,received,transaction,2312 
111,109,received,transaction,2310 
112,101,received,transaction,2312 
112,106,received,transaction,2312 
112,111,received,transaction,2312 
112,102,received,transaction,2311 
112,112,received,transaction,2312 
112,100,received,transaction,2311 
113,107,received,transaction,2312 
113,115,received,transaction,2312 
113,111,received,transaction,2311 
113,102,received,transaction,2312 
114,105,received,transaction,2312 
115,100,received,transaction,2312 
115,104,received,transaction,2312 
115,110,received,transaction,2310 
115,108,received,transaction,2312 
117,118,received,transaction,2312 
118,103,received,transaction,2311 
118,113,received,transaction,2312 
119, 100,Appended, Transaction, 2313
119, 100, broadcasting, data, 2313
120,106,received,transaction,2313 
120,110,received,transaction,2313 
121,105,received,transaction,2313 
121,116,received,transaction,2313 
123,115,received,transaction,2313 
123,109,received,transaction,2312 
123,113,received,transaction,2313 
123,117,received,transaction,2312 
124,118,received,transaction,2313 
124,103,received,transaction,2312 
124,101,received,transaction,2313 
124,111,received,transaction,2313 
124,103,received,transaction,2313 
126,102,received,transaction,2313 
126,112,received,transaction,2313 
128,117,received,transaction,2313 
128,114,received,transaction,2313 
129, 109,Appended, Transaction, 2314
129, 109, broadcasting, data, 2314
130,108,received,transaction,2313 
131,105,received,transaction,2314 
131,112,received,transaction,2314 
131,115,received,transaction,2314 
131,116,received,transaction,2314 
131,118,received,transaction,2314 
132,104,received,transaction,2313 
132,107,received,transaction,2313 
132,110,received,transaction,2314 
133,101,received,transaction,2314 
133,109,received,transaction,2313 
134,106,received,transaction,2314 
135,108,received,transaction,2314 
135,114,received,transaction,2314 
136,103,received,transaction,2314 
136,100,received,transaction,2314 
136,113,received,transaction,2314 
139, 103,Appended, Transaction, 2315
139, 103, broadcasting, data, 2315
140,111,received,transaction,2314 
140,114,received,transaction,2315 
141,101,received,transaction,2315 
141,107,received,transaction,2314 
141,102,received,transaction,2315 
142,100,received,transaction,2315 
142,118,received,transaction,2315 
142,109,received,transaction,2315 
143,116,received,transaction,2315 
144,108,received,transaction,2315 
144,110,received,transaction,2315 
145,113,received,transaction,2315 
146,117,received,transaction,2314 
146,105,received,transaction,2315 
147,104,received,transaction,2314 
148,102,received,transaction,2314 
148,117,received,transaction,2315 
149,115,received,transaction,2315 
149,107,received,transaction,2315 
149, 113,Appended, Transaction, 2316
149, 113, broadcasting, data, 2316
151,107,received,transaction,2316 
151,106,received,transaction,2315 
151,104,received,transaction,2315 
151,102,received,transaction,2316 
151,100,received,transaction,2316 
152,116,received,transaction,2316 
152,111,received,transaction,2315 
152,103,received,transaction,2316 
152,111,received,transaction,2316 
152,115,received,transaction,2316 
154,109,received,transaction,2316 
156,112,received,transaction,2315 
157,106,received,transaction,2316 
157,108,received,transaction,2316 
157,117,received,transaction,2316 
159,110,received,transaction,2316 
159,101,received,transaction,2316 
159, 118,Appended, Transaction, 2317
159, 118, broadcasting, data, 2317
160,106,received,transaction,2317 
161,113,received,transaction,2317 
161,101,received,transaction,2317 
161,109,received,transaction,2317 
162,111,received,transaction,2317 
162,103,received,transaction,2317 
163,105,received,transaction,2317 
164,118,received,transaction,2316 
164,112,received,transaction,2316 
165,115,received,transaction,2317 
165,100,received,transaction,2317 
165,108,received,transaction,2317 
167,114,received,transaction,2316 
168,102,received,transaction,2317 
169,105,received,transaction,2316 
169, 113,Appended, Transaction, 2318
169, 113, broadcasting, data, 2318
170,107,received,transaction,2317 
170,110,received,transaction,2317 
170,104,received,transaction,2317 
171,101,received,transaction,2318 
171,106,received,transaction,2318 
172,111,received,transaction,2318 
172,112,received,transaction,2318 
172,117,received,transaction,2317 
173,116,received,transaction,2317 
174,110,received,transaction,2318 
174,107,received,transaction,2318 
174,114,received,transaction,2317 
175,103,received,transaction,2318 
175,104,received,transaction,2318 
176,112,received,transaction,2317 
176,104,received,transaction,2316 
177,117,received,transaction,2318 
177,100,received,transaction,2318 
177,109,received,transaction,2318 
179, 113,Appended, Transaction, 2319
179, 113, broadcasting, data, 2319
179,115,received,transaction,2318 
180,105,received,transaction,2319 
180,108,received,transaction,2319 
180,108,received,transaction,2318 
181,101,received,transaction,2319 
181,106,received,transaction,2319 
181,110,received,transaction,2319 
181,114,received,transaction,2319 
182,118,received,transaction,2319 
182,116,received,transaction,2319 
182,115,received,transaction,2319 
182,100,received,transaction,2319 
184,117,received,transaction,2319 
184,107,received,transaction,2319 
185,102,received,transaction,2318 
186,105,received,transaction,2318 
186,102,received,transaction,2319 
187,109,received,transaction,2319 
188,118,received,transaction,2318 
189, 114,Appended, Transaction, 2320
189, 114, broadcasting, data, 2320
189,114,received,transaction,2318 
190,108,received,transaction,2320 
190,112,received,transaction,2319 
191,106,received,transaction,2320 
191,110,received,transaction,2320 
192,113,received,transaction,2320 
192,102,received,transaction,2320 
192,107,received,transaction,2320 
194,118,received,transaction,2320 
194,112,received,transaction,2320 
195,117,received,transaction,2320 
195,109,received,transaction,2320 
195,111,received,transaction,2319 
197,116,received,transaction,2318 
198,105,received,transaction,2320 
199,101,received,transaction,2320 
199, 114,Appended, Transaction, 2321
199, 114, broadcasting, data, 2321
199,115,received,transaction,2320 
200,108,received,transaction,2321 
201,104,received,transaction,2321 
201,101,received,transaction,2321 
201,110,received,transaction,2321 
201,109,received,transaction,2321 
202,103,received,transaction,2320 
202,102,received,transaction,2321 
202,104,received,transaction,2319 
203,107,received,transaction,2321 
203,103,received,transaction,2321 
204,111,received,transaction,2320 
204,113,received,transaction,2321 
204,116,received,transaction,2321 
204,112,received,transaction,2321 
204,118,received,transaction,2321 
206,111,received,transaction,2321 
206,106,received,transaction,2321 
206,103,received,transaction,2319 
206,117,received,transaction,2321 
209,105,received,transaction,2321 
209, 117,Appended, Transaction, 2322
209, 117, broadcasting, data, 2322
209,116,received,transaction,2320 
209,108,received,transaction,2322 
210,105,received,transaction,2322 
210,112,received,transaction,2322 
210,115,received,transaction,2322 
210,116,received,transaction,2322 
212,118,received,transaction,2322 
212,100,received,transaction,2321 
212,100,received,transaction,2320 
213,104,received,transaction,2320 
213,113,received,transaction,2322 
214,115,received,transaction,2321 
214,103,received,transaction,2322 
215,109,received,transaction,2322 
215,111,received,transaction,2322 
216,106,received,transaction,2322 
218,101,received,transaction,2322 
218,102,received,transaction,2322 
219,107,received,transaction,2322 
219, 116,Appended, Transaction, 2323
219, 116, broadcasting, data, 2323
221,118,received,transaction,2323 
222,105,received,transaction,2323 
223,103,received,transaction,2323 
223,104,received,transaction,2322 
223,114,received,transaction,2323 
224,114,received,transaction,2322 
224,117,received,transaction,2323 
224,102,received,transaction,2323 
224,111,received,transaction,2323 
225,106,received,transaction,2323 
225,110,received,transaction,2323 
225,100,received,transaction,2322 
227,113,received,transaction,2323 
227,108,received,transaction,2323 
227,104,received,transaction,2323 
228,101,received,transaction,2323 
229, 104,Appended, Transaction, 2324
229, 104, broadcasting, data, 2324
230,110,received,transaction,2322 
230,107,received,transaction,2323 
230,106,received,transaction,2324 
230,108,received,transaction,2324 
230,117,received,transaction,2324 
231,109,received,transaction,2323 
231,105,received,transaction,2324 
231,112,received,transaction,2324 
231,115,received,transaction,2324 
233,110,received,transaction,2324 
233,100,received,transaction,2324 
234,102,received,transaction,2324 
235,100,received,transaction,2323 
236,115,received,transaction,2323 
237,109,received,transaction,2324 
238,116,received,transaction,2324 
239,107,received,transaction,2324 
239, 109,Appended, Transaction, 2325
239, 109, broadcasting, data, 2325
240,111,received,transaction,2324 
240,101,received,transaction,2325 
241,100,received,transaction,2325 
241,105,received,transaction,2325 
241,112,received,transaction,2325 
241,111,received,transaction,2325 
242,115,received,transaction,2325 
242,107,received,transaction,2325 
242,114,received,transaction,2324 
243,118,received,transaction,2325 
244,106,received,transaction,2325 
244,113,received,transaction,2324 
244,103,received,transaction,2324 
245,104,received,transaction,2325 
245,102,received,transaction,2325 
245,114,received,transaction,2325 
246,110,received,transaction,2325 
247,108,received,transaction,2325 
248,118,received,transaction,2324 
249, 102,Appended, Transaction, 2326
249, 102, broadcasting, data, 2326
249,103,received,transaction,2325 
250,117,received,transaction,2326 
251,101,received,transaction,2324 
251,110,received,transaction,2326 
251,111,received,transaction,2326 
251,116,received,transaction,2326 
252,107,received,transaction,2326 
252,114,received,transaction,2326 
253,118,received,transaction,2326 
253,108,received,transaction,2326 
253,106,received,transaction,2326 
254,115,received,transaction,2326 
254,116,received,transaction,2325 
255,109,received,transaction,2326 
256,103,received,transaction,2326 
256,113,received,transaction,2325 
256,100,received,transaction,2326 
256,105,received,transaction,2326 
259,112,received,transaction,2326 
259, 108,Appended, Transaction, 2327
259, 108, broadcasting, data, 2327
260,102,received,transaction,2327 
260,105,received,transaction,2327 
260,112,received,transaction,2327 
260,115,received,transaction,2327 
260,104,received,transaction,2326 
261,104,received,transaction,2327 
261,113,received,transaction,2326 
262,118,received,transaction,2327 
262,100,received,transaction,2327 
263,101,received,transaction,2326 
263,116,received,transaction,2327 
264,117,received,transaction,2325 
266,106,received,transaction,2327 
266,114,received,transaction,2327 
267,111,received,transaction,2327 
267,113,received,transaction,2327 
268,107,received,transaction,2327 
269, 104,Appended, Transaction, 2328
269, 104, broadcasting, data, 2328
269,116,received,transaction,2328 
270,106,received,transaction,2328 
270,108,received,transaction,2328 
271,105,received,transaction,2328 
271,107,received,transaction,2328 
271,112,received,transaction,2328 
271,115,received,transaction,2328 
271,110,received,transaction,2327 
273,101,received,transaction,2328 
273,117,received,transaction,2328 
273,100,received,transaction,2328 
273,114,received,transaction,2328 
277,109,received,transaction,2328 
277,118,received,transaction,2328 
278,103,received,transaction,2327 
278,102,received,transaction,2328 
278,109,received,transaction,2327 
279,110,received,transaction,2328 
279, 116,Appended, Transaction, 2329
279, 116, broadcasting, data, 2329
279,111,received,transaction,2328 
280,108,received,transaction,2329 
281,103,received,transaction,2328 
281,100,received,transaction,2329 
281,104,received,transaction,2329 
281,105,received,transaction,2329 
281,118,received,transaction,2329 
281,107,received,transaction,2329 
281,101,received,transaction,2329 
282,117,received,transaction,2329 
284,114,received,transaction,2329 
287,101,received,transaction,2327 
287,111,received,transaction,2329 
288,117,received,transaction,2327 
289,113,received,transaction,2329 
289, 102,Appended, Transaction, 2330
289, 102, broadcasting, data, 2330
290,117,received,transaction,2330 
290,110,received,transaction,2329 
291,106,received,transaction,2330 
291,111,received,transaction,2330 
292,100,received,transaction,2330 
292,107,received,transaction,2330 
292,114,received,transaction,2330 
293,113,received,transaction,2328 
293,115,received,transaction,2329 
293,106,received,transaction,2329 
294,112,received,transaction,2330 
294,115,received,transaction,2330 
294,116,received,transaction,2330 
294,118,received,transaction,2330 
294,108,received,transaction,2330 
295,103,received,transaction,2329 
295,101,received,transaction,2330 
295,109,received,transaction,2330 
295,103,received,transaction,2330 
296,109,received,transaction,2329 
297,113,received,transaction,2330 
299, 104,Appended, Transaction, 2331
299, 104, broadcasting, data, 2331
299,115,received,transaction,2331 
300,110,received,transaction,2331 
300,116,received,transaction,2331 
301,104,received,transaction,2330 
302,102,received,transaction,2329 
302,110,received,transaction,2330 
303,100,received,transaction,2331 
303,118,received,transaction,2331 
303,102,received,transaction,2331 
304,114,received,transaction,2331 
304,109,received,transaction,2331 
304,106,received,transaction,2331 
305,103,received,transaction,2331 
306,105,received,transaction,2331 
307,107,received,transaction,2331 
308,108,received,transaction,2331 
308,112,received,transaction,2331 
309, 111,Appended, Transaction, 2332
309, 111, broadcasting, data, 2332
309,101,received,transaction,2331 
309,108,received,transaction,2332 
309,112,received,transaction,2332 
310,105,received,transaction,2330 
311,102,received,transaction,2332 
311,106,received,transaction,2332 
311,110,received,transaction,2332 
311,114,received,transaction,2332 
311,117,received,transaction,2331 
312,101,received,transaction,2332 
312,115,received,transaction,2332 
312,116,received,transaction,2332 
312,113,received,transaction,2332 
314,107,received,transaction,2332 
314,109,received,transaction,2332 
316,105,received,transaction,2332 
317,100,received,transaction,2332 
319, 118,Appended, Transaction, 2333
319, 118, broadcasting, data, 2333
319,103,received,transaction,2333 
319,104,received,transaction,2333 
319,115,received,transaction,2333 
320,118,received,transaction,2332 
320,100,received,transaction,2333 
320,106,received,transaction,2333 
320,103,received,transaction,2332 
321,109,received,transaction,2333 
321,116,received,transaction,2333 
321,104,received,transaction,2332 
322,111,received,transaction,2331 
323,113,received,transaction,2331 
324,113,received,transaction,2333 
324,114,received,transaction,2333 
324,111,received,transaction,2333 
324,108,received,transaction,2333 
326,101,received,transaction,2333 
326,110,received,transaction,2333 
327,105,received,transaction,2333 
328,117,received,transaction,2333 
328,102,received,transaction,2333 
329, 107,Appended, Transaction, 2334
329, 107, broadcasting, data, 2334
330,103,received,transaction,2334 
331,104,received,transaction,2334 
332,101,received,transaction,2334 
333,114,received,transaction,2334 
334,110,received,transaction,2334 
334,105,received,transaction,2334 
334,111,received,transaction,2334 
334,112,received,transaction,2334 
334,107,received,transaction,2333 
334,102,received,transaction,2334 
335,117,received,transaction,2334 
336,112,received,transaction,2333 
337,100,received,transaction,2334 
338,118,received,transaction,2334 
338,106,received,transaction,2334 
339, 104,Appended, Transaction, 2335
339, 104, broadcasting, data, 2335
339,117,received,transaction,2332 
339,117,received,transaction,2335 
340,108,received,transaction,2335 
341,107,received,transaction,2335 
341,109,received,transaction,2334 
341,116,received,transaction,2334 
342,105,received,transaction,2335 
343,118,received,transaction,2335 
343,110,received,transaction,2335 
343,116,received,transaction,2335 
345,100,received,transaction,2335 
345,108,received,transaction,2334 
346,111,received,transaction,2335 
347,109,received,transaction,2335 
347,101,received,transaction,2335 
347,115,received,transaction,2335 
348,103,received,transaction,2335 
348,113,received,transaction,2334 
348, 112,Appended, Transaction, 2336
348, 112, broadcasting, data, 2336
349,101,received,transaction,2336 
349,117,received,transaction,2336 
350,113,received,transaction,2335 
350,104,received,transaction,2336 
350,115,received,transaction,2336 
350,116,received,transaction,2336 
350,118,received,transaction,2336 
351,114,received,transaction,2335 
351,114,received,transaction,2336 
351,108,received,transaction,2336 
351,115,received,transaction,2334 
352,112,received,transaction,2335 
353,107,received,transaction,2336 
354,110,received,transaction,2336 
355,103,received,transaction,2336 
356,102,received,transaction,2336 
356,106,received,transaction,2335 
357,105,received,transaction,2336 
358, 113,Appended, Transaction, 2337
358, 113, broadcasting, data, 2337
359,106,received,transaction,2337 
360,112,received,transaction,2337 
360,102,received,transaction,2337 
360,110,received,transaction,2337 
360,114,received,transaction,2337 
360,109,received,transaction,2337 
361,103,received,transaction,2337 
361,102,received,transaction,2335 
361,111,received,transaction,2337 
361,105,received,transaction,2337 
361,115,received,transaction,2337 
362,106,received,transaction,2336 
363,101,received,transaction,2337 
363,100,received,transaction,2336 
364,109,received,transaction,2336 
364,113,received,transaction,2336 
364,100,received,transaction,2337 
364,107,received,transaction,2337 
366,117,received,transaction,2337 
366,108,received,transaction,2337 
368, 108,Appended, Transaction, 2338
368, 108, broadcasting, data, 2338
369,112,received,transaction,2338 
370,105,received,transaction,2338 
370,113,received,transaction,2338 
370,116,received,transaction,2337 
371,106,received,transaction,2338 
371,117,received,transaction,2338 
372,111,received,transaction,2336 
372,114,received,transaction,2338 
372,104,received,transaction,2338 
373,118,received,transaction,2338 
373,104,received,transaction,2337 
373,103,received,transaction,2338 
374,115,received,transaction,2338 
374,109,received,transaction,2338 
375,116,received,transaction,2338 
375,110,received,transaction,2338 
376,101,received,transaction,2338 
376,111,received,transaction,2338 
377,118,received,transaction,2337 
377,100,received,transaction,2338 
378, 105,Appended, Transaction, 2339
378, 105, broadcasting, data, 2339
379,111,received,transaction,2339 
379,108,received,transaction,2339 
379,107,received,transaction,2338 
380,109,received,transaction,2339 
380,100,received,transaction,2339 
381,113,received,transaction,2339 
382,102,received,transaction,2338 
382,107,received,transaction,2339 
383,114,received,transaction,2339 
384,112,received,transaction,2339 
384,110,received,transaction,2339 
386,118,received,transaction,2339 
386,117,received,transaction,2339 
386,104,received,transaction,2339 
388, 107,Appended, Transaction, 2340
388, 107, broadcasting, data, 2340
390,104,received,transaction,2340 
390,103,received,transaction,2339 
391,108,received,transaction,2340 
391,114,received,transaction,2340 
391,101,received,transaction,2339 
392,102,received,transaction,2340 
392,105,received,transaction,2340 
392,101,received,transaction,2340 
392,110,received,transaction,2340 
393,111,received,transaction,2340 
393,113,received,transaction,2340 
394,109,received,transaction,2340 
394,102,received,transaction,2339 
395,116,received,transaction,2340 
395,112,received,transaction,2340 
396,100,received,transaction,2340 
397,106,received,transaction,2339 
397,103,received,transaction,2340 
398,116,received,transaction,2339 
398, 100,Appended, Transaction, 2341
398, 100, broadcasting, data, 2341
399,106,received,transaction,2341 
399,115,received,transaction,2340 
399,118,received,transaction,2341 
399,112,received,transaction,2341 
400,117,received,transaction,2340 
400,105,received,transaction,2341 
400,115,received,transaction,2341 
400,116,received,transaction,2341 
401,103,received,transaction,2341 
402,117,received,transaction,2341 
402,106,received,transaction,2340 
402,104,received,transaction,2341 
403,118,received,transaction,2340 
403,101,received,transaction,2341 
403,113,received,transaction,2341 
406,110,received,transaction,2341 
406,108,received,transaction,2341 
407,107,received,transaction,2341 
408, 112,Appended, Transaction, 2342
408, 112, broadcasting, data, 2342
409,114,received,transaction,2341 
409,107,received,transaction,2342 
409,109,received,transaction,2341 
409,108,received,transaction,2342 
409,117,received,transaction,2342 
409,111,received,transaction,2342 
410,102,received,transaction,2341 
410,104,received,transaction,2342 
410,105,received,transaction,2342 
410,109,received,transaction,2342 
410,115,received,transaction,2342 
410,116,received,transaction,2342 
411,101,received,transaction,2342 
411,113,received,transaction,2342 
412,100,received,transaction,2342 
413,118,received,transaction,2342 
414,110,received,transaction,2342 
415,103,received,transaction,2342 
418, 116,Appended, Transaction, 2343
418, 116, broadcasting, data, 2343
419,111,received,transaction,2341 
419,114,received,transaction,2342 
419,113,received,transaction,2343 
419,109,received,transaction,2343 
419,117,received,transaction,2343 
419,108,received,transaction,2343 
420,103,received,transaction,2343 
420,105,received,transaction,2343 
420,115,received,transaction,2343 
420,118,received,transaction,2343 
421,111,received,transaction,2343 
421,110,received,transaction,2343 
423,106,received,transaction,2342 
423,102,received,transaction,2343 
424,102,received,transaction,2342 
426,104,received,transaction,2343 
427,107,received,transaction,2343 
428, 106,Appended, Transaction, 2344
428, 106, broadcasting, data, 2344
430,111,received,transaction,2344 
430,113,received,transaction,2344 
431,100,received,transaction,2344 
431,114,received,transaction,2343 
431,101,received,transaction,2343 
432,106,received,transaction,2343 
432,107,received,transaction,2344 
432,104,received,transaction,2344 
433,110,received,transaction,2344 
433,103,received,transaction,2344 
433,100,received,transaction,2343 
434,105,received,transaction,2344 
434,112,received,transaction,2344 
434,101,received,transaction,2344 
437,109,received,transaction,2344 
438, 105,Appended, Transaction, 2345
438, 105, broadcasting, data, 2345
438,118,received,transaction,2344 
438,102,received,transaction,2345 
438,107,received,transaction,2345 
439,108,received,transaction,2344 
439,114,received,transaction,2344 
440,117,received,transaction,2345 
440,109,received,transaction,2345 
440,112,received,transaction,2345 
441,118,received,transaction,2345 
441,113,received,transaction,2345 
442,111,received,transaction,2345 
444,108,received,transaction,2345 
444,116,received,transaction,2345 
444,110,received,transaction,2345 
444,116,received,transaction,2344 
444,115,received,transaction,2344 
445,103,received,transaction,2345 
446,106,received,transaction,2345 
447,102,received,transaction,2344 
447,117,received,transaction,2344 
448, 108,Appended, Transaction, 2346
448, 108, broadcasting, data, 2346
448,104,received,transaction,2345 
449,114,received,transaction,2346 
449,115,received,transaction,2346 
449,111,received,transaction,2346 
450,110,received,transaction,2346 
450,103,received,transaction,2346 
451,101,received,transaction,2345 
451,117,received,transaction,2346 
452,100,received,transaction,2345 
452,109,received,transaction,2346 
452,112,received,transaction,2346 
454,104,received,transaction,2346 
457,118,received,transaction,2346 
457,102,received,transaction,2346 
457,116,received,transaction,2346 
458, 111,Appended, Transaction, 2347
458, 111, broadcasting, data, 2347
459,107,received,transaction,2346 
460,102,received,transaction,2347 
460,114,received,transaction,2347 
461,105,received,transaction,2346 
461,103,received,transaction,2347 
461,113,received,transaction,2347 
461,115,received,transaction,2347 
461,116,received,transaction,2347 
461,113,received,transaction,2346 
461,118,received,transaction,2347 
462,110,received,transaction,2347 
463,100,received,transaction,2347 
464,105,received,transaction,2347 
464,112,received,transaction,2347 
465,114,received,transaction,2345 
465,106,received,transaction,2346 
466,108,received,transaction,2347 
467,101,received,transaction,2346 
467,101,received,transaction,2347 
468, 116,Appended, Transaction, 2348
468, 116, broadcasting, data, 2348
468,104,received,transaction,2347 
468,100,received,transaction,2346 
469,108,received,transaction,2348 
470,105,received,transaction,2348 
470,109,received,transaction,2348 
470,115,received,transaction,2348 
470,118,received,transaction,2348 
471,101,received,transaction,2348 
471,113,received,transaction,2348 
471,109,received,transaction,2347 
474,110,received,transaction,2348 
476,102,received,transaction,2348 
476,104,received,transaction,2348 
476,117,received,transaction,2347 
477,106,received,transaction,2347 
477,107,received,transaction,2347 
478, 102,Appended, Transaction, 2349
478, 102, broadcasting, data, 2349
479,108,received,transaction,2349 
479,118,received,transaction,2349 
479,114,received,transaction,2349 
480,101,received,transaction,2349 
480,106,received,transaction,2349 
480,111,received,transaction,2349 
480,111,received,transaction,2348 
481,100,received,transaction,2348 
481,114,received,transaction,2348 
481,110,received,transaction,2349 
482,105,received,transaction,2349 
482,107,received,transaction,2348 
482,117,received,transaction,2349 
483,104,received,transaction,2349 
483,112,received,transaction,2349 
483,115,received,transaction,2349 
483,107,received,transaction,2349 
483,117,received,transaction,2348 
484,109,received,transaction,2349 
484,113,received,transaction,2349 
485,103,received,transaction,2349 
485,100,received,transaction,2349 
486,103,received,transaction,2348 
487,116,received,transaction,2349 
488, 109,Appended, Transaction, 2350
488, 109, broadcasting, data, 2350
488,106,received,transaction,2348 
488,100,received,transaction,2350 
489,111,received,transaction,2350 
490,115,received,transaction,2350 
490,116,received,transaction,2350 
490,118,received,transaction,2350 
492,110,received,transaction,2350 
493,101,received,transaction,2350 
493,102,received,transaction,2350 
493,113,received,transaction,2350 
494,108,received,transaction,2350 
494,114,received,transaction,2350 
494,117,received,transaction,2350 
494,112,received,transaction,2350 
496,106,received,transaction,2350 
497,103,received,transaction,2350 
497, 116,Appended, Transaction, 2351
497, 116, broadcasting, data, 2351
497,101,received,transaction,2351 
498,117,received,transaction,2351 
499,104,received,transaction,2351 
499,109,received,transaction,2351 
499,115,received,transaction,2351 
499,118,received,transaction,2351 
Simulation ended
