0,100, generated, node, -
0,101, generated, node, -
0,102, generated, node, -
0,103, generated, node, -
0,104, generated, node, -
0,105, generated, node, -
0,106, generated, node, -
0,107, generated, node, -
0,108, generated, node, -
0,109, generated, node, -
0,110, generated, node, -
0,111, generated, node, -
0,112, generated, node, -
0,113, generated, node, -
0,114, generated, node, -
0,115, generated, node, -
0,116, generated, node, -
0,117, generated, node, -
0,118, generated, node, -
1000, 108, Created, block,99901,0
No of blocks in node 108 is 1
1000, 108, broadcasting, data, 99901
1001,102, received, block, 99901
1001,102, interrupted, block, 99901 
1001,104, received, block, 99901
1001,104, interrupted, block, 99901 
1001,115, received, block, 99901
1001,115, interrupted, block, 99901 
1001,114, received, block, 99901
1001,114, interrupted, block, 99901 
1001,109, received, block, 99901
1001,109, interrupted, block, 99901 
1002,116, received, block, 99901
1002,116, interrupted, block, 99901 
No of blocks in node 102 is 1
1003,105, received, block, 99901
1003,105, interrupted, block, 99901 
1005,103, received, block, 99901
1005,103, interrupted, block, 99901 
1006,107, received, block, 99901
1006,107, interrupted, block, 99901 
1006,110, received, block, 99901
1006,110, interrupted, block, 99901 
1008,111, received, block, 99901
1008,111, interrupted, block, 99901 
1008,113, received, block, 99901
1008,113, interrupted, block, 99901 
1008,117, received, block, 99901
1008,117, interrupted, block, 99901 
No of blocks in node 105 is 1
No of blocks in node 115 is 1
1011,112, received, block, 99901
1011,112, interrupted, block, 99901 
No of blocks in node 107 is 1
1014,118, received, block, 99901
1014,118, interrupted, block, 99901 
1015,106, received, block, 99901
1015,106, interrupted, block, 99901 
1016,101, received, block, 99901
1016,101, interrupted, block, 99901 
No of blocks in node 110 is 1
1018,100, received, block, 99901
1018,100, interrupted, block, 99901 
No of blocks in node 104 is 1
No of blocks in node 117 is 1
No of blocks in node 112 is 1
No of blocks in node 109 is 1
No of blocks in node 103 is 1
No of blocks in node 100 is 1
No of blocks in node 116 is 1
No of blocks in node 111 is 1
No of blocks in node 114 is 1
No of blocks in node 113 is 1
No of blocks in node 106 is 1
No of blocks in node 101 is 1
No of blocks in node 118 is 1
2000, 108, Created, block,99902,0
No of blocks in node 108 is 2
2000, 108, broadcasting, data, 99902
2001,105, received, block, 99902
2001,105, interrupted, block, 99902 
2001,112, received, block, 99902
2001,112, interrupted, block, 99902 
2001,114, received, block, 99902
2001,114, interrupted, block, 99902 
2001,115, received, block, 99902
2001,115, interrupted, block, 99902 
2001,116, received, block, 99902
2001,116, interrupted, block, 99902 
2001,103, received, block, 99902
2001,103, interrupted, block, 99902 
2002,102, received, block, 99902
2002,102, interrupted, block, 99902 
No of blocks in node 114 is 2
2004,100, received, block, 99902
2004,100, interrupted, block, 99902 
2005,110, received, block, 99902
2005,110, interrupted, block, 99902 
2005,111, received, block, 99902
2005,111, interrupted, block, 99902 
2006,107, received, block, 99902
2006,107, interrupted, block, 99902 
2006,104, received, block, 99902
2006,104, interrupted, block, 99902 
2008,101, received, block, 99902
2008,101, interrupted, block, 99902 
2009,118, received, block, 99902
2009,118, interrupted, block, 99902 
2009,113, received, block, 99902
2009,113, interrupted, block, 99902 
2011,117, received, block, 99902
2011,117, interrupted, block, 99902 
2012,106, received, block, 99902
2012,106, interrupted, block, 99902 
No of blocks in node 102 is 2
No of blocks in node 103 is 2
No of blocks in node 110 is 2
No of blocks in node 115 is 2
No of blocks in node 117 is 2
2021,109, received, block, 99902
2021,109, interrupted, block, 99902 
No of blocks in node 113 is 2
No of blocks in node 116 is 2
No of blocks in node 118 is 2
No of blocks in node 100 is 2
No of blocks in node 105 is 2
No of blocks in node 101 is 2
No of blocks in node 107 is 2
No of blocks in node 112 is 2
No of blocks in node 111 is 2
No of blocks in node 106 is 2
No of blocks in node 104 is 2
No of blocks in node 109 is 2
3000, 108, Created, block,99903,0
No of blocks in node 108 is 3
3000, 108, broadcasting, data, 99903
3000,112, received, block, 99903
3000,112, interrupted, block, 99903 
3001,102, received, block, 99903
3001,102, interrupted, block, 99903 
3001,116, received, block, 99903
3001,116, interrupted, block, 99903 
3001,114, received, block, 99903
3001,114, interrupted, block, 99903 
3002,104, received, block, 99903
3002,104, interrupted, block, 99903 
3003,117, received, block, 99903
3003,117, interrupted, block, 99903 
3004,103, received, block, 99903
3004,103, interrupted, block, 99903 
3006,109, received, block, 99903
3006,109, interrupted, block, 99903 
3006,110, received, block, 99903
3006,110, interrupted, block, 99903 
3006,105, received, block, 99903
3006,105, interrupted, block, 99903 
3007,115, received, block, 99903
3007,115, interrupted, block, 99903 
3008,111, received, block, 99903
3008,111, interrupted, block, 99903 
No of blocks in node 114 is 3
3011,101, received, block, 99903
3011,101, interrupted, block, 99903 
3013,106, received, block, 99903
3013,106, interrupted, block, 99903 
No of blocks in node 112 is 3
3017,100, received, block, 99903
3017,100, interrupted, block, 99903 
No of blocks in node 117 is 3
No of blocks in node 110 is 3
No of blocks in node 101 is 3
3019,118, received, block, 99903
3019,118, interrupted, block, 99903 
3019,107, received, block, 99903
3019,107, interrupted, block, 99903 
No of blocks in node 104 is 3
3021,113, received, block, 99903
3021,113, interrupted, block, 99903 
No of blocks in node 106 is 3
No of blocks in node 103 is 3
No of blocks in node 116 is 3
No of blocks in node 105 is 3
No of blocks in node 102 is 3
No of blocks in node 111 is 3
No of blocks in node 118 is 3
No of blocks in node 109 is 3
No of blocks in node 100 is 3
No of blocks in node 115 is 3
No of blocks in node 107 is 3
No of blocks in node 113 is 3
4000, 108, Created, block,99904,0
No of blocks in node 108 is 4
4000, 108, broadcasting, data, 99904
4000,104, received, block, 99904
4000,104, interrupted, block, 99904 
4000,116, received, block, 99904
4000,116, interrupted, block, 99904 
4001,102, received, block, 99904
4001,102, interrupted, block, 99904 
4001,115, received, block, 99904
4001,115, interrupted, block, 99904 
4001,109, received, block, 99904
4001,109, interrupted, block, 99904 
4001,112, received, block, 99904
4001,112, interrupted, block, 99904 
4002,113, received, block, 99904
4002,113, interrupted, block, 99904 
4003,117, received, block, 99904
4003,117, interrupted, block, 99904 
4003,111, received, block, 99904
4003,111, interrupted, block, 99904 
4004,105, received, block, 99904
4004,105, interrupted, block, 99904 
4004,110, received, block, 99904
4004,110, interrupted, block, 99904 
4005,103, received, block, 99904
4005,103, interrupted, block, 99904 
No of blocks in node 109 is 4
4007,106, received, block, 99904
4007,106, interrupted, block, 99904 
No of blocks in node 103 is 4
4008,101, received, block, 99904
4008,101, interrupted, block, 99904 
4008,114, received, block, 99904
4008,114, interrupted, block, 99904 
4009,100, received, block, 99904
4009,100, interrupted, block, 99904 
No of blocks in node 111 is 4
No of blocks in node 116 is 4
No of blocks in node 105 is 4
No of blocks in node 115 is 4
No of blocks in node 104 is 4
4024,107, received, block, 99904
4024,107, interrupted, block, 99904 
No of blocks in node 100 is 4
4026,118, received, block, 99904
4026,118, interrupted, block, 99904 
No of blocks in node 110 is 4
No of blocks in node 117 is 4
No of blocks in node 118 is 4
No of blocks in node 101 is 4
No of blocks in node 102 is 4
No of blocks in node 114 is 4
No of blocks in node 112 is 4
No of blocks in node 113 is 4
No of blocks in node 107 is 4
No of blocks in node 106 is 4
5000, 108, Created, block,99905,0
No of blocks in node 108 is 5
5000, 108, broadcasting, data, 99905
5001,114, received, block, 99905
5001,114, interrupted, block, 99905 
5001,115, received, block, 99905
5001,115, interrupted, block, 99905 
5001,116, received, block, 99905
5001,116, interrupted, block, 99905 
5003,117, received, block, 99905
5003,117, interrupted, block, 99905 
No of blocks in node 116 is 5
5003,107, received, block, 99905
5003,107, interrupted, block, 99905 
5003,102, received, block, 99905
5003,102, interrupted, block, 99905 
5005,103, received, block, 99905
5005,103, interrupted, block, 99905 
5006,100, received, block, 99905
5006,100, interrupted, block, 99905 
5006,111, received, block, 99905
5006,111, interrupted, block, 99905 
5006,104, received, block, 99905
5006,104, interrupted, block, 99905 
5006,112, received, block, 99905
5006,112, interrupted, block, 99905 
5009,118, received, block, 99905
5009,118, interrupted, block, 99905 
5010,101, received, block, 99905
5010,101, interrupted, block, 99905 
5011,113, received, block, 99905
5011,113, interrupted, block, 99905 
5011,109, received, block, 99905
5011,109, interrupted, block, 99905 
No of blocks in node 115 is 5
5013,110, received, block, 99905
5013,110, interrupted, block, 99905 
5016,105, received, block, 99905
5016,105, interrupted, block, 99905 
No of blocks in node 109 is 5
5017,106, received, block, 99905
5017,106, interrupted, block, 99905 
No of blocks in node 112 is 5
No of blocks in node 105 is 5
No of blocks in node 104 is 5
No of blocks in node 117 is 5
No of blocks in node 106 is 5
No of blocks in node 111 is 5
No of blocks in node 113 is 5
No of blocks in node 102 is 5
No of blocks in node 101 is 5
No of blocks in node 118 is 5
No of blocks in node 100 is 5
No of blocks in node 107 is 5
No of blocks in node 114 is 5
No of blocks in node 103 is 5
No of blocks in node 110 is 5
6000, 108, Created, block,99906,0
No of blocks in node 108 is 6
6000, 108, broadcasting, data, 99906
6001,105, received, block, 99906
6001,105, interrupted, block, 99906 
6001,116, received, block, 99906
6001,116, interrupted, block, 99906 
6001,112, received, block, 99906
6001,112, interrupted, block, 99906 
6002,106, received, block, 99906
6002,106, interrupted, block, 99906 
6003,117, received, block, 99906
6003,117, interrupted, block, 99906 
No of blocks in node 116 is 6
No of blocks in node 105 is 6
6005,103, received, block, 99906
6005,103, interrupted, block, 99906 
6005,118, received, block, 99906
6005,118, interrupted, block, 99906 
6005,110, received, block, 99906
6005,110, interrupted, block, 99906 
6006,109, received, block, 99906
6006,109, interrupted, block, 99906 
6006,102, received, block, 99906
6006,102, interrupted, block, 99906 
6008,101, received, block, 99906
6008,101, interrupted, block, 99906 
6009,115, received, block, 99906
6009,115, interrupted, block, 99906 
6010,100, received, block, 99906
6010,100, interrupted, block, 99906 
6011,104, received, block, 99906
6011,104, interrupted, block, 99906 
6011,111, received, block, 99906
6011,111, interrupted, block, 99906 
No of blocks in node 103 is 6
No of blocks in node 109 is 6
6014,107, received, block, 99906
6014,107, interrupted, block, 99906 
No of blocks in node 100 is 6
6015,114, received, block, 99906
6015,114, interrupted, block, 99906 
No of blocks in node 117 is 6
No of blocks in node 110 is 6
No of blocks in node 101 is 6
6029,113, received, block, 99906
6029,113, interrupted, block, 99906 
No of blocks in node 107 is 6
No of blocks in node 118 is 6
No of blocks in node 111 is 6
No of blocks in node 106 is 6
No of blocks in node 104 is 6
No of blocks in node 114 is 6
No of blocks in node 102 is 6
No of blocks in node 112 is 6
No of blocks in node 115 is 6
No of blocks in node 113 is 6
7000, 108, Created, block,99907,0
No of blocks in node 108 is 7
7000, 108, broadcasting, data, 99907
7000,103, received, block, 99907
7000,103, interrupted, block, 99907 
7000,114, received, block, 99907
7000,114, interrupted, block, 99907 
7001,112, received, block, 99907
7001,112, interrupted, block, 99907 
7004,101, received, block, 99907
7004,101, interrupted, block, 99907 
7005,102, received, block, 99907
7005,102, interrupted, block, 99907 
7005,116, received, block, 99907
7005,116, interrupted, block, 99907 
7005,104, received, block, 99907
7005,104, interrupted, block, 99907 
7006,107, received, block, 99907
7006,107, interrupted, block, 99907 
7007,106, received, block, 99907
7007,106, interrupted, block, 99907 
No of blocks in node 112 is 7
7007,110, received, block, 99907
7007,110, interrupted, block, 99907 
7008,111, received, block, 99907
7008,111, interrupted, block, 99907 
7009,117, received, block, 99907
7009,117, interrupted, block, 99907 
No of blocks in node 111 is 7
No of blocks in node 102 is 7
No of blocks in node 117 is 7
7012,100, received, block, 99907
7012,100, interrupted, block, 99907 
7015,118, received, block, 99907
7015,118, interrupted, block, 99907 
7016,105, received, block, 99907
7016,105, interrupted, block, 99907 
7016,115, received, block, 99907
7016,115, interrupted, block, 99907 
7016,113, received, block, 99907
7016,113, interrupted, block, 99907 
7019,109, received, block, 99907
7019,109, interrupted, block, 99907 
No of blocks in node 116 is 7
No of blocks in node 104 is 7
No of blocks in node 115 is 7
No of blocks in node 100 is 7
No of blocks in node 101 is 7
No of blocks in node 107 is 7
No of blocks in node 110 is 7
No of blocks in node 103 is 7
No of blocks in node 114 is 7
No of blocks in node 113 is 7
No of blocks in node 118 is 7
No of blocks in node 109 is 7
No of blocks in node 106 is 7
No of blocks in node 105 is 7
8000, 108, Created, block,99908,0
No of blocks in node 108 is 8
8000, 108, broadcasting, data, 99908
8001,102, received, block, 99908
8001,102, interrupted, block, 99908 
8001,104, received, block, 99908
8001,104, interrupted, block, 99908 
8001,112, received, block, 99908
8001,112, interrupted, block, 99908 
8001,114, received, block, 99908
8001,114, interrupted, block, 99908 
8001,115, received, block, 99908
8001,115, interrupted, block, 99908 
8001,116, received, block, 99908
8001,116, interrupted, block, 99908 
8002,105, received, block, 99908
8002,105, interrupted, block, 99908 
8002,109, received, block, 99908
8002,109, interrupted, block, 99908 
8003,117, received, block, 99908
8003,117, interrupted, block, 99908 
8005,113, received, block, 99908
8005,113, interrupted, block, 99908 
8005,101, received, block, 99908
8005,101, interrupted, block, 99908 
8006,107, received, block, 99908
8006,107, interrupted, block, 99908 
8006,111, received, block, 99908
8006,111, interrupted, block, 99908 
8007,106, received, block, 99908
8007,106, interrupted, block, 99908 
8007,110, received, block, 99908
8007,110, interrupted, block, 99908 
No of blocks in node 111 is 8
No of blocks in node 106 is 8
8012,103, received, block, 99908
8012,103, interrupted, block, 99908 
No of blocks in node 109 is 8
8014,118, received, block, 99908
8014,118, interrupted, block, 99908 
No of blocks in node 112 is 8
No of blocks in node 118 is 8
8017,100, received, block, 99908
8017,100, interrupted, block, 99908 
No of blocks in node 114 is 8
No of blocks in node 101 is 8
No of blocks in node 113 is 8
No of blocks in node 117 is 8
No of blocks in node 107 is 8
No of blocks in node 102 is 8
No of blocks in node 116 is 8
No of blocks in node 104 is 8
No of blocks in node 105 is 8
No of blocks in node 110 is 8
No of blocks in node 115 is 8
No of blocks in node 103 is 8
No of blocks in node 100 is 8
9000, 108, Created, block,99909,0
No of blocks in node 108 is 9
9000, 108, broadcasting, data, 99909
9001,104, received, block, 99909
9001,104, interrupted, block, 99909 
9001,112, received, block, 99909
9001,112, interrupted, block, 99909 
9001,114, received, block, 99909
9001,114, interrupted, block, 99909 
9002,110, received, block, 99909
9002,110, interrupted, block, 99909 
9002,103, received, block, 99909
9002,103, interrupted, block, 99909 
9003,117, received, block, 99909
9003,117, interrupted, block, 99909 
9005,107, received, block, 99909
9005,107, interrupted, block, 99909 
9005,102, received, block, 99909
9005,102, interrupted, block, 99909 
9005,118, received, block, 99909
9005,118, interrupted, block, 99909 
9006,109, received, block, 99909
9006,109, interrupted, block, 99909 
9008,101, received, block, 99909
9008,101, interrupted, block, 99909 
9008,100, received, block, 99909
9008,100, interrupted, block, 99909 
9008,111, received, block, 99909
9008,111, interrupted, block, 99909 
9010,106, received, block, 99909
9010,106, interrupted, block, 99909 
9012,113, received, block, 99909
9012,113, interrupted, block, 99909 
9013,105, received, block, 99909
9013,105, interrupted, block, 99909 
9013,115, received, block, 99909
9013,115, interrupted, block, 99909 
No of blocks in node 115 is 9
No of blocks in node 111 is 9
9016,116, received, block, 99909
9016,116, interrupted, block, 99909 
No of blocks in node 106 is 9
No of blocks in node 114 is 9
No of blocks in node 113 is 9
No of blocks in node 118 is 9
No of blocks in node 101 is 9
No of blocks in node 102 is 9
No of blocks in node 103 is 9
No of blocks in node 112 is 9
No of blocks in node 107 is 9
No of blocks in node 116 is 9
No of blocks in node 104 is 9
No of blocks in node 117 is 9
No of blocks in node 109 is 9
No of blocks in node 110 is 9
No of blocks in node 100 is 9
No of blocks in node 105 is 9
10000, 108, Created, block,99910,0
No of blocks in node 108 is 10
10000, 108, broadcasting, data, 99910
10000,102, received, block, 99910
10000,102, interrupted, block, 99910 
10000,118, received, block, 99910
10000,118, interrupted, block, 99910 
10001,112, received, block, 99910
10001,112, interrupted, block, 99910 
10001,114, received, block, 99910
10001,114, interrupted, block, 99910 
10001,115, received, block, 99910
10001,115, interrupted, block, 99910 
10003,117, received, block, 99910
10003,117, interrupted, block, 99910 
No of blocks in node 114 is 10
10004,105, received, block, 99910
10004,105, interrupted, block, 99910 
10004,104, received, block, 99910
10004,104, interrupted, block, 99910 
10005,106, received, block, 99910
10005,106, interrupted, block, 99910 
10005,116, received, block, 99910
10005,116, interrupted, block, 99910 
10006,109, received, block, 99910
10006,109, interrupted, block, 99910 
10007,110, received, block, 99910
10007,110, interrupted, block, 99910 
10009,101, received, block, 99910
10009,101, interrupted, block, 99910 
No of blocks in node 109 is 10
10011,100, received, block, 99910
10011,100, interrupted, block, 99910 
10012,111, received, block, 99910
10012,111, interrupted, block, 99910 
10013,107, received, block, 99910
10013,107, interrupted, block, 99910 
No of blocks in node 101 is 10
No of blocks in node 104 is 10
10018,113, received, block, 99910
10018,113, interrupted, block, 99910 
10019,103, received, block, 99910
10019,103, interrupted, block, 99910 
No of blocks in node 100 is 10
No of blocks in node 113 is 10
No of blocks in node 118 is 10
No of blocks in node 112 is 10
No of blocks in node 107 is 10
No of blocks in node 111 is 10
No of blocks in node 106 is 10
No of blocks in node 115 is 10
No of blocks in node 105 is 10
No of blocks in node 102 is 10
No of blocks in node 110 is 10
No of blocks in node 116 is 10
No of blocks in node 117 is 10
No of blocks in node 103 is 10
Simulation ended
