0,100, generated, node, -
0,101, generated, node, -
0,102, generated, node, -
0,103, generated, node, -
0,104, generated, node, -
0,105, generated, node, -
0,106, generated, node, -
0,107, generated, node, -
0,108, generated, node, -
0,109, generated, node, -
0,110, generated, node, -
0,111, generated, node, -
0,112, generated, node, -
0,113, generated, node, -
0,114, generated, node, -
0,115, generated, node, -
0,116, generated, node, -
0,117, generated, node, -
0,118, generated, node, -
1000, 116, Created, block,99901,0
No of blocks in node 116 is 1
1000, 116, broadcasting, data, 99901
1000,113, received, block, 99901
1000,113, interrupted, block, 99901 
1001,117, received, block, 99901
1001,117, interrupted, block, 99901 
1002,100, received, block, 99901
1002,100, interrupted, block, 99901 
1002,104, received, block, 99901
1002,104, interrupted, block, 99901 
1002,109, received, block, 99901
1002,109, interrupted, block, 99901 
1003,108, received, block, 99901
1003,108, interrupted, block, 99901 
1003,115, received, block, 99901
1003,115, interrupted, block, 99901 
1004,101, received, block, 99901
1004,101, interrupted, block, 99901 
1006,110, received, block, 99901
1006,110, interrupted, block, 99901 
1006,105, received, block, 99901
1006,105, interrupted, block, 99901 
1007,103, received, block, 99901
1007,103, interrupted, block, 99901 
1009,114, received, block, 99901
1009,114, interrupted, block, 99901 
1011,107, received, block, 99901
1011,107, interrupted, block, 99901 
1013,102, received, block, 99901
1013,102, interrupted, block, 99901 
1014,118, received, block, 99901
1014,118, interrupted, block, 99901 
No of blocks in node 105 is 1
1016,111, received, block, 99901
1016,111, interrupted, block, 99901 
No of blocks in node 100 is 1
No of blocks in node 107 is 1
No of blocks in node 109 is 1
1025,106, received, block, 99901
1025,106, interrupted, block, 99901 
No of blocks in node 102 is 1
No of blocks in node 101 is 1
No of blocks in node 115 is 1
No of blocks in node 110 is 1
No of blocks in node 118 is 1
No of blocks in node 103 is 1
No of blocks in node 117 is 1
No of blocks in node 114 is 1
No of blocks in node 113 is 1
No of blocks in node 104 is 1
No of blocks in node 108 is 1
No of blocks in node 111 is 1
No of blocks in node 106 is 1
2000, 116, Created, block,99902,0
No of blocks in node 116 is 2
2000, 116, broadcasting, data, 99902
2000,109, received, block, 99902
2000,109, interrupted, block, 99902 
2001,108, received, block, 99902
2001,108, interrupted, block, 99902 
2001,117, received, block, 99902
2001,117, interrupted, block, 99902 
2001,102, received, block, 99902
2001,102, interrupted, block, 99902 
2001,104, received, block, 99902
2001,104, interrupted, block, 99902 
2002,118, received, block, 99902
2002,118, interrupted, block, 99902 
2003,111, received, block, 99902
2003,111, interrupted, block, 99902 
2003,115, received, block, 99902
2003,115, interrupted, block, 99902 
2003,114, received, block, 99902
2003,114, interrupted, block, 99902 
2003,101, received, block, 99902
2003,101, interrupted, block, 99902 
No of blocks in node 117 is 2
No of blocks in node 101 is 2
2006,110, received, block, 99902
2006,110, interrupted, block, 99902 
No of blocks in node 111 is 2
2007,100, received, block, 99902
2007,100, interrupted, block, 99902 
2007,103, received, block, 99902
2007,103, interrupted, block, 99902 
2008,107, received, block, 99902
2008,107, interrupted, block, 99902 
2009,105, received, block, 99902
2009,105, interrupted, block, 99902 
2010,106, received, block, 99902
2010,106, interrupted, block, 99902 
No of blocks in node 103 is 2
No of blocks in node 102 is 2
No of blocks in node 107 is 2
2013,113, received, block, 99902
2013,113, interrupted, block, 99902 
No of blocks in node 115 is 2
No of blocks in node 110 is 2
No of blocks in node 104 is 2
No of blocks in node 118 is 2
No of blocks in node 106 is 2
No of blocks in node 108 is 2
No of blocks in node 105 is 2
No of blocks in node 109 is 2
No of blocks in node 113 is 2
No of blocks in node 100 is 2
No of blocks in node 114 is 2
3000, 116, Created, block,99903,0
No of blocks in node 116 is 3
3000, 116, broadcasting, data, 99903
3002,104, received, block, 99903
3002,104, interrupted, block, 99903 
3002,109, received, block, 99903
3002,109, interrupted, block, 99903 
3002,115, received, block, 99903
3002,115, interrupted, block, 99903 
3003,101, received, block, 99903
3003,101, interrupted, block, 99903 
3005,102, received, block, 99903
3005,102, interrupted, block, 99903 
3005,108, received, block, 99903
3005,108, interrupted, block, 99903 
3005,100, received, block, 99903
3005,100, interrupted, block, 99903 
3006,106, received, block, 99903
3006,106, interrupted, block, 99903 
3007,103, received, block, 99903
3007,103, interrupted, block, 99903 
3008,105, received, block, 99903
3008,105, interrupted, block, 99903 
No of blocks in node 106 is 3
3010,118, received, block, 99903
3010,118, interrupted, block, 99903 
3012,113, received, block, 99903
3012,113, interrupted, block, 99903 
3014,114, received, block, 99903
3014,114, interrupted, block, 99903 
3014,111, received, block, 99903
3014,111, interrupted, block, 99903 
3015,107, received, block, 99903
3015,107, interrupted, block, 99903 
No of blocks in node 114 is 3
No of blocks in node 118 is 3
No of blocks in node 108 is 3
3019,110, received, block, 99903
3019,110, interrupted, block, 99903 
No of blocks in node 115 is 3
3023,117, received, block, 99903
3023,117, interrupted, block, 99903 
No of blocks in node 100 is 3
No of blocks in node 101 is 3
No of blocks in node 105 is 3
No of blocks in node 109 is 3
No of blocks in node 103 is 3
No of blocks in node 104 is 3
No of blocks in node 102 is 3
No of blocks in node 107 is 3
No of blocks in node 113 is 3
No of blocks in node 111 is 3
No of blocks in node 117 is 3
No of blocks in node 110 is 3
4000, 116, Created, block,99904,0
No of blocks in node 116 is 4
4000, 116, broadcasting, data, 99904
4001,117, received, block, 99904
4001,117, interrupted, block, 99904 
4002,104, received, block, 99904
4002,104, interrupted, block, 99904 
4002,105, received, block, 99904
4002,105, interrupted, block, 99904 
4002,109, received, block, 99904
4002,109, interrupted, block, 99904 
4002,118, received, block, 99904
4002,118, interrupted, block, 99904 
4003,101, received, block, 99904
4003,101, interrupted, block, 99904 
4003,111, received, block, 99904
4003,111, interrupted, block, 99904 
4003,113, received, block, 99904
4003,113, interrupted, block, 99904 
4003,114, received, block, 99904
4003,114, interrupted, block, 99904 
4003,115, received, block, 99904
4003,115, interrupted, block, 99904 
4003,110, received, block, 99904
4003,110, interrupted, block, 99904 
4004,108, received, block, 99904
4004,108, interrupted, block, 99904 
4005,100, received, block, 99904
4005,100, interrupted, block, 99904 
4007,103, received, block, 99904
4007,103, interrupted, block, 99904 
No of blocks in node 117 is 4
4011,107, received, block, 99904
4011,107, interrupted, block, 99904 
No of blocks in node 100 is 4
No of blocks in node 113 is 4
No of blocks in node 103 is 4
No of blocks in node 110 is 4
4017,106, received, block, 99904
4017,106, interrupted, block, 99904 
4021,102, received, block, 99904
4021,102, interrupted, block, 99904 
No of blocks in node 108 is 4
No of blocks in node 115 is 4
No of blocks in node 111 is 4
No of blocks in node 109 is 4
No of blocks in node 102 is 4
No of blocks in node 114 is 4
No of blocks in node 118 is 4
No of blocks in node 106 is 4
No of blocks in node 105 is 4
No of blocks in node 107 is 4
No of blocks in node 104 is 4
No of blocks in node 101 is 4
5000, 116, Created, block,99905,0
No of blocks in node 116 is 5
5000, 116, broadcasting, data, 99905
5001,117, received, block, 99905
5001,117, interrupted, block, 99905 
5001,113, received, block, 99905
5001,113, interrupted, block, 99905 
5002,100, received, block, 99905
5002,100, interrupted, block, 99905 
5002,104, received, block, 99905
5002,104, interrupted, block, 99905 
5002,115, received, block, 99905
5002,115, interrupted, block, 99905 
5002,118, received, block, 99905
5002,118, interrupted, block, 99905 
5003,101, received, block, 99905
5003,101, interrupted, block, 99905 
5003,114, received, block, 99905
5003,114, interrupted, block, 99905 
5004,110, received, block, 99905
5004,110, interrupted, block, 99905 
5004,102, received, block, 99905
5004,102, interrupted, block, 99905 
5005,107, received, block, 99905
5005,107, interrupted, block, 99905 
5005,105, received, block, 99905
5005,105, interrupted, block, 99905 
5006,106, received, block, 99905
5006,106, interrupted, block, 99905 
No of blocks in node 101 is 5
5007,109, received, block, 99905
5007,109, interrupted, block, 99905 
5008,108, received, block, 99905
5008,108, interrupted, block, 99905 
No of blocks in node 106 is 5
5010,103, received, block, 99905
5010,103, interrupted, block, 99905 
5015,111, received, block, 99905
5015,111, interrupted, block, 99905 
No of blocks in node 108 is 5
No of blocks in node 117 is 5
No of blocks in node 103 is 5
No of blocks in node 118 is 5
No of blocks in node 110 is 5
No of blocks in node 114 is 5
No of blocks in node 115 is 5
No of blocks in node 100 is 5
No of blocks in node 107 is 5
No of blocks in node 102 is 5
No of blocks in node 104 is 5
No of blocks in node 113 is 5
No of blocks in node 109 is 5
No of blocks in node 111 is 5
No of blocks in node 105 is 5
6000, 116, Created, block,99906,0
No of blocks in node 116 is 6
6000, 116, broadcasting, data, 99906
6000,105, received, block, 99906
6000,105, interrupted, block, 99906 
6000,107, received, block, 99906
6000,107, interrupted, block, 99906 
6001,108, received, block, 99906
6001,108, interrupted, block, 99906 
6001,118, received, block, 99906
6001,118, interrupted, block, 99906 
6002,100, received, block, 99906
6002,100, interrupted, block, 99906 
6003,101, received, block, 99906
6003,101, interrupted, block, 99906 
6003,111, received, block, 99906
6003,111, interrupted, block, 99906 
6005,102, received, block, 99906
6005,102, interrupted, block, 99906 
6005,114, received, block, 99906
6005,114, interrupted, block, 99906 
6007,117, received, block, 99906
6007,117, interrupted, block, 99906 
6008,115, received, block, 99906
6008,115, interrupted, block, 99906 
6008,110, received, block, 99906
6008,110, interrupted, block, 99906 
6009,104, received, block, 99906
6009,104, interrupted, block, 99906 
6010,113, received, block, 99906
6010,113, interrupted, block, 99906 
6010,106, received, block, 99906
6010,106, interrupted, block, 99906 
6011,103, received, block, 99906
6011,103, interrupted, block, 99906 
No of blocks in node 104 is 6
No of blocks in node 100 is 6
6013,109, received, block, 99906
6013,109, interrupted, block, 99906 
No of blocks in node 102 is 6
No of blocks in node 118 is 6
No of blocks in node 114 is 6
No of blocks in node 105 is 6
No of blocks in node 109 is 6
No of blocks in node 103 is 6
No of blocks in node 107 is 6
No of blocks in node 111 is 6
No of blocks in node 101 is 6
No of blocks in node 117 is 6
No of blocks in node 108 is 6
No of blocks in node 113 is 6
No of blocks in node 106 is 6
No of blocks in node 115 is 6
No of blocks in node 110 is 6
7000, 116, Created, block,99907,0
No of blocks in node 116 is 7
7000, 116, broadcasting, data, 99907
7001,101, received, block, 99907
7001,101, interrupted, block, 99907 
7002,104, received, block, 99907
7002,104, interrupted, block, 99907 
7002,115, received, block, 99907
7002,115, interrupted, block, 99907 
7002,102, received, block, 99907
7002,102, interrupted, block, 99907 
7002,117, received, block, 99907
7002,117, interrupted, block, 99907 
7002,113, received, block, 99907
7002,113, interrupted, block, 99907 
7003,105, received, block, 99907
7003,105, interrupted, block, 99907 
7005,106, received, block, 99907
7005,106, interrupted, block, 99907 
7005,108, received, block, 99907
7005,108, interrupted, block, 99907 
7006,110, received, block, 99907
7006,110, interrupted, block, 99907 
7007,118, received, block, 99907
7007,118, interrupted, block, 99907 
No of blocks in node 115 is 7
7009,103, received, block, 99907
7009,103, interrupted, block, 99907 
7009,107, received, block, 99907
7009,107, interrupted, block, 99907 
No of blocks in node 104 is 7
7010,111, received, block, 99907
7010,111, interrupted, block, 99907 
7012,109, received, block, 99907
7012,109, interrupted, block, 99907 
7013,114, received, block, 99907
7013,114, interrupted, block, 99907 
7013,100, received, block, 99907
7013,100, interrupted, block, 99907 
No of blocks in node 117 is 7
No of blocks in node 109 is 7
No of blocks in node 110 is 7
No of blocks in node 111 is 7
No of blocks in node 102 is 7
No of blocks in node 108 is 7
No of blocks in node 105 is 7
No of blocks in node 103 is 7
No of blocks in node 113 is 7
No of blocks in node 101 is 7
No of blocks in node 114 is 7
No of blocks in node 100 is 7
No of blocks in node 118 is 7
No of blocks in node 106 is 7
No of blocks in node 107 is 7
8000, 116, Created, block,99908,0
No of blocks in node 116 is 8
8000, 116, broadcasting, data, 99908
8000,105, received, block, 99908
8000,105, interrupted, block, 99908 
8001,108, received, block, 99908
8001,108, interrupted, block, 99908 
8001,118, received, block, 99908
8001,118, interrupted, block, 99908 
8002,104, received, block, 99908
8002,104, interrupted, block, 99908 
8002,115, received, block, 99908
8002,115, interrupted, block, 99908 
8003,114, received, block, 99908
8003,114, interrupted, block, 99908 
8003,101, received, block, 99908
8003,101, interrupted, block, 99908 
8004,109, received, block, 99908
8004,109, interrupted, block, 99908 
8005,107, received, block, 99908
8005,107, interrupted, block, 99908 
8006,110, received, block, 99908
8006,110, interrupted, block, 99908 
No of blocks in node 104 is 8
8007,103, received, block, 99908
8007,103, interrupted, block, 99908 
8010,113, received, block, 99908
8010,113, interrupted, block, 99908 
8010,117, received, block, 99908
8010,117, interrupted, block, 99908 
8011,111, received, block, 99908
8011,111, interrupted, block, 99908 
8012,100, received, block, 99908
8012,100, interrupted, block, 99908 
8012,102, received, block, 99908
8012,102, interrupted, block, 99908 
8013,106, received, block, 99908
8013,106, interrupted, block, 99908 
No of blocks in node 118 is 8
No of blocks in node 100 is 8
No of blocks in node 113 is 8
No of blocks in node 106 is 8
No of blocks in node 108 is 8
No of blocks in node 115 is 8
No of blocks in node 110 is 8
No of blocks in node 105 is 8
No of blocks in node 114 is 8
No of blocks in node 103 is 8
No of blocks in node 109 is 8
No of blocks in node 107 is 8
No of blocks in node 111 is 8
No of blocks in node 101 is 8
No of blocks in node 117 is 8
No of blocks in node 102 is 8
9000, 116, Created, block,99909,0
No of blocks in node 116 is 9
9000, 116, broadcasting, data, 99909
9000,109, received, block, 99909
9000,109, interrupted, block, 99909 
9001,108, received, block, 99909
9001,108, interrupted, block, 99909 
9002,100, received, block, 99909
9002,100, interrupted, block, 99909 
9002,105, received, block, 99909
9002,105, interrupted, block, 99909 
9002,118, received, block, 99909
9002,118, interrupted, block, 99909 
9003,101, received, block, 99909
9003,101, interrupted, block, 99909 
9003,113, received, block, 99909
9003,113, interrupted, block, 99909 
9004,114, received, block, 99909
9004,114, interrupted, block, 99909 
9005,106, received, block, 99909
9005,106, interrupted, block, 99909 
9006,110, received, block, 99909
9006,110, interrupted, block, 99909 
9006,102, received, block, 99909
9006,102, interrupted, block, 99909 
9007,103, received, block, 99909
9007,103, interrupted, block, 99909 
9007,111, received, block, 99909
9007,111, interrupted, block, 99909 
9007,104, received, block, 99909
9007,104, interrupted, block, 99909 
9010,117, received, block, 99909
9010,117, interrupted, block, 99909 
No of blocks in node 111 is 9
9012,107, received, block, 99909
9012,107, interrupted, block, 99909 
No of blocks in node 108 is 9
No of blocks in node 103 is 9
No of blocks in node 113 is 9
No of blocks in node 106 is 9
9024,115, received, block, 99909
9024,115, interrupted, block, 99909 
No of blocks in node 104 is 9
No of blocks in node 100 is 9
No of blocks in node 115 is 9
No of blocks in node 101 is 9
No of blocks in node 114 is 9
No of blocks in node 102 is 9
No of blocks in node 105 is 9
No of blocks in node 117 is 9
No of blocks in node 107 is 9
No of blocks in node 109 is 9
No of blocks in node 118 is 9
No of blocks in node 110 is 9
10000, 116, Created, block,99910,0
No of blocks in node 116 is 10
10000, 116, broadcasting, data, 99910
10001,108, received, block, 99910
10001,108, interrupted, block, 99910 
10002,105, received, block, 99910
10002,105, interrupted, block, 99910 
10002,109, received, block, 99910
10002,109, interrupted, block, 99910 
10002,103, received, block, 99910
10002,103, interrupted, block, 99910 
10002,102, received, block, 99910
10002,102, interrupted, block, 99910 
10002,110, received, block, 99910
10002,110, interrupted, block, 99910 
10003,113, received, block, 99910
10003,113, interrupted, block, 99910 
No of blocks in node 108 is 10
10003,118, received, block, 99910
10003,118, interrupted, block, 99910 
10005,104, received, block, 99910
10005,104, interrupted, block, 99910 
10006,106, received, block, 99910
10006,106, interrupted, block, 99910 
10006,111, received, block, 99910
10006,111, interrupted, block, 99910 
No of blocks in node 110 is 10
10008,115, received, block, 99910
10008,115, interrupted, block, 99910 
10011,117, received, block, 99910
10011,117, interrupted, block, 99910 
No of blocks in node 109 is 10
10016,101, received, block, 99910
10016,101, interrupted, block, 99910 
10016,107, received, block, 99910
10016,107, interrupted, block, 99910 
No of blocks in node 111 is 10
10018,114, received, block, 99910
10018,114, interrupted, block, 99910 
10018,100, received, block, 99910
10018,100, interrupted, block, 99910 
No of blocks in node 106 is 10
No of blocks in node 113 is 10
No of blocks in node 102 is 10
No of blocks in node 105 is 10
No of blocks in node 107 is 10
No of blocks in node 114 is 10
No of blocks in node 103 is 10
No of blocks in node 104 is 10
No of blocks in node 100 is 10
No of blocks in node 118 is 10
No of blocks in node 117 is 10
No of blocks in node 115 is 10
No of blocks in node 101 is 10
Simulation ended
