0,100, generated, node, -
0,101, generated, node, -
0,102, generated, node, -
0,103, generated, node, -
0,104, generated, node, -
0,105, generated, node, -
0,106, generated, node, -
0,107, generated, node, -
0,108, generated, node, -
0,109, generated, node, -
0,110, generated, node, -
0,111, generated, node, -
0,112, generated, node, -
0,113, generated, node, -
0,114, generated, node, -
0,115, generated, node, -
0,116, generated, node, -
0,117, generated, node, -
0,118, generated, node, -
0, 100,Appended, Transaction, 2301
0, 100, broadcasting, data, 2301
0,102,received,transaction,2301 
0,106,received,transaction,2301 
1,110,received,transaction,2301 
1,101,received,transaction,2301 
2,109,received,transaction,2301 
2,112,received,transaction,2301 
2,115,received,transaction,2301 
2,116,received,transaction,2301 
2,111,received,transaction,2301 
3,103,received,transaction,2301 
6,104,received,transaction,2301 
6,114,received,transaction,2301 
8,108,received,transaction,2301 
9, 100,Appended, Transaction, 2302
9, 100, broadcasting, data, 2302
10,106,received,transaction,2302 
10,110,received,transaction,2302 
10,118,received,transaction,2302 
11,102,received,transaction,2302 
11,107,received,transaction,2301 
11,105,received,transaction,2302 
11,109,received,transaction,2302 
11,112,received,transaction,2302 
11,115,received,transaction,2302 
11,116,received,transaction,2302 
12,118,received,transaction,2301 
13,105,received,transaction,2301 
13,103,received,transaction,2302 
13,104,received,transaction,2302 
14,101,received,transaction,2302 
14,113,received,transaction,2302 
14,114,received,transaction,2302 
15,117,received,transaction,2301 
15,111,received,transaction,2302 
19, 100,Appended, Transaction, 2303
19, 100, broadcasting, data, 2303
20,103,received,transaction,2303 
20,118,received,transaction,2303 
21,117,received,transaction,2302 
21,115,received,transaction,2303 
22,113,received,transaction,2301 
24,107,received,transaction,2303 
24,102,received,transaction,2303 
25,111,received,transaction,2303 
26,112,received,transaction,2303 
26,104,received,transaction,2303 
26,109,received,transaction,2303 
26,116,received,transaction,2303 
28,108,received,transaction,2303 
29,110,received,transaction,2303 
29,106,received,transaction,2303 
29,101,received,transaction,2303 
29,105,received,transaction,2303 
29,113,received,transaction,2303 
30, 100,Appended, Transaction, 2304
30, 100, broadcasting, data, 2304
30,114,received,transaction,2304 
30,110,received,transaction,2304 
30,117,received,transaction,2304 
31,106,received,transaction,2304 
31,118,received,transaction,2304 
31,117,received,transaction,2303 
32,105,received,transaction,2304 
32,112,received,transaction,2304 
32,108,received,transaction,2304 
33,109,received,transaction,2304 
33,108,received,transaction,2302 
33,104,received,transaction,2304 
34,116,received,transaction,2304 
34,107,received,transaction,2302 
35,102,received,transaction,2304 
36,103,received,transaction,2304 
39,107,received,transaction,2304 
40,113,received,transaction,2304 
40, 100,Appended, Transaction, 2305
40, 100, broadcasting, data, 2305
41,106,received,transaction,2305 
41,110,received,transaction,2305 
41,114,received,transaction,2303 
41,112,received,transaction,2305 
42,115,received,transaction,2305 
42,116,received,transaction,2305 
42,103,received,transaction,2305 
43,115,received,transaction,2304 
44,104,received,transaction,2305 
45,101,received,transaction,2305 
45,113,received,transaction,2305 
45,102,received,transaction,2305 
45,108,received,transaction,2305 
46,114,received,transaction,2305 
46,101,received,transaction,2304 
47,111,received,transaction,2304 
49,118,received,transaction,2305 
49,109,received,transaction,2305 
50, 100,Appended, Transaction, 2306
50, 100, broadcasting, data, 2306
51,106,received,transaction,2306 
51,118,received,transaction,2306 
51,112,received,transaction,2306 
52,105,received,transaction,2306 
52,109,received,transaction,2306 
52,116,received,transaction,2306 
54,104,received,transaction,2306 
55,111,received,transaction,2305 
55,114,received,transaction,2306 
56,107,received,transaction,2305 
57,117,received,transaction,2305 
57,110,received,transaction,2306 
57,107,received,transaction,2306 
57,103,received,transaction,2306 
57,101,received,transaction,2306 
58,105,received,transaction,2305 
59,117,received,transaction,2306 
60, 100,Appended, Transaction, 2307
60, 100, broadcasting, data, 2307
61,118,received,transaction,2307 
61,105,received,transaction,2307 
62,110,received,transaction,2307 
63,111,received,transaction,2306 
64,104,received,transaction,2307 
64,114,received,transaction,2307 
65,108,received,transaction,2306 
65,111,received,transaction,2307 
65,116,received,transaction,2307 
66,109,received,transaction,2307 
66,106,received,transaction,2307 
66,115,received,transaction,2306 
68,102,received,transaction,2306 
68,112,received,transaction,2307 
68,113,received,transaction,2306 
69,117,received,transaction,2307 
70, 100,Appended, Transaction, 2308
70, 100, broadcasting, data, 2308
70,103,received,transaction,2308 
71,106,received,transaction,2308 
71,103,received,transaction,2307 
71,117,received,transaction,2308 
72,107,received,transaction,2307 
72,112,received,transaction,2308 
72,116,received,transaction,2308 
73,113,received,transaction,2308 
74,115,received,transaction,2307 
74,102,received,transaction,2307 
74,101,received,transaction,2308 
74,107,received,transaction,2308 
74,109,received,transaction,2308 
75,102,received,transaction,2308 
75,111,received,transaction,2308 
75,114,received,transaction,2308 
76,118,received,transaction,2308 
76,101,received,transaction,2307 
76,113,received,transaction,2307 
77,115,received,transaction,2308 
77,105,received,transaction,2308 
79,108,received,transaction,2308 
80, 100,Appended, Transaction, 2309
80, 100, broadcasting, data, 2309
80,104,received,transaction,2308 
80,118,received,transaction,2309 
81,106,received,transaction,2309 
82,101,received,transaction,2309 
82,112,received,transaction,2309 
82,116,received,transaction,2309 
83,110,received,transaction,2309 
83,107,received,transaction,2309 
83,105,received,transaction,2309 
84,104,received,transaction,2309 
85,115,received,transaction,2309 
85,102,received,transaction,2309 
85,113,received,transaction,2309 
86,108,received,transaction,2309 
86,110,received,transaction,2308 
87,109,received,transaction,2309 
88,108,received,transaction,2307 
90, 100,Appended, Transaction, 2310
90, 100, broadcasting, data, 2310
90,111,received,transaction,2310 
90,112,received,transaction,2310 
91,110,received,transaction,2310 
91,118,received,transaction,2310 
91,108,received,transaction,2310 
92,114,received,transaction,2309 
93,103,received,transaction,2310 
95,101,received,transaction,2310 
95,102,received,transaction,2310 
96,105,received,transaction,2310 
97,103,received,transaction,2309 
97,116,received,transaction,2310 
97,111,received,transaction,2309 
98,109,received,transaction,2310 
98,106,received,transaction,2310 
99,117,received,transaction,2310 
99,117,received,transaction,2309 
100,104,received,transaction,2310 
100,113,received,transaction,2310 
100, 100,Appended, Transaction, 2311
100, 100, broadcasting, data, 2311
100,109,received,transaction,2311 
101,110,received,transaction,2311 
102,116,received,transaction,2311 
102,105,received,transaction,2311 
103,115,received,transaction,2311 
103,107,received,transaction,2310 
103,112,received,transaction,2311 
105,101,received,transaction,2311 
105,111,received,transaction,2311 
105,106,received,transaction,2311 
105,114,received,transaction,2311 
106,115,received,transaction,2310 
107,104,received,transaction,2311 
107,102,received,transaction,2311 
108,114,received,transaction,2310 
109,117,received,transaction,2311 
110,108,received,transaction,2311 
110, 100,Appended, Transaction, 2312
110, 100, broadcasting, data, 2312
110,107,received,transaction,2311 
111,113,received,transaction,2312 
111,106,received,transaction,2312 
111,110,received,transaction,2312 
111,114,received,transaction,2312 
112,109,received,transaction,2312 
112,112,received,transaction,2312 
112,115,received,transaction,2312 
112,105,received,transaction,2312 
113,113,received,transaction,2311 
114,116,received,transaction,2312 
115,118,received,transaction,2312 
115,103,received,transaction,2311 
115,108,received,transaction,2312 
117,117,received,transaction,2312 
119,103,received,transaction,2312 
119,101,received,transaction,2312 
120, 100,Appended, Transaction, 2313
120, 100, broadcasting, data, 2313
120,113,received,transaction,2313 
121,118,received,transaction,2313 
121,110,received,transaction,2313 
121,106,received,transaction,2313 
122,107,received,transaction,2312 
123,118,received,transaction,2311 
123,103,received,transaction,2313 
124,116,received,transaction,2313 
125,101,received,transaction,2313 
125,102,received,transaction,2313 
125,111,received,transaction,2313 
125,114,received,transaction,2313 
125,112,received,transaction,2313 
126,104,received,transaction,2312 
130, 100,Appended, Transaction, 2314
130, 100, broadcasting, data, 2314
130,104,received,transaction,2314 
131,110,received,transaction,2314 
131,108,received,transaction,2313 
131,104,received,transaction,2313 
132,105,received,transaction,2314 
132,111,received,transaction,2312 
132,112,received,transaction,2314 
133,102,received,transaction,2312 
133,116,received,transaction,2314 
133,113,received,transaction,2314 
134,109,received,transaction,2314 
134,107,received,transaction,2313 
135,102,received,transaction,2314 
136,111,received,transaction,2314 
137,103,received,transaction,2314 
137,105,received,transaction,2313 
137,106,received,transaction,2314 
139,108,received,transaction,2314 
140,118,received,transaction,2314 
140,115,received,transaction,2314 
140, 100,Appended, Transaction, 2315
140, 100, broadcasting, data, 2315
140,115,received,transaction,2313 
140,114,received,transaction,2314 
141,106,received,transaction,2315 
141,110,received,transaction,2315 
141,118,received,transaction,2315 
141,117,received,transaction,2314 
142,117,received,transaction,2313 
142,109,received,transaction,2315 
142,112,received,transaction,2315 
142,116,received,transaction,2315 
143,108,received,transaction,2315 
143,103,received,transaction,2315 
145,101,received,transaction,2315 
145,113,received,transaction,2315 
146,101,received,transaction,2314 
146,115,received,transaction,2315 
148,107,received,transaction,2314 
148,109,received,transaction,2313 
149,107,received,transaction,2315 
150, 100,Appended, Transaction, 2316
150, 100, broadcasting, data, 2316
150,114,received,transaction,2315 
150,101,received,transaction,2316 
150,111,received,transaction,2315 
151,106,received,transaction,2316 
151,118,received,transaction,2316 
152,105,received,transaction,2315 
152,105,received,transaction,2316 
152,112,received,transaction,2316 
152,115,received,transaction,2316 
153,109,received,transaction,2316 
154,103,received,transaction,2316 
154,102,received,transaction,2315 
154,116,received,transaction,2316 
155,114,received,transaction,2316 
155,108,received,transaction,2316 
156,117,received,transaction,2315 
156,111,received,transaction,2316 
157,104,received,transaction,2315 
157,104,received,transaction,2316 
158,110,received,transaction,2316 
159,107,received,transaction,2316 
159,113,received,transaction,2316 
160, 100,Appended, Transaction, 2317
160, 100, broadcasting, data, 2317
161,110,received,transaction,2317 
162,109,received,transaction,2317 
162,116,received,transaction,2317 
163,103,received,transaction,2317 
163,102,received,transaction,2316 
163,106,received,transaction,2317 
165,102,received,transaction,2317 
165,114,received,transaction,2317 
166,107,received,transaction,2317 
166,108,received,transaction,2317 
167,101,received,transaction,2317 
167,118,received,transaction,2317 
169,117,received,transaction,2316 
170,113,received,transaction,2317 
170, 100,Appended, Transaction, 2318
170, 100, broadcasting, data, 2318
170,115,received,transaction,2317 
170,111,received,transaction,2317 
171,104,received,transaction,2318 
171,105,received,transaction,2318 
171,118,received,transaction,2318 
171,105,received,transaction,2317 
172,112,received,transaction,2318 
172,115,received,transaction,2318 
172,116,received,transaction,2318 
173,109,received,transaction,2318 
173,117,received,transaction,2318 
174,117,received,transaction,2317 
174,112,received,transaction,2317 
174,107,received,transaction,2318 
175,110,received,transaction,2318 
175,104,received,transaction,2317 
175,102,received,transaction,2318 
175,113,received,transaction,2318 
175,114,received,transaction,2318 
178,106,received,transaction,2318 
179,103,received,transaction,2318 
180, 100,Appended, Transaction, 2319
180, 100, broadcasting, data, 2319
181,106,received,transaction,2319 
182,109,received,transaction,2319 
182,112,received,transaction,2319 
182,116,received,transaction,2319 
183,115,received,transaction,2319 
184,118,received,transaction,2319 
184,101,received,transaction,2318 
186,102,received,transaction,2319 
187,114,received,transaction,2319 
187,105,received,transaction,2319 
188,110,received,transaction,2319 
188,111,received,transaction,2319 
189,103,received,transaction,2319 
189,108,received,transaction,2319 
190, 100,Appended, Transaction, 2320
190, 100, broadcasting, data, 2320
191,110,received,transaction,2320 
192,108,received,transaction,2320 
192,109,received,transaction,2320 
195,116,received,transaction,2320 
195,113,received,transaction,2320 
196,117,received,transaction,2319 
196,117,received,transaction,2320 
196,111,received,transaction,2318 
197,112,received,transaction,2320 
197,103,received,transaction,2320 
197,107,received,transaction,2319 
197,107,received,transaction,2320 
198,118,received,transaction,2320 
199,115,received,transaction,2320 
200, 100,Appended, Transaction, 2321
200, 100, broadcasting, data, 2321
200,105,received,transaction,2320 
200,104,received,transaction,2319 
201,101,received,transaction,2319 
201,101,received,transaction,2320 
202,111,received,transaction,2321 
202,105,received,transaction,2321 
202,109,received,transaction,2321 
202,116,received,transaction,2321 
202,108,received,transaction,2318 
204,113,received,transaction,2319 
204,106,received,transaction,2320 
204,104,received,transaction,2321 
204,111,received,transaction,2320 
205,102,received,transaction,2320 
205,106,received,transaction,2321 
205,101,received,transaction,2321 
205,114,received,transaction,2321 
205,118,received,transaction,2321 
206,103,received,transaction,2321 
206,112,received,transaction,2321 
206,102,received,transaction,2321 
208,104,received,transaction,2320 
210, 100,Appended, Transaction, 2322
210, 100, broadcasting, data, 2322
211,115,received,transaction,2321 
211,111,received,transaction,2322 
211,110,received,transaction,2321 
212,118,received,transaction,2322 
212,106,received,transaction,2322 
212,112,received,transaction,2322 
212,115,received,transaction,2322 
212,101,received,transaction,2322 
212,114,received,transaction,2320 
213,117,received,transaction,2321 
213,103,received,transaction,2322 
214,104,received,transaction,2322 
214,107,received,transaction,2321 
215,114,received,transaction,2322 
217,108,received,transaction,2321 
217,113,received,transaction,2321 
218,110,received,transaction,2322 
219,108,received,transaction,2322 
220, 100,Appended, Transaction, 2323
220, 100, broadcasting, data, 2323
221,106,received,transaction,2323 
221,115,received,transaction,2323 
221,111,received,transaction,2323 
222,105,received,transaction,2323 
222,116,received,transaction,2323 
222,109,received,transaction,2322 
223,113,received,transaction,2322 
223,109,received,transaction,2323 
224,104,received,transaction,2323 
225,107,received,transaction,2322 
225,102,received,transaction,2323 
225,114,received,transaction,2323 
225,107,received,transaction,2323 
225,116,received,transaction,2322 
226,102,received,transaction,2322 
226,117,received,transaction,2323 
227,117,received,transaction,2322 
227,118,received,transaction,2323 
228,112,received,transaction,2323 
228,101,received,transaction,2323 
228,103,received,transaction,2323 
229,105,received,transaction,2322 
229,108,received,transaction,2323 
230, 100,Appended, Transaction, 2324
230, 100, broadcasting, data, 2324
230,107,received,transaction,2324 
231,118,received,transaction,2324 
231,111,received,transaction,2324 
232,104,received,transaction,2324 
232,109,received,transaction,2324 
232,110,received,transaction,2323 
232,105,received,transaction,2324 
232,112,received,transaction,2324 
232,116,received,transaction,2324 
232,110,received,transaction,2324 
233,101,received,transaction,2324 
234,113,received,transaction,2323 
234,115,received,transaction,2324 
237,114,received,transaction,2324 
238,106,received,transaction,2324 
238,102,received,transaction,2324 
238,103,received,transaction,2324 
240, 100,Appended, Transaction, 2325
240, 100, broadcasting, data, 2325
241,110,received,transaction,2325 
244,113,received,transaction,2324 
245,109,received,transaction,2325 
245,102,received,transaction,2325 
245,113,received,transaction,2325 
245,107,received,transaction,2325 
246,114,received,transaction,2325 
246,108,received,transaction,2324 
247,118,received,transaction,2325 
247,112,received,transaction,2325 
249,105,received,transaction,2325 
249,108,received,transaction,2325 
250, 100,Appended, Transaction, 2326
250, 100, broadcasting, data, 2326
250,104,received,transaction,2325 
250,113,received,transaction,2326 
251,112,received,transaction,2326 
251,106,received,transaction,2326 
251,110,received,transaction,2326 
252,102,received,transaction,2326 
252,111,received,transaction,2326 
252,116,received,transaction,2326 
253,103,received,transaction,2326 
253,115,received,transaction,2325 
254,104,received,transaction,2326 
254,106,received,transaction,2325 
255,114,received,transaction,2326 
255,111,received,transaction,2325 
255,116,received,transaction,2325 
256,107,received,transaction,2326 
256,105,received,transaction,2326 
257,117,received,transaction,2324 
257,101,received,transaction,2326 
258,117,received,transaction,2326 
259,108,received,transaction,2326 
259,103,received,transaction,2325 
260, 100,Appended, Transaction, 2327
260, 100, broadcasting, data, 2327
260,106,received,transaction,2327 
261,103,received,transaction,2327 
261,110,received,transaction,2327 
261,118,received,transaction,2327 
261,101,received,transaction,2325 
261,105,received,transaction,2327 
262,109,received,transaction,2327 
263,113,received,transaction,2327 
263,116,received,transaction,2327 
263,111,received,transaction,2327 
264,104,received,transaction,2327 
264,109,received,transaction,2326 
265,101,received,transaction,2327 
266,117,received,transaction,2325 
266,117,received,transaction,2327 
267,112,received,transaction,2327 
267,118,received,transaction,2326 
267,115,received,transaction,2327 
268,107,received,transaction,2327 
268,115,received,transaction,2326 
270,102,received,transaction,2327 
270, 100,Appended, Transaction, 2328
270, 100, broadcasting, data, 2328
271,106,received,transaction,2328 
271,110,received,transaction,2328 
271,118,received,transaction,2328 
272,105,received,transaction,2328 
273,103,received,transaction,2328 
273,108,received,transaction,2328 
275,102,received,transaction,2328 
275,101,received,transaction,2328 
275,113,received,transaction,2328 
275,112,received,transaction,2328 
275,114,received,transaction,2327 
277,114,received,transaction,2328 
278,107,received,transaction,2328 
279,109,received,transaction,2328 
280, 100,Appended, Transaction, 2329
280, 100, broadcasting, data, 2329
280,117,received,transaction,2328 
281,108,received,transaction,2327 
281,106,received,transaction,2329 
281,118,received,transaction,2329 
281,115,received,transaction,2328 
282,112,received,transaction,2329 
282,116,received,transaction,2329 
283,111,received,transaction,2328 
283,103,received,transaction,2329 
283,116,received,transaction,2328 
284,104,received,transaction,2329 
284,113,received,transaction,2329 
285,102,received,transaction,2329 
285,111,received,transaction,2329 
285,104,received,transaction,2328 
287,108,received,transaction,2329 
287,115,received,transaction,2329 
287,114,received,transaction,2329 
288,107,received,transaction,2329 
290, 100,Appended, Transaction, 2330
290, 100, broadcasting, data, 2330
291,106,received,transaction,2330 
291,110,received,transaction,2330 
291,118,received,transaction,2330 
291,101,received,transaction,2329 
292,117,received,transaction,2330 
292,115,received,transaction,2330 
292,116,received,transaction,2330 
293,109,received,transaction,2329 
295,101,received,transaction,2330 
295,114,received,transaction,2330 
295,105,received,transaction,2330 
295,102,received,transaction,2330 
296,103,received,transaction,2330 
297,109,received,transaction,2330 
297,117,received,transaction,2329 
298,111,received,transaction,2330 
299,105,received,transaction,2329 
300, 100,Appended, Transaction, 2331
300, 100, broadcasting, data, 2331
301,113,received,transaction,2330 
302,109,received,transaction,2331 
302,115,received,transaction,2331 
302,116,received,transaction,2331 
302,110,received,transaction,2331 
302,113,received,transaction,2331 
302,107,received,transaction,2330 
303,114,received,transaction,2331 
303,112,received,transaction,2330 
303,103,received,transaction,2331 
304,107,received,transaction,2331 
304,111,received,transaction,2331 
304,104,received,transaction,2331 
306,112,received,transaction,2331 
307,101,received,transaction,2331 
308,118,received,transaction,2331 
309,108,received,transaction,2331 
309,105,received,transaction,2331 
309,110,received,transaction,2329 
310,117,received,transaction,2331 
310,106,received,transaction,2331 
310, 100,Appended, Transaction, 2332
310, 100, broadcasting, data, 2332
311,104,received,transaction,2330 
312,109,received,transaction,2332 
312,116,received,transaction,2332 
313,108,received,transaction,2330 
314,114,received,transaction,2332 
314,118,received,transaction,2332 
315,101,received,transaction,2332 
315,105,received,transaction,2332 
317,111,received,transaction,2332 
317,107,received,transaction,2332 
317,117,received,transaction,2332 
318,106,received,transaction,2332 
319,113,received,transaction,2332 
319,103,received,transaction,2332 
320,104,received,transaction,2332 
320, 100,Appended, Transaction, 2333
320, 100, broadcasting, data, 2333
320,113,received,transaction,2333 
320,102,received,transaction,2331 
321,106,received,transaction,2333 
321,110,received,transaction,2333 
321,104,received,transaction,2333 
321,105,received,transaction,2333 
321,115,received,transaction,2332 
322,112,received,transaction,2333 
322,115,received,transaction,2333 
323,103,received,transaction,2333 
325,112,received,transaction,2332 
325,116,received,transaction,2333 
325,101,received,transaction,2333 
325,102,received,transaction,2332 
325,108,received,transaction,2332 
326,102,received,transaction,2333 
326,110,received,transaction,2332 
328,107,received,transaction,2333 
329,108,received,transaction,2333 
330, 100,Appended, Transaction, 2334
330, 100, broadcasting, data, 2334
330,118,received,transaction,2334 
331,109,received,transaction,2333 
331,106,received,transaction,2334 
331,110,received,transaction,2334 
331,113,received,transaction,2334 
331,103,received,transaction,2334 
332,105,received,transaction,2334 
332,112,received,transaction,2334 
332,115,received,transaction,2334 
332,109,received,transaction,2334 
333,104,received,transaction,2334 
334,107,received,transaction,2334 
335,101,received,transaction,2334 
335,111,received,transaction,2334 
335,111,received,transaction,2333 
336,116,received,transaction,2334 
336,118,received,transaction,2333 
339,117,received,transaction,2334 
339,114,received,transaction,2333 
340, 100,Appended, Transaction, 2335
340, 100, broadcasting, data, 2335
340,114,received,transaction,2334 
341,110,received,transaction,2335 
341,118,received,transaction,2335 
341,102,received,transaction,2335 
341,106,received,transaction,2335 
342,102,received,transaction,2334 
342,112,received,transaction,2335 
342,115,received,transaction,2335 
343,103,received,transaction,2335 
344,108,received,transaction,2335 
344,109,received,transaction,2335 
345,101,received,transaction,2335 
345,111,received,transaction,2335 
345,113,received,transaction,2335 
345,116,received,transaction,2335 
345,117,received,transaction,2333 
347,107,received,transaction,2335 
348,114,received,transaction,2335 
349,108,received,transaction,2334 
350, 100,Appended, Transaction, 2336
350, 100, broadcasting, data, 2336
350,116,received,transaction,2336 
351,117,received,transaction,2335 
351,118,received,transaction,2336 
351,106,received,transaction,2336 
351,104,received,transaction,2335 
352,105,received,transaction,2336 
352,112,received,transaction,2336 
352,115,received,transaction,2336 
352,109,received,transaction,2336 
352,113,received,transaction,2336 
353,103,received,transaction,2336 
353,110,received,transaction,2336 
353,104,received,transaction,2336 
353,102,received,transaction,2336 
354,107,received,transaction,2336 
355,108,received,transaction,2336 
355,111,received,transaction,2336 
356,101,received,transaction,2336 
358,105,received,transaction,2335 
360, 100,Appended, Transaction, 2337
360, 100, broadcasting, data, 2337
361,110,received,transaction,2337 
361,117,received,transaction,2336 
362,109,received,transaction,2337 
362,105,received,transaction,2337 
362,112,received,transaction,2337 
362,111,received,transaction,2337 
364,114,received,transaction,2336 
364,115,received,transaction,2337 
364,104,received,transaction,2337 
365,102,received,transaction,2337 
366,108,received,transaction,2337 
367,106,received,transaction,2337 
368,116,received,transaction,2337 
369,113,received,transaction,2337 
370, 100,Appended, Transaction, 2338
370, 100, broadcasting, data, 2338
370,109,received,transaction,2338 
371,108,received,transaction,2338 
371,106,received,transaction,2338 
371,101,received,transaction,2338 
371,118,received,transaction,2337 
372,105,received,transaction,2338 
372,115,received,transaction,2338 
373,103,received,transaction,2338 
374,101,received,transaction,2337 
374,103,received,transaction,2337 
374,114,received,transaction,2337 
375,102,received,transaction,2338 
375,114,received,transaction,2338 
376,117,received,transaction,2337 
376,116,received,transaction,2338 
378,104,received,transaction,2338 
379,113,received,transaction,2338 
379,107,received,transaction,2338 
380, 100,Appended, Transaction, 2339
380, 100, broadcasting, data, 2339
380,108,received,transaction,2339 
380,110,received,transaction,2338 
380,107,received,transaction,2337 
382,115,received,transaction,2339 
382,116,received,transaction,2339 
382,118,received,transaction,2339 
382,118,received,transaction,2338 
383,112,received,transaction,2338 
383,103,received,transaction,2339 
383,110,received,transaction,2339 
385,101,received,transaction,2339 
385,111,received,transaction,2338 
385,113,received,transaction,2339 
385,111,received,transaction,2339 
385,114,received,transaction,2339 
387,107,received,transaction,2339 
387,117,received,transaction,2338 
388,105,received,transaction,2339 
389,117,received,transaction,2339 
390, 100,Appended, Transaction, 2340
390, 100, broadcasting, data, 2340
391,113,received,transaction,2340 
391,102,received,transaction,2339 
391,106,received,transaction,2340 
391,118,received,transaction,2340 
392,105,received,transaction,2340 
392,109,received,transaction,2340 
392,115,received,transaction,2340 
393,109,received,transaction,2339 
394,106,received,transaction,2339 
394,104,received,transaction,2340 
395,102,received,transaction,2340 
395,114,received,transaction,2340 
397,112,received,transaction,2339 
397,104,received,transaction,2339 
397,103,received,transaction,2340 
397,110,received,transaction,2340 
400, 100,Appended, Transaction, 2341
400, 100, broadcasting, data, 2341
401,111,received,transaction,2340 
401,107,received,transaction,2340 
402,118,received,transaction,2341 
402,110,received,transaction,2341 
402,104,received,transaction,2341 
402,112,received,transaction,2341 
402,115,received,transaction,2341 
402,116,received,transaction,2341 
402,116,received,transaction,2340 
403,117,received,transaction,2341 
403,105,received,transaction,2341 
404,112,received,transaction,2340 
405,113,received,transaction,2341 
405,111,received,transaction,2341 
406,101,received,transaction,2341 
406,117,received,transaction,2340 
407,101,received,transaction,2340 
407,108,received,transaction,2340 
407,109,received,transaction,2341 
408,107,received,transaction,2341 
410, 100,Appended, Transaction, 2342
410, 100, broadcasting, data, 2342
411,106,received,transaction,2341 
411,106,received,transaction,2342 
411,110,received,transaction,2342 
411,118,received,transaction,2342 
411,102,received,transaction,2341 
412,112,received,transaction,2342 
412,115,received,transaction,2342 
412,116,received,transaction,2342 
412,109,received,transaction,2342 
413,103,received,transaction,2342 
414,111,received,transaction,2342 
414,104,received,transaction,2342 
415,113,received,transaction,2342 
416,114,received,transaction,2341 
416,108,received,transaction,2341 
417,114,received,transaction,2342 
417,103,received,transaction,2341 
419,105,received,transaction,2342 
419,117,received,transaction,2342 
419,101,received,transaction,2342 
420, 100,Appended, Transaction, 2343
420, 100, broadcasting, data, 2343
421,107,received,transaction,2342 
421,105,received,transaction,2343 
421,106,received,transaction,2343 
421,110,received,transaction,2343 
421,118,received,transaction,2343 
422,116,received,transaction,2343 
423,103,received,transaction,2343 
425,112,received,transaction,2343 
425,111,received,transaction,2343 
425,113,received,transaction,2343 
426,104,received,transaction,2343 
426,115,received,transaction,2343 
428,108,received,transaction,2343 
428,107,received,transaction,2343 
430,102,received,transaction,2342 
431, 100,Appended, Transaction, 2344
431, 100, broadcasting, data, 2344
432,106,received,transaction,2344 
433,105,received,transaction,2344 
433,115,received,transaction,2344 
433,103,received,transaction,2344 
434,117,received,transaction,2343 
436,111,received,transaction,2344 
436,114,received,transaction,2344 
436,110,received,transaction,2344 
436,113,received,transaction,2344 
436,117,received,transaction,2344 
437,108,received,transaction,2342 
439,112,received,transaction,2344 
440,102,received,transaction,2344 
441, 100,Appended, Transaction, 2345
441, 100, broadcasting, data, 2345
441,102,received,transaction,2345 
442,108,received,transaction,2344 
442,106,received,transaction,2345 
442,110,received,transaction,2345 
442,109,received,transaction,2344 
442,114,received,transaction,2343 
443,116,received,transaction,2344 
443,101,received,transaction,2343 
443,105,received,transaction,2345 
443,109,received,transaction,2345 
443,112,received,transaction,2345 
443,115,received,transaction,2345 
444,109,received,transaction,2343 
446,111,received,transaction,2345 
446,103,received,transaction,2345 
447,107,received,transaction,2344 
447,118,received,transaction,2345 
447,108,received,transaction,2345 
448,102,received,transaction,2343 
448,101,received,transaction,2344 
450,117,received,transaction,2345 
450,104,received,transaction,2344 
450,114,received,transaction,2345 
451,118,received,transaction,2344 
451, 100,Appended, Transaction, 2346
451, 100, broadcasting, data, 2346
452,113,received,transaction,2345 
452,106,received,transaction,2346 
452,103,received,transaction,2346 
453,109,received,transaction,2346 
453,116,received,transaction,2346 
453,107,received,transaction,2345 
453,116,received,transaction,2345 
453,105,received,transaction,2346 
455,117,received,transaction,2346 
455,101,received,transaction,2345 
456,104,received,transaction,2345 
456,102,received,transaction,2346 
456,113,received,transaction,2346 
456,114,received,transaction,2346 
456,110,received,transaction,2346 
457,118,received,transaction,2346 
460,112,received,transaction,2346 
460,104,received,transaction,2346 
461,115,received,transaction,2346 
461, 100,Appended, Transaction, 2347
461, 100, broadcasting, data, 2347
461,104,received,transaction,2347 
462,118,received,transaction,2347 
462,110,received,transaction,2347 
462,115,received,transaction,2347 
463,109,received,transaction,2347 
464,103,received,transaction,2347 
465,106,received,transaction,2347 
466,101,received,transaction,2346 
466,102,received,transaction,2347 
466,114,received,transaction,2347 
467,111,received,transaction,2347 
467,111,received,transaction,2346 
467,107,received,transaction,2346 
468,105,received,transaction,2347 
470,108,received,transaction,2347 
470,108,received,transaction,2346 
471, 100,Appended, Transaction, 2348
471, 100, broadcasting, data, 2348
471,101,received,transaction,2347 
471,115,received,transaction,2348 
472,106,received,transaction,2348 
472,112,received,transaction,2347 
472,110,received,transaction,2348 
472,116,received,transaction,2347 
473,116,received,transaction,2348 
473,105,received,transaction,2348 
473,112,received,transaction,2348 
474,109,received,transaction,2348 
474,117,received,transaction,2347 
474,113,received,transaction,2348 
474,113,received,transaction,2347 
475,114,received,transaction,2348 
475,103,received,transaction,2348 
475,111,received,transaction,2348 
476,104,received,transaction,2348 
478,118,received,transaction,2348 
478,107,received,transaction,2347 
480,117,received,transaction,2348 
481, 100,Appended, Transaction, 2349
481, 100, broadcasting, data, 2349
482,108,received,transaction,2348 
482,110,received,transaction,2349 
482,118,received,transaction,2349 
483,105,received,transaction,2349 
483,109,received,transaction,2349 
483,112,received,transaction,2349 
483,115,received,transaction,2349 
484,101,received,transaction,2348 
484,107,received,transaction,2348 
484,103,received,transaction,2349 
484,116,received,transaction,2349 
485,102,received,transaction,2348 
486,102,received,transaction,2349 
486,111,received,transaction,2349 
486,114,received,transaction,2349 
488,104,received,transaction,2349 
489,107,received,transaction,2349 
489,108,received,transaction,2349 
490,117,received,transaction,2349 
491, 100,Appended, Transaction, 2350
491, 100, broadcasting, data, 2350
491,105,received,transaction,2350 
491,107,received,transaction,2350 
492,115,received,transaction,2350 
492,113,received,transaction,2349 
493,116,received,transaction,2350 
493,101,received,transaction,2350 
493,114,received,transaction,2350 
494,103,received,transaction,2350 
495,106,received,transaction,2350 
496,111,received,transaction,2350 
498,102,received,transaction,2350 
498,113,received,transaction,2350 
499,112,received,transaction,2350 
499,110,received,transaction,2350 
Simulation ended
