0,100, generated, node, -
0,101, generated, node, -
0,102, generated, node, -
0,103, generated, node, -
0,104, generated, node, -
0,105, generated, node, -
0,106, generated, node, -
0,107, generated, node, -
0,108, generated, node, -
0,109, generated, node, -
0,110, generated, node, -
0,111, generated, node, -
0,112, generated, node, -
0,113, generated, node, -
0,114, generated, node, -
0,115, generated, node, -
0,116, generated, node, -
0,117, generated, node, -
0,118, generated, node, -
0, 110,Appended, Transaction, 2301
0, 110, broadcasting, data, 2301
0,103,received,transaction,2301 
1,104,received,transaction,2301 
1,102,received,transaction,2301 
2,101,received,transaction,2301 
2,111,received,transaction,2301 
2,114,received,transaction,2301 
2,116,received,transaction,2301 
2,106,received,transaction,2301 
3,113,received,transaction,2301 
3,109,received,transaction,2301 
4,112,received,transaction,2301 
4,105,received,transaction,2301 
8,100,received,transaction,2301 
8,107,received,transaction,2301 
9,118,received,transaction,2301 
9, 104,Appended, Transaction, 2302
9, 104, broadcasting, data, 2302
10,115,received,transaction,2301 
10,118,received,transaction,2302 
10,106,received,transaction,2302 
10,108,received,transaction,2302 
10,110,received,transaction,2302 
11,107,received,transaction,2302 
11,105,received,transaction,2302 
11,112,received,transaction,2302 
11,115,received,transaction,2302 
11,116,received,transaction,2302 
12,114,received,transaction,2302 
13,100,received,transaction,2302 
15,102,received,transaction,2302 
17,109,received,transaction,2302 
18,117,received,transaction,2301 
18,103,received,transaction,2302 
19,111,received,transaction,2302 
20, 106,Appended, Transaction, 2303
20, 106, broadcasting, data, 2303
21,100,received,transaction,2303 
21,118,received,transaction,2303 
21,104,received,transaction,2303 
21,102,received,transaction,2303 
22,105,received,transaction,2303 
22,101,received,transaction,2303 
22,113,received,transaction,2303 
23,111,received,transaction,2303 
23,108,received,transaction,2301 
23,117,received,transaction,2302 
24,107,received,transaction,2303 
24,114,received,transaction,2303 
25,110,received,transaction,2303 
27,108,received,transaction,2303 
27,116,received,transaction,2303 
30, 118,Appended, Transaction, 2304
30, 118, broadcasting, data, 2304
31,103,received,transaction,2303 
32,105,received,transaction,2304 
32,112,received,transaction,2304 
32,115,received,transaction,2304 
32,116,received,transaction,2304 
32,101,received,transaction,2304 
33,103,received,transaction,2304 
33,106,received,transaction,2304 
33,109,received,transaction,2303 
33,104,received,transaction,2304 
34,112,received,transaction,2303 
35,102,received,transaction,2304 
35,111,received,transaction,2304 
35,113,received,transaction,2304 
36,110,received,transaction,2304 
37,117,received,transaction,2303 
37,101,received,transaction,2302 
39,108,received,transaction,2304 
39, 107,Appended, Transaction, 2305
39, 107, broadcasting, data, 2305
40,109,received,transaction,2304 
40,112,received,transaction,2305 
40,114,received,transaction,2304 
40,118,received,transaction,2305 
40,117,received,transaction,2304 
41,115,received,transaction,2303 
41,101,received,transaction,2305 
41,113,received,transaction,2302 
42,102,received,transaction,2305 
42,114,received,transaction,2305 
43,110,received,transaction,2305 
45,108,received,transaction,2305 
46,107,received,transaction,2304 
46,100,received,transaction,2304 
46,117,received,transaction,2305 
47,103,received,transaction,2305 
47,111,received,transaction,2305 
47,100,received,transaction,2305 
49, 106,Appended, Transaction, 2306
49, 106, broadcasting, data, 2306
49,105,received,transaction,2305 
