0,100, generated, node, -
0,101, generated, node, -
0,102, generated, node, -
0,103, generated, node, -
0,104, generated, node, -
0,105, generated, node, -
0,106, generated, node, -
0,107, generated, node, -
0,108, generated, node, -
0,109, generated, node, -
0,110, generated, node, -
0,111, generated, node, -
0,112, generated, node, -
0,113, generated, node, -
0,114, generated, node, -
0,115, generated, node, -
0,116, generated, node, -
0,117, generated, node, -
0,118, generated, node, -
0, 100,Appended, Transaction, 2301
0, 100, broadcasting, data, 2301
0,110,received,transaction,2301 
1,118,received,transaction,2301 
2,105,received,transaction,2301 
2,109,received,transaction,2301 
2,115,received,transaction,2301 
2,116,received,transaction,2301 
4,104,received,transaction,2301 
4,117,received,transaction,2301 
4,102,received,transaction,2301 
5,111,received,transaction,2301 
7,103,received,transaction,2301 
9,114,received,transaction,2301 
9,112,received,transaction,2301 
10, 100,Appended, Transaction, 2302
10, 100, broadcasting, data, 2302
10,107,received,transaction,2301 
11,118,received,transaction,2302 
11,106,received,transaction,2301 
11,113,received,transaction,2301 
12,112,received,transaction,2302 
12,108,received,transaction,2302 
13,116,received,transaction,2302 
13,108,received,transaction,2301 
14,101,received,transaction,2301 
15,101,received,transaction,2302 
15,113,received,transaction,2302 
15,104,received,transaction,2302 
16,105,received,transaction,2302 
16,103,received,transaction,2302 
18,115,received,transaction,2302 
18,107,received,transaction,2302 
19,110,received,transaction,2302 
19, 100,Appended, Transaction, 2303
19, 100, broadcasting, data, 2303
20,118,received,transaction,2303 
20,102,received,transaction,2302 
21,112,received,transaction,2303 
22,103,received,transaction,2303 
23,116,received,transaction,2303 
24,109,received,transaction,2302 
24,108,received,transaction,2303 
24,102,received,transaction,2303 
25,113,received,transaction,2303 
25,106,received,transaction,2302 
27,117,received,transaction,2302 
27,110,received,transaction,2303 
28,115,received,transaction,2303 
28,109,received,transaction,2303 
29,117,received,transaction,2303 
29,104,received,transaction,2303 
29, 100,Appended, Transaction, 2304
29, 100, broadcasting, data, 2304
30,103,received,transaction,2304 
30,107,received,transaction,2304 
30,106,received,transaction,2304 
30,110,received,transaction,2304 
30,118,received,transaction,2304 
31,105,received,transaction,2303 
31,111,received,transaction,2303 
31,115,received,transaction,2304 
31,116,received,transaction,2304 
32,114,received,transaction,2303 
32,101,received,transaction,2303 
32,106,received,transaction,2303 
34,111,received,transaction,2302 
34,101,received,transaction,2304 
34,113,received,transaction,2304 
36,107,received,transaction,2303 
37,109,received,transaction,2304 
37,112,received,transaction,2304 
38,102,received,transaction,2304 
40, 100,Appended, Transaction, 2305
40, 100, broadcasting, data, 2305
40,116,received,transaction,2305 
40,108,received,transaction,2304 
41,118,received,transaction,2305 
41,114,received,transaction,2302 
42,109,received,transaction,2305 
42,112,received,transaction,2305 
42,115,received,transaction,2305 
42,105,received,transaction,2304 
43,110,received,transaction,2305 
43,114,received,transaction,2304 
43,103,received,transaction,2305 
44,117,received,transaction,2304 
44,113,received,transaction,2305 
45,105,received,transaction,2305 
48,106,received,transaction,2305 
48,102,received,transaction,2305 
49,101,received,transaction,2305 
50, 100,Appended, Transaction, 2306
50, 100, broadcasting, data, 2306
51,118,received,transaction,2306 
52,112,received,transaction,2306 
52,115,received,transaction,2306 
52,108,received,transaction,2305 
52,103,received,transaction,2306 
54,104,received,transaction,2305 
55,102,received,transaction,2306 
55,111,received,transaction,2306 
55,114,received,transaction,2306 
56,111,received,transaction,2304 
59,117,received,transaction,2306 
59,101,received,transaction,2306 
60, 100,Appended, Transaction, 2307
60, 100, broadcasting, data, 2307
60,113,received,transaction,2306 
60,114,received,transaction,2307 
60,104,received,transaction,2304 
60,112,received,transaction,2307 
60,114,received,transaction,2305 
61,110,received,transaction,2307 
61,109,received,transaction,2306 
61,117,received,transaction,2305 
62,108,received,transaction,2306 
62,105,received,transaction,2307 
62,109,received,transaction,2307 
62,115,received,transaction,2307 
62,105,received,transaction,2306 
62,111,received,transaction,2307 
62,111,received,transaction,2305 
63,110,received,transaction,2306 
63,116,received,transaction,2306 
64,104,received,transaction,2307 
64,118,received,transaction,2307 
64,106,received,transaction,2306 
65,106,received,transaction,2307 
65,104,received,transaction,2306 
66,116,received,transaction,2307 
67,102,received,transaction,2307 
68,101,received,transaction,2307 
68,113,received,transaction,2307 
69,108,received,transaction,2307 
69,107,received,transaction,2306 
69,107,received,transaction,2305 
70, 100,Appended, Transaction, 2308
70, 100, broadcasting, data, 2308
71,118,received,transaction,2308 
72,115,received,transaction,2308 
72,116,received,transaction,2308 
72,103,received,transaction,2307 
73,103,received,transaction,2308 
73,107,received,transaction,2308 
73,111,received,transaction,2308 
74,104,received,transaction,2308 
74,109,received,transaction,2308 
75,101,received,transaction,2308 
75,112,received,transaction,2308 
75,107,received,transaction,2307 
76,110,received,transaction,2308 
78,114,received,transaction,2308 
79,108,received,transaction,2308 
79,117,received,transaction,2308 
80, 100,Appended, Transaction, 2309
80, 100, broadcasting, data, 2309
80,106,received,transaction,2308 
81,110,received,transaction,2309 
81,118,received,transaction,2309 
81,117,received,transaction,2307 
81,106,received,transaction,2309 
81,113,received,transaction,2308 
82,105,received,transaction,2309 
82,109,received,transaction,2309 
82,116,received,transaction,2309 
82,105,received,transaction,2308 
82,108,received,transaction,2309 
87,102,received,transaction,2308 
88,112,received,transaction,2309 
88,113,received,transaction,2309 
89,104,received,transaction,2309 
89, 100,Appended, Transaction, 2310
89, 100, broadcasting, data, 2310
90,106,received,transaction,2310 
91,117,received,transaction,2310 
91,109,received,transaction,2310 
91,112,received,transaction,2310 
91,116,received,transaction,2310 
92,103,received,transaction,2309 
92,102,received,transaction,2310 
92,107,received,transaction,2310 
92,102,received,transaction,2309 
92,103,received,transaction,2310 
93,104,received,transaction,2310 
94,101,received,transaction,2309 
94,115,received,transaction,2309 
94,101,received,transaction,2310 
94,111,received,transaction,2310 
94,113,received,transaction,2310 
95,107,received,transaction,2309 
96,110,received,transaction,2310 
98,111,received,transaction,2309 
98,114,received,transaction,2309 
99,118,received,transaction,2310 
100, 100,Appended, Transaction, 2311
100, 100, broadcasting, data, 2311
101,103,received,transaction,2311 
101,105,received,transaction,2310 
102,105,received,transaction,2311 
102,109,received,transaction,2311 
102,115,received,transaction,2311 
102,102,received,transaction,2311 
103,118,received,transaction,2311 
103,117,received,transaction,2309 
103,115,received,transaction,2310 
104,104,received,transaction,2311 
104,114,received,transaction,2310 
104,106,received,transaction,2311 
105,101,received,transaction,2311 
105,111,received,transaction,2311 
105,114,received,transaction,2311 
105,110,received,transaction,2311 
106,117,received,transaction,2311 
106,112,received,transaction,2311 
106,113,received,transaction,2311 
108,107,received,transaction,2311 
109, 100,Appended, Transaction, 2312
109, 100, broadcasting, data, 2312
110,106,received,transaction,2312 
111,110,received,transaction,2312 
111,116,received,transaction,2311 
111,105,received,transaction,2312 
111,109,received,transaction,2312 
111,112,received,transaction,2312 
111,115,received,transaction,2312 
114,114,received,transaction,2312 
115,111,received,transaction,2312 
115,107,received,transaction,2312 
117,108,received,transaction,2312 
118,116,received,transaction,2312 
118,101,received,transaction,2312 
118,108,received,transaction,2310 
119,102,received,transaction,2312 
119,108,received,transaction,2311 
119, 100,Appended, Transaction, 2313
119, 100, broadcasting, data, 2313
120,106,received,transaction,2313 
121,118,received,transaction,2312 
121,104,received,transaction,2312 
121,105,received,transaction,2313 
121,109,received,transaction,2313 
121,115,received,transaction,2313 
122,101,received,transaction,2313 
122,117,received,transaction,2313 
122,102,received,transaction,2313 
123,103,received,transaction,2313 
123,113,received,transaction,2312 
123,104,received,transaction,2313 
124,110,received,transaction,2313 
125,108,received,transaction,2313 
125,111,received,transaction,2313 
125,116,received,transaction,2313 
127,113,received,transaction,2313 
127,107,received,transaction,2313 
128,114,received,transaction,2313 
128,117,received,transaction,2312 
129, 100,Appended, Transaction, 2314
129, 100, broadcasting, data, 2314
130,103,received,transaction,2312 
130,109,received,transaction,2314 
130,106,received,transaction,2314 
130,118,received,transaction,2313 
131,111,received,transaction,2314 
131,112,received,transaction,2314 
132,114,received,transaction,2314 
132,105,received,transaction,2314 
133,104,received,transaction,2314 
134,102,received,transaction,2314 
135,117,received,transaction,2314 
136,112,received,transaction,2313 
138,115,received,transaction,2314 
139, 100,Appended, Transaction, 2315
139, 100, broadcasting, data, 2315
140,106,received,transaction,2315 
141,105,received,transaction,2315 
141,109,received,transaction,2315 
141,112,received,transaction,2315 
141,115,received,transaction,2315 
141,108,received,transaction,2315 
141,101,received,transaction,2314 
142,116,received,transaction,2315 
142,108,received,transaction,2314 
143,116,received,transaction,2314 
143,104,received,transaction,2315 
143,103,received,transaction,2314 
145,110,received,transaction,2315 
147,114,received,transaction,2315 
147,118,received,transaction,2314 
147,101,received,transaction,2315 
147,107,received,transaction,2315 
148,103,received,transaction,2315 
148,117,received,transaction,2315 
148,111,received,transaction,2315 
149,102,received,transaction,2315 
149, 100,Appended, Transaction, 2316
149, 100, broadcasting, data, 2316
149,115,received,transaction,2316 
150,118,received,transaction,2316 
151,116,received,transaction,2316 
151,113,received,transaction,2315 
152,105,received,transaction,2316 
152,113,received,transaction,2314 
152,110,received,transaction,2316 
153,103,received,transaction,2316 
154,104,received,transaction,2316 
154,110,received,transaction,2314 
154,101,received,transaction,2316 
154,102,received,transaction,2316 
154,111,received,transaction,2316 
154,113,received,transaction,2316 
154,114,received,transaction,2316 
155,106,received,transaction,2316 
157,107,received,transaction,2316 
159, 100,Appended, Transaction, 2317
159, 100, broadcasting, data, 2317
159,109,received,transaction,2317 
159,107,received,transaction,2317 
160,112,received,transaction,2316 
160,108,received,transaction,2316 
160,107,received,transaction,2314 
160,106,received,transaction,2317 
160,110,received,transaction,2317 
160,118,received,transaction,2317 
160,109,received,transaction,2316 
161,112,received,transaction,2317 
162,103,received,transaction,2317 
163,104,received,transaction,2317 
164,118,received,transaction,2315 
164,111,received,transaction,2317 
164,114,received,transaction,2317 
166,117,received,transaction,2317 
166,105,received,transaction,2317 
166,117,received,transaction,2316 
167,101,received,transaction,2317 
167,116,received,transaction,2317 
169,102,received,transaction,2317 
169, 100,Appended, Transaction, 2318
169, 100, broadcasting, data, 2318
170,118,received,transaction,2318 
170,106,received,transaction,2318 
171,115,received,transaction,2318 
171,112,received,transaction,2318 
172,101,received,transaction,2318 
174,104,received,transaction,2318 
174,102,received,transaction,2318 
174,111,received,transaction,2318 
174,113,received,transaction,2318 
174,110,received,transaction,2318 
175,103,received,transaction,2318 
175,116,received,transaction,2318 
177,115,received,transaction,2317 
178,108,received,transaction,2318 
179,113,received,transaction,2317 
179, 100,Appended, Transaction, 2319
179, 100, broadcasting, data, 2319
181,110,received,transaction,2319 
181,112,received,transaction,2319 
181,105,received,transaction,2319 
181,116,received,transaction,2319 
182,108,received,transaction,2317 
182,109,received,transaction,2319 
182,118,received,transaction,2319 
183,115,received,transaction,2319 
183,103,received,transaction,2319 
184,101,received,transaction,2319 
184,113,received,transaction,2319 
185,111,received,transaction,2319 
186,117,received,transaction,2318 
186,102,received,transaction,2319 
187,114,received,transaction,2319 
187,108,received,transaction,2319 
188,114,received,transaction,2318 
189,117,received,transaction,2319 
189, 100,Appended, Transaction, 2320
189, 100, broadcasting, data, 2320
189,106,received,transaction,2319 
190,104,received,transaction,2319 
190,118,received,transaction,2320 
191,115,received,transaction,2320 
192,116,received,transaction,2320 
193,105,received,transaction,2318 
193,107,received,transaction,2318 
194,107,received,transaction,2319 
194,112,received,transaction,2320 
194,101,received,transaction,2320 
194,102,received,transaction,2320 
194,114,received,transaction,2320 
195,111,received,transaction,2320 
195,106,received,transaction,2320 
196,109,received,transaction,2318 
198,109,received,transaction,2320 
198,108,received,transaction,2320 
199,107,received,transaction,2320 
199, 100,Appended, Transaction, 2321
199, 100, broadcasting, data, 2321
200,110,received,transaction,2321 
201,104,received,transaction,2320 
201,104,received,transaction,2321 
201,105,received,transaction,2321 
201,112,received,transaction,2321 
201,116,received,transaction,2321 
202,103,received,transaction,2321 
203,113,received,transaction,2321 
203,111,received,transaction,2321 
204,102,received,transaction,2321 
204,114,received,transaction,2321 
205,110,received,transaction,2320 
206,109,received,transaction,2321 
207,118,received,transaction,2321 
207,103,received,transaction,2320 
208,115,received,transaction,2321 
208,117,received,transaction,2321 
209,107,received,transaction,2321 
209,106,received,transaction,2321 
210, 100,Appended, Transaction, 2322
210, 100, broadcasting, data, 2322
211,117,received,transaction,2320 
211,106,received,transaction,2322 
211,110,received,transaction,2322 
211,118,received,transaction,2322 
211,108,received,transaction,2321 
211,108,received,transaction,2322 
212,113,received,transaction,2320 
212,105,received,transaction,2322 
212,109,received,transaction,2322 
212,115,received,transaction,2322 
212,113,received,transaction,2322 
212,105,received,transaction,2320 
215,102,received,transaction,2322 
216,112,received,transaction,2322 
216,101,received,transaction,2321 
217,104,received,transaction,2322 
220, 100,Appended, Transaction, 2323
220, 100, broadcasting, data, 2323
220,116,received,transaction,2322 
220,101,received,transaction,2323 
220,111,received,transaction,2323 
220,111,received,transaction,2322 
221,118,received,transaction,2323 
221,101,received,transaction,2322 
222,105,received,transaction,2323 
222,109,received,transaction,2323 
222,112,received,transaction,2323 
223,113,received,transaction,2323 
223,103,received,transaction,2322 
226,108,received,transaction,2323 
226,106,received,transaction,2323 
226,116,received,transaction,2323 
226,114,received,transaction,2322 
227,110,received,transaction,2323 
227,103,received,transaction,2323 
228,107,received,transaction,2323 
228,117,received,transaction,2323 
229,104,received,transaction,2323 
230, 100,Appended, Transaction, 2324
230, 100, broadcasting, data, 2324
231,106,received,transaction,2324 
231,110,received,transaction,2324 
231,111,received,transaction,2324 
232,112,received,transaction,2324 
232,116,received,transaction,2324 
233,103,received,transaction,2324 
233,117,received,transaction,2322 
233,107,received,transaction,2322 
234,104,received,transaction,2324 
234,114,received,transaction,2324 
235,102,received,transaction,2323 
236,107,received,transaction,2324 
236,115,received,transaction,2324 
236,105,received,transaction,2324 
237,115,received,transaction,2323 
238,114,received,transaction,2323 
238,118,received,transaction,2324 
239,108,received,transaction,2324 
239,117,received,transaction,2324 
240, 100,Appended, Transaction, 2325
240, 100, broadcasting, data, 2325
241,106,received,transaction,2325 
241,118,received,transaction,2325 
242,111,received,transaction,2325 
242,101,received,transaction,2324 
242,105,received,transaction,2325 
243,103,received,transaction,2325 
243,109,received,transaction,2324 
244,116,received,transaction,2325 
245,114,received,transaction,2325 
245,113,received,transaction,2325 
247,112,received,transaction,2325 
247,101,received,transaction,2325 
247,102,received,transaction,2325 
247,115,received,transaction,2325 
248,110,received,transaction,2325 
248,109,received,transaction,2325 
249,104,received,transaction,2325 
250,102,received,transaction,2324 
250, 100,Appended, Transaction, 2326
250, 100, broadcasting, data, 2326
251,110,received,transaction,2326 
252,105,received,transaction,2326 
252,112,received,transaction,2326 
252,115,received,transaction,2326 
253,103,received,transaction,2326 
253,106,received,transaction,2326 
254,109,received,transaction,2326 
254,104,received,transaction,2326 
254,111,received,transaction,2326 
255,102,received,transaction,2326 
255,113,received,transaction,2324 
256,118,received,transaction,2326 
256,108,received,transaction,2326 
260, 100,Appended, Transaction, 2327
260, 100, broadcasting, data, 2327
260,117,received,transaction,2326 
261,101,received,transaction,2327 
261,111,received,transaction,2327 
261,118,received,transaction,2327 
261,113,received,transaction,2326 
262,113,received,transaction,2327 
262,109,received,transaction,2327 
262,112,received,transaction,2327 
262,116,received,transaction,2327 
262,110,received,transaction,2327 
262,116,received,transaction,2326 
262,115,received,transaction,2327 
262,106,received,transaction,2327 
263,107,received,transaction,2326 
263,107,received,transaction,2325 
263,101,received,transaction,2326 
263,105,received,transaction,2327 
264,104,received,transaction,2327 
264,103,received,transaction,2327 
265,108,received,transaction,2327 
266,117,received,transaction,2325 
268,107,received,transaction,2327 
268,108,received,transaction,2325 
269,117,received,transaction,2327 
270, 100,Appended, Transaction, 2328
270, 100, broadcasting, data, 2328
270,102,received,transaction,2328 
271,102,received,transaction,2327 
272,105,received,transaction,2328 
272,109,received,transaction,2328 
272,112,received,transaction,2328 
272,115,received,transaction,2328 
272,116,received,transaction,2328 
273,103,received,transaction,2328 
275,113,received,transaction,2328 
275,114,received,transaction,2326 
276,110,received,transaction,2328 
276,118,received,transaction,2328 
277,111,received,transaction,2328 
278,106,received,transaction,2328 
278,104,received,transaction,2328 
279,108,received,transaction,2328 
280, 100,Appended, Transaction, 2329
280, 100, broadcasting, data, 2329
281,101,received,transaction,2329 
281,106,received,transaction,2329 
281,118,received,transaction,2329 
281,108,received,transaction,2329 
282,114,received,transaction,2329 
282,109,received,transaction,2329 
282,112,received,transaction,2329 
282,116,received,transaction,2329 
283,114,received,transaction,2328 
285,114,received,transaction,2327 
285,102,received,transaction,2329 
286,117,received,transaction,2328 
287,101,received,transaction,2328 
287,110,received,transaction,2329 
288,107,received,transaction,2329 
289,107,received,transaction,2328 
290, 100,Appended, Transaction, 2330
290, 100, broadcasting, data, 2330
290,112,received,transaction,2330 
290,109,received,transaction,2330 
291,110,received,transaction,2330 
291,104,received,transaction,2329 
291,105,received,transaction,2329 
291,103,received,transaction,2329 
292,115,received,transaction,2330 
292,116,received,transaction,2330 
293,103,received,transaction,2330 
293,115,received,transaction,2329 
294,113,received,transaction,2329 
294,106,received,transaction,2330 
295,104,received,transaction,2330 
295,114,received,transaction,2330 
295,107,received,transaction,2330 
296,118,received,transaction,2330 
298,117,received,transaction,2329 
298,113,received,transaction,2330 
299,111,received,transaction,2329 
300, 100,Appended, Transaction, 2331
300, 100, broadcasting, data, 2331
301,106,received,transaction,2331 
301,103,received,transaction,2331 
301,110,received,transaction,2331 
301,101,received,transaction,2330 
302,105,received,transaction,2331 
302,109,received,transaction,2331 
302,112,received,transaction,2331 
302,116,received,transaction,2331 
303,102,received,transaction,2330 
304,118,received,transaction,2331 
305,111,received,transaction,2331 
307,101,received,transaction,2331 
307,105,received,transaction,2330 
308,108,received,transaction,2330 
309,115,received,transaction,2331 
309,117,received,transaction,2330 
310,104,received,transaction,2331 
310,108,received,transaction,2331 
310, 100,Appended, Transaction, 2332
310, 100, broadcasting, data, 2332
311,106,received,transaction,2332 
312,113,received,transaction,2331 
312,109,received,transaction,2332 
312,107,received,transaction,2331 
314,104,received,transaction,2332 
314,115,received,transaction,2332 
314,102,received,transaction,2331 
315,101,received,transaction,2332 
315,102,received,transaction,2332 
315,113,received,transaction,2332 
315,111,received,transaction,2330 
315,103,received,transaction,2332 
317,111,received,transaction,2332 
318,105,received,transaction,2332 
318,112,received,transaction,2332 
319,108,received,transaction,2332 
319,117,received,transaction,2332 
320, 100,Appended, Transaction, 2333
320, 100, broadcasting, data, 2333
321,113,received,transaction,2333 
321,104,received,transaction,2333 
321,110,received,transaction,2333 
321,118,received,transaction,2333 
321,114,received,transaction,2332 
322,109,received,transaction,2333 
322,112,received,transaction,2333 
322,107,received,transaction,2333 
323,103,received,transaction,2333 
325,102,received,transaction,2333 
325,111,received,transaction,2333 
326,116,received,transaction,2332 
326,114,received,transaction,2331 
328,115,received,transaction,2333 
328,107,received,transaction,2332 
328,116,received,transaction,2333 
328,110,received,transaction,2332 
329,118,received,transaction,2332 
329,114,received,transaction,2333 
330, 100,Appended, Transaction, 2334
330, 100, broadcasting, data, 2334
331,106,received,transaction,2334 
331,103,received,transaction,2334 
331,112,received,transaction,2334 
332,105,received,transaction,2334 
332,109,received,transaction,2334 
332,115,received,transaction,2334 
333,108,received,transaction,2334 
333,116,received,transaction,2334 
334,104,received,transaction,2334 
335,102,received,transaction,2334 
335,111,received,transaction,2334 
335,118,received,transaction,2334 
337,117,received,transaction,2331 
338,107,received,transaction,2334 
339,117,received,transaction,2334 
339,110,received,transaction,2334 
340, 100,Appended, Transaction, 2335
340, 100, broadcasting, data, 2335
340,109,received,transaction,2335 
341,106,received,transaction,2333 
341,106,received,transaction,2335 
341,118,received,transaction,2335 
341,108,received,transaction,2333 
341,101,received,transaction,2333 
341,105,received,transaction,2333 
342,115,received,transaction,2335 
342,111,received,transaction,2335 
343,117,received,transaction,2333 
344,104,received,transaction,2335 
345,101,received,transaction,2334 
345,110,received,transaction,2335 
346,103,received,transaction,2335 
346,105,received,transaction,2335 
348,102,received,transaction,2335 
348,114,received,transaction,2334 
349,114,received,transaction,2335 
349,117,received,transaction,2335 
350, 100,Appended, Transaction, 2336
350, 100, broadcasting, data, 2336
350,105,received,transaction,2336 
350,116,received,transaction,2335 
351,118,received,transaction,2336 
351,108,received,transaction,2336 
352,116,received,transaction,2336 
352,109,received,transaction,2336 
352,112,received,transaction,2336 
352,115,received,transaction,2336 
353,103,received,transaction,2336 
353,111,received,transaction,2336 
354,113,received,transaction,2334 
354,112,received,transaction,2335 
354,104,received,transaction,2336 
354,110,received,transaction,2336 
354,108,received,transaction,2335 
355,101,received,transaction,2336 
355,113,received,transaction,2336 
356,101,received,transaction,2335 
356,113,received,transaction,2335 
358,107,received,transaction,2335 
359,117,received,transaction,2336 
359,114,received,transaction,2336 
360, 100,Appended, Transaction, 2337
360, 100, broadcasting, data, 2337
360,107,received,transaction,2337 
361,106,received,transaction,2337 
362,118,received,transaction,2337 
362,116,received,transaction,2337 
362,109,received,transaction,2337 
364,106,received,transaction,2336 
365,101,received,transaction,2337 
365,114,received,transaction,2337 
365,113,received,transaction,2337 
366,111,received,transaction,2337 
366,102,received,transaction,2336 
368,115,received,transaction,2337 
368,112,received,transaction,2337 
368,110,received,transaction,2337 
368,108,received,transaction,2337 
370, 100,Appended, Transaction, 2338
370, 100, broadcasting, data, 2338
370,115,received,transaction,2338 
371,105,received,transaction,2337 
371,106,received,transaction,2338 
371,118,received,transaction,2338 
371,107,received,transaction,2336 
372,104,received,transaction,2337 
372,105,received,transaction,2338 
372,112,received,transaction,2338 
373,102,received,transaction,2337 
374,111,received,transaction,2338 
374,117,received,transaction,2337 
375,101,received,transaction,2338 
376,117,received,transaction,2338 
377,103,received,transaction,2337 
378,110,received,transaction,2338 
380,103,received,transaction,2338 
380,102,received,transaction,2338 
380, 100,Appended, Transaction, 2339
380, 100, broadcasting, data, 2339
381,109,received,transaction,2338 
381,107,received,transaction,2338 
381,110,received,transaction,2339 
381,118,received,transaction,2339 
382,104,received,transaction,2338 
382,105,received,transaction,2339 
382,109,received,transaction,2339 
382,112,received,transaction,2339 
382,115,received,transaction,2339 
382,116,received,transaction,2339 
383,116,received,transaction,2338 
383,103,received,transaction,2339 
385,106,received,transaction,2339 
385,111,received,transaction,2339 
386,113,received,transaction,2339 
386,113,received,transaction,2338 
386,114,received,transaction,2338 
388,114,received,transaction,2339 
389,117,received,transaction,2339 
390, 100,Appended, Transaction, 2340
390, 100, broadcasting, data, 2340
391,107,received,transaction,2339 
391,118,received,transaction,2340 
392,109,received,transaction,2340 
392,115,received,transaction,2340 
392,116,received,transaction,2340 
393,108,received,transaction,2338 
393,110,received,transaction,2340 
394,104,received,transaction,2340 
394,105,received,transaction,2340 
394,102,received,transaction,2339 
395,102,received,transaction,2340 
395,113,received,transaction,2340 
395,114,received,transaction,2340 
396,111,received,transaction,2340 
400,107,received,transaction,2340 
400, 100,Appended, Transaction, 2341
400, 100, broadcasting, data, 2341
401,106,received,transaction,2340 
401,101,received,transaction,2339 
401,103,received,transaction,2341 
401,110,received,transaction,2341 
402,101,received,transaction,2341 
402,103,received,transaction,2340 
402,109,received,transaction,2341 
402,115,received,transaction,2341 
404,117,received,transaction,2341 
404,104,received,transaction,2339 
404,106,received,transaction,2341 
404,105,received,transaction,2341 
404,118,received,transaction,2341 
405,104,received,transaction,2341 
405,114,received,transaction,2341 
407,101,received,transaction,2340 
408,117,received,transaction,2340 
408,102,received,transaction,2341 
409,108,received,transaction,2340 
411, 100,Appended, Transaction, 2342
411, 100, broadcasting, data, 2342
411,116,received,transaction,2341 
411,112,received,transaction,2340 
411,113,received,transaction,2341 
411,108,received,transaction,2341 
412,108,received,transaction,2339 
412,118,received,transaction,2342 
413,105,received,transaction,2342 
413,107,received,transaction,2341 
414,112,received,transaction,2341 
415,114,received,transaction,2342 
415,116,received,transaction,2342 
416,113,received,transaction,2342 
416,117,received,transaction,2342 
417,104,received,transaction,2342 
418,110,received,transaction,2342 
420,107,received,transaction,2342 
421, 100,Appended, Transaction, 2343
421, 100, broadcasting, data, 2343
421,101,received,transaction,2342 
421,102,received,transaction,2342 
421,112,received,transaction,2343 
421,108,received,transaction,2342 
422,111,received,transaction,2341 
422,106,received,transaction,2343 
422,110,received,transaction,2343 
422,118,received,transaction,2343 
422,115,received,transaction,2343 
422,106,received,transaction,2342 
423,105,received,transaction,2343 
423,109,received,transaction,2343 
424,111,received,transaction,2342 
424,109,received,transaction,2342 
424,102,received,transaction,2343 
424,111,received,transaction,2343 
425,116,received,transaction,2343 
426,113,received,transaction,2343 
426,114,received,transaction,2343 
426,115,received,transaction,2342 
427,108,received,transaction,2343 
428,104,received,transaction,2343 
430,103,received,transaction,2343 
431, 100,Appended, Transaction, 2344
431, 100, broadcasting, data, 2344
431,103,received,transaction,2342 
431,117,received,transaction,2343 
431,113,received,transaction,2344 
432,106,received,transaction,2344 
432,118,received,transaction,2344 
433,109,received,transaction,2344 
433,103,received,transaction,2344 
434,114,received,transaction,2344 
436,112,received,transaction,2342 
436,101,received,transaction,2344 
436,102,received,transaction,2344 
436,115,received,transaction,2344 
437,104,received,transaction,2344 
438,116,received,transaction,2344 
438,101,received,transaction,2343 
438,107,received,transaction,2343 
440,117,received,transaction,2344 
440,105,received,transaction,2344 
441, 100,Appended, Transaction, 2345
441, 100, broadcasting, data, 2345
442,118,received,transaction,2345 
442,104,received,transaction,2345 
443,105,received,transaction,2345 
443,109,received,transaction,2345 
443,116,received,transaction,2345 
443,111,received,transaction,2345 
444,103,received,transaction,2345 
444,110,received,transaction,2344 
445,108,received,transaction,2344 
446,101,received,transaction,2345 
446,113,received,transaction,2345 
446,114,received,transaction,2345 
447,107,received,transaction,2344 
447,111,received,transaction,2344 
448,102,received,transaction,2345 
448,112,received,transaction,2344 
450,112,received,transaction,2345 
450,108,received,transaction,2345 
451, 100,Appended, Transaction, 2346
451, 100, broadcasting, data, 2346
452,106,received,transaction,2346 
452,118,received,transaction,2346 
452,117,received,transaction,2345 
453,105,received,transaction,2346 
453,109,received,transaction,2346 
453,116,received,transaction,2346 
455,107,received,transaction,2345 
455,106,received,transaction,2345 
456,107,received,transaction,2346 
456,114,received,transaction,2346 
456,103,received,transaction,2346 
456,115,received,transaction,2345 
457,108,received,transaction,2346 
457,110,received,transaction,2345 
457,102,received,transaction,2346 
458,110,received,transaction,2346 
458,115,received,transaction,2346 
460,112,received,transaction,2346 
461, 100,Appended, Transaction, 2347
461, 100, broadcasting, data, 2347
462,104,received,transaction,2346 
462,114,received,transaction,2347 
462,106,received,transaction,2347 
462,118,received,transaction,2347 
463,115,received,transaction,2347 
463,116,received,transaction,2347 
464,109,received,transaction,2347 
464,113,received,transaction,2346 
464,110,received,transaction,2347 
464,102,received,transaction,2347 
466,111,received,transaction,2347 
466,113,received,transaction,2347 
466,101,received,transaction,2346 
466,117,received,transaction,2346 
467,107,received,transaction,2347 
469,112,received,transaction,2347 
470,103,received,transaction,2347 
470,108,received,transaction,2347 
470,105,received,transaction,2347 
471,101,received,transaction,2347 
471, 100,Appended, Transaction, 2348
471, 100, broadcasting, data, 2348
472,106,received,transaction,2348 
472,110,received,transaction,2348 
472,118,received,transaction,2348 
472,104,received,transaction,2347 
472,111,received,transaction,2346 
473,105,received,transaction,2348 
473,112,received,transaction,2348 
474,103,received,transaction,2348 
475,115,received,transaction,2348 
475,117,received,transaction,2348 
475,104,received,transaction,2348 
476,107,received,transaction,2348 
476,102,received,transaction,2348 
476,111,received,transaction,2348 
476,113,received,transaction,2348 
476,114,received,transaction,2348 
477,117,received,transaction,2347 
479,108,received,transaction,2348 
481, 100,Appended, Transaction, 2349
481, 100, broadcasting, data, 2349
481,113,received,transaction,2349 
482,118,received,transaction,2349 
482,106,received,transaction,2349 
482,110,received,transaction,2349 
483,109,received,transaction,2349 
483,115,received,transaction,2349 
483,116,received,transaction,2349 
484,112,received,transaction,2349 
484,109,received,transaction,2348 
485,104,received,transaction,2349 
485,103,received,transaction,2349 
485,116,received,transaction,2348 
486,111,received,transaction,2349 
486,114,received,transaction,2349 
487,105,received,transaction,2349 
489,101,received,transaction,2348 
490,108,received,transaction,2349 
490,117,received,transaction,2349 
491, 100,Appended, Transaction, 2350
491, 100, broadcasting, data, 2350
491,106,received,transaction,2350 
491,115,received,transaction,2350 
492,110,received,transaction,2350 
493,105,received,transaction,2350 
493,109,received,transaction,2350 
493,116,received,transaction,2350 
493,112,received,transaction,2350 
494,103,received,transaction,2350 
494,102,received,transaction,2349 
495,113,received,transaction,2350 
496,114,received,transaction,2350 
496,101,received,transaction,2349 
498,101,received,transaction,2350 
499,104,received,transaction,2350 
Simulation ended
