0,100, generated, node, -
0,101, generated, node, -
0,102, generated, node, -
0,103, generated, node, -
0,104, generated, node, -
0,105, generated, node, -
0,106, generated, node, -
0,107, generated, node, -
0,108, generated, node, -
0,109, generated, node, -
0,110, generated, node, -
0,111, generated, node, -
0,112, generated, node, -
0,113, generated, node, -
0,114, generated, node, -
0,115, generated, node, -
0,116, generated, node, -
0,117, generated, node, -
0,118, generated, node, -
0, 100,Appended, Transaction, 2301
0, 100, broadcasting, data, 2301
0,114,received,transaction,2301 
1,106,received,transaction,2301 
1,110,received,transaction,2301 
1,118,received,transaction,2301 
2,109,received,transaction,2301 
2,112,received,transaction,2301 
2,116,received,transaction,2301 
3,103,received,transaction,2301 
3,117,received,transaction,2301 
4,104,received,transaction,2301 
5,113,received,transaction,2301 
6,108,received,transaction,2301 
6,101,received,transaction,2301 
9,115,received,transaction,2301 
10, 100,Appended, Transaction, 2302
10, 100, broadcasting, data, 2302
11,107,received,transaction,2301 
11,110,received,transaction,2302 
11,118,received,transaction,2302 
11,113,received,transaction,2302 
12,105,received,transaction,2302 
12,109,received,transaction,2302 
12,115,received,transaction,2302 
13,103,received,transaction,2302 
14,102,received,transaction,2301 
15,101,received,transaction,2302 
15,102,received,transaction,2302 
15,111,received,transaction,2302 
15,106,received,transaction,2302 
16,117,received,transaction,2302 
16,107,received,transaction,2302 
17,116,received,transaction,2302 
17,112,received,transaction,2302 
18,105,received,transaction,2301 
20,108,received,transaction,2302 
20, 100,Appended, Transaction, 2303
20, 100, broadcasting, data, 2303
21,106,received,transaction,2303 
21,110,received,transaction,2303 
22,109,received,transaction,2303 
22,114,received,transaction,2303 
22,111,received,transaction,2301 
22,111,received,transaction,2303 
22,104,received,transaction,2302 
24,103,received,transaction,2303 
25,112,received,transaction,2303 
26,114,received,transaction,2302 
26,101,received,transaction,2303 
27,104,received,transaction,2303 
28,115,received,transaction,2303 
28,107,received,transaction,2303 
29,118,received,transaction,2303 
29,116,received,transaction,2303 
30, 100,Appended, Transaction, 2304
30, 100, broadcasting, data, 2304
30,103,received,transaction,2304 
31,105,received,transaction,2303 
31,112,received,transaction,2304 
32,109,received,transaction,2304 
32,116,received,transaction,2304 
34,111,received,transaction,2304 
34,106,received,transaction,2304 
34,102,received,transaction,2304 
34,102,received,transaction,2303 
34,113,received,transaction,2304 
35,114,received,transaction,2304 
35,118,received,transaction,2304 
35,113,received,transaction,2303 
36,117,received,transaction,2304 
36,110,received,transaction,2304 
38,117,received,transaction,2303 
39,108,received,transaction,2303 
40, 100,Appended, Transaction, 2305
40, 100, broadcasting, data, 2305
41,104,received,transaction,2304 
42,112,received,transaction,2305 
42,105,received,transaction,2305 
42,116,received,transaction,2305 
42,107,received,transaction,2304 
43,105,received,transaction,2304 
43,109,received,transaction,2305 
43,103,received,transaction,2305 
43,115,received,transaction,2304 
43,111,received,transaction,2305 
44,115,received,transaction,2305 
44,104,received,transaction,2305 
45,101,received,transaction,2304 
45,108,received,transaction,2304 
45,114,received,transaction,2305 
48,108,received,transaction,2305 
49,106,received,transaction,2305 
50,102,received,transaction,2305 
50, 100,Appended, Transaction, 2306
50, 100, broadcasting, data, 2306
51,101,received,transaction,2305 
51,116,received,transaction,2306 
51,118,received,transaction,2306 
51,107,received,transaction,2305 
52,118,received,transaction,2305 
52,115,received,transaction,2306 
52,106,received,transaction,2306 
52,109,received,transaction,2306 
53,103,received,transaction,2306 
53,110,received,transaction,2305 
54,104,received,transaction,2306 
54,117,received,transaction,2305 
55,102,received,transaction,2306 
55,111,received,transaction,2306 
56,113,received,transaction,2305 
58,105,received,transaction,2306 
58,107,received,transaction,2306 
58,112,received,transaction,2306 
59,117,received,transaction,2306 
60,110,received,transaction,2306 
60, 100,Appended, Transaction, 2307
60, 100, broadcasting, data, 2307
61,109,received,transaction,2307 
61,106,received,transaction,2307 
61,110,received,transaction,2307 
61,118,received,transaction,2307 
62,105,received,transaction,2307 
62,101,received,transaction,2307 
63,103,received,transaction,2307 
64,116,received,transaction,2307 
64,108,received,transaction,2306 
65,115,received,transaction,2307 
65,111,received,transaction,2307 
65,113,received,transaction,2307 
65,102,received,transaction,2307 
66,113,received,transaction,2306 
66,114,received,transaction,2306 
67,107,received,transaction,2307 
68,117,received,transaction,2307 
69,101,received,transaction,2306 
70, 100,Appended, Transaction, 2308
70, 100, broadcasting, data, 2308
71,110,received,transaction,2308 
71,118,received,transaction,2308 
71,104,received,transaction,2307 
71,101,received,transaction,2308 
71,105,received,transaction,2308 
72,115,received,transaction,2308 
72,116,received,transaction,2308 
73,102,received,transaction,2308 
73,112,received,transaction,2308 
75,111,received,transaction,2308 
75,106,received,transaction,2308 
77,114,received,transaction,2307 
77,108,received,transaction,2307 
78,114,received,transaction,2308 
78,112,received,transaction,2307 
78,113,received,transaction,2308 
80, 100,Appended, Transaction, 2309
80, 100, broadcasting, data, 2309
81,106,received,transaction,2309 
81,103,received,transaction,2308 
81,118,received,transaction,2309 
82,115,received,transaction,2309 
82,104,received,transaction,2308 
83,110,received,transaction,2309 
83,101,received,transaction,2309 
83,105,received,transaction,2309 
84,104,received,transaction,2309 
84,109,received,transaction,2309 
84,116,received,transaction,2309 
85,114,received,transaction,2309 
85,117,received,transaction,2309 
86,111,received,transaction,2309 
86,117,received,transaction,2308 
86,112,received,transaction,2309 
87,103,received,transaction,2309 
87,109,received,transaction,2308 
87,102,received,transaction,2309 
87,108,received,transaction,2308 
90,113,received,transaction,2309 
90, 100,Appended, Transaction, 2310
90, 100, broadcasting, data, 2310
91,118,received,transaction,2310 
91,111,received,transaction,2310 
91,106,received,transaction,2310 
92,110,received,transaction,2310 
92,105,received,transaction,2310 
92,116,received,transaction,2310 
93,107,received,transaction,2308 
94,117,received,transaction,2310 
94,108,received,transaction,2310 
95,113,received,transaction,2310 
96,107,received,transaction,2309 
96,108,received,transaction,2309 
100, 100,Appended, Transaction, 2311
100, 100, broadcasting, data, 2311
101,110,received,transaction,2311 
101,118,received,transaction,2311 
101,106,received,transaction,2311 
102,112,received,transaction,2311 
102,115,received,transaction,2311 
102,102,received,transaction,2310 
103,103,received,transaction,2311 
103,116,received,transaction,2311 
104,109,received,transaction,2310 
105,101,received,transaction,2311 
105,103,received,transaction,2310 
105,102,received,transaction,2311 
105,113,received,transaction,2311 
106,101,received,transaction,2310 
106,108,received,transaction,2311 
106,107,received,transaction,2310 
108,114,received,transaction,2311 
108,112,received,transaction,2310 
109,109,received,transaction,2311 
110, 100,Appended, Transaction, 2312
110, 100, broadcasting, data, 2312
110,109,received,transaction,2312 
111,110,received,transaction,2312 
111,105,received,transaction,2311 
111,107,received,transaction,2311 
111,114,received,transaction,2310 
112,111,received,transaction,2311 
112,112,received,transaction,2312 
112,104,received,transaction,2310 
113,103,received,transaction,2312 
114,115,received,transaction,2312 
114,104,received,transaction,2312 
114,115,received,transaction,2310 
115,118,received,transaction,2312 
115,114,received,transaction,2312 
115,111,received,transaction,2312 
116,105,received,transaction,2312 
117,104,received,transaction,2311 
118,107,received,transaction,2312 
119,101,received,transaction,2312 
119,117,received,transaction,2312 
120, 100,Appended, Transaction, 2313
120, 100, broadcasting, data, 2313
121,106,received,transaction,2313 
121,110,received,transaction,2313 
121,105,received,transaction,2313 
121,118,received,transaction,2313 
122,102,received,transaction,2313 
122,109,received,transaction,2313 
122,112,received,transaction,2313 
123,103,received,transaction,2313 
123,106,received,transaction,2312 
123,115,received,transaction,2313 
124,117,received,transaction,2311 
124,113,received,transaction,2313 
125,101,received,transaction,2313 
125,111,received,transaction,2313 
125,104,received,transaction,2313 
125,116,received,transaction,2312 
125,116,received,transaction,2313 
127,102,received,transaction,2312 
127,107,received,transaction,2313 
129,108,received,transaction,2313 
129,117,received,transaction,2313 
129,108,received,transaction,2312 
130, 100,Appended, Transaction, 2314
130, 100, broadcasting, data, 2314
131,106,received,transaction,2314 
131,118,received,transaction,2314 
131,114,received,transaction,2314 
132,112,received,transaction,2314 
132,115,received,transaction,2314 
132,113,received,transaction,2314 
132,104,received,transaction,2314 
133,105,received,transaction,2314 
133,116,received,transaction,2314 
135,101,received,transaction,2314 
135,113,received,transaction,2312 
139,117,received,transaction,2314 
139,110,received,transaction,2314 
139,114,received,transaction,2313 
140, 100,Appended, Transaction, 2315
140, 100, broadcasting, data, 2315
140,107,received,transaction,2314 
140,102,received,transaction,2314 
140,112,received,transaction,2315 
141,110,received,transaction,2315 
141,118,received,transaction,2315 
141,111,received,transaction,2314 
141,113,received,transaction,2315 
141,103,received,transaction,2314 
142,104,received,transaction,2315 
142,109,received,transaction,2314 
142,111,received,transaction,2315 
142,116,received,transaction,2315 
143,117,received,transaction,2315 
143,107,received,transaction,2315 
143,102,received,transaction,2315 
145,114,received,transaction,2315 
146,105,received,transaction,2315 
147,109,received,transaction,2315 
147,101,received,transaction,2315 
148,108,received,transaction,2314 
149, 100,Appended, Transaction, 2316
149, 100, broadcasting, data, 2316
150,106,received,transaction,2315 
150,115,received,transaction,2315 
150,110,received,transaction,2316 
150,118,received,transaction,2316 
151,115,received,transaction,2316 
152,108,received,transaction,2316 
152,112,received,transaction,2316 
153,116,received,transaction,2316 
154,114,received,transaction,2316 
154,102,received,transaction,2316 
154,111,received,transaction,2316 
155,103,received,transaction,2315 
155,105,received,transaction,2316 
156,108,received,transaction,2315 
157,103,received,transaction,2316 
157,107,received,transaction,2316 
158,109,received,transaction,2316 
158,117,received,transaction,2316 
159,113,received,transaction,2316 
160, 100,Appended, Transaction, 2317
160, 100, broadcasting, data, 2317
162,112,received,transaction,2317 
162,115,received,transaction,2317 
162,113,received,transaction,2317 
162,116,received,transaction,2317 
163,109,received,transaction,2317 
164,101,received,transaction,2316 
165,102,received,transaction,2317 
165,111,received,transaction,2317 
165,114,received,transaction,2317 
166,118,received,transaction,2317 
167,105,received,transaction,2317 
168,101,received,transaction,2317 
168,104,received,transaction,2316 
168,106,received,transaction,2316 
168,106,received,transaction,2317 
169,108,received,transaction,2317 
169,117,received,transaction,2317 
170, 100,Appended, Transaction, 2318
170, 100, broadcasting, data, 2318
170,104,received,transaction,2317 
170,101,received,transaction,2318 
171,110,received,transaction,2318 
171,107,received,transaction,2317 
172,103,received,transaction,2317 
172,105,received,transaction,2318 
172,109,received,transaction,2318 
172,116,received,transaction,2318 
172,107,received,transaction,2318 
174,104,received,transaction,2318 
174,103,received,transaction,2318 
175,114,received,transaction,2318 
176,110,received,transaction,2317 
177,115,received,transaction,2318 
178,118,received,transaction,2318 
179,113,received,transaction,2318 
179, 100,Appended, Transaction, 2319
179, 100, broadcasting, data, 2319
180,115,received,transaction,2319 
180,106,received,transaction,2319 
180,110,received,transaction,2319 
181,106,received,transaction,2318 
181,105,received,transaction,2319 
181,109,received,transaction,2319 
182,103,received,transaction,2319 
183,111,received,transaction,2318 
184,102,received,transaction,2318 
184,112,received,transaction,2318 
184,112,received,transaction,2319 
184,101,received,transaction,2319 
184,111,received,transaction,2319 
184,113,received,transaction,2319 
185,116,received,transaction,2319 
187,118,received,transaction,2319 
187,108,received,transaction,2318 
189,104,received,transaction,2319 
189, 100,Appended, Transaction, 2320
189, 100, broadcasting, data, 2320
189,117,received,transaction,2318 
190,114,received,transaction,2319 
190,114,received,transaction,2320 
190,102,received,transaction,2319 
190,105,received,transaction,2320 
190,106,received,transaction,2320 
190,110,received,transaction,2320 
191,112,received,transaction,2320 
191,117,received,transaction,2320 
191,109,received,transaction,2320 
191,115,received,transaction,2320 
191,116,received,transaction,2320 
192,103,received,transaction,2320 
193,108,received,transaction,2319 
194,118,received,transaction,2320 
194,111,received,transaction,2320 
194,113,received,transaction,2320 
196,101,received,transaction,2320 
197,107,received,transaction,2320 
197,117,received,transaction,2319 
198,102,received,transaction,2320 
198,108,received,transaction,2320 
199, 100,Appended, Transaction, 2321
199, 100, broadcasting, data, 2321
200,101,received,transaction,2321 
200,106,received,transaction,2321 
200,110,received,transaction,2321 
201,105,received,transaction,2321 
201,112,received,transaction,2321 
201,115,received,transaction,2321 
201,116,received,transaction,2321 
202,102,received,transaction,2321 
202,104,received,transaction,2320 
202,103,received,transaction,2321 
204,104,received,transaction,2321 
204,111,received,transaction,2321 
204,114,received,transaction,2321 
207,107,received,transaction,2319 
207,107,received,transaction,2321 
208,117,received,transaction,2321 
209, 100,Appended, Transaction, 2322
209, 100, broadcasting, data, 2322
210,107,received,transaction,2322 
210,106,received,transaction,2322 
210,110,received,transaction,2322 
211,116,received,transaction,2322 
212,108,received,transaction,2321 
212,103,received,transaction,2322 
213,113,received,transaction,2321 
213,104,received,transaction,2322 
214,101,received,transaction,2322 
214,118,received,transaction,2322 
215,113,received,transaction,2322 
215,109,received,transaction,2321 
216,102,received,transaction,2322 
218,109,received,transaction,2322 
218,117,received,transaction,2322 
219, 100,Appended, Transaction, 2323
219, 100, broadcasting, data, 2323
220,110,received,transaction,2323 
221,114,received,transaction,2322 
221,115,received,transaction,2322 
221,108,received,transaction,2323 
221,112,received,transaction,2323 
221,115,received,transaction,2323 
221,118,received,transaction,2321 
222,104,received,transaction,2323 
222,103,received,transaction,2323 
222,105,received,transaction,2322 
223,112,received,transaction,2322 
223,111,received,transaction,2322 
224,113,received,transaction,2323 
224,114,received,transaction,2323 
226,106,received,transaction,2323 
227,107,received,transaction,2323 
228,111,received,transaction,2323 
228,108,received,transaction,2322 
229, 100,Appended, Transaction, 2324
229, 100, broadcasting, data, 2324
230,102,received,transaction,2323 
230,105,received,transaction,2324 
230,106,received,transaction,2324 
230,110,received,transaction,2324 
230,118,received,transaction,2324 
230,103,received,transaction,2324 
231,109,received,transaction,2324 
231,115,received,transaction,2324 
233,117,received,transaction,2323 
233,116,received,transaction,2323 
234,118,received,transaction,2323 
234,111,received,transaction,2324 
235,109,received,transaction,2323 
236,104,received,transaction,2324 
237,105,received,transaction,2323 
237,107,received,transaction,2324 
237,102,received,transaction,2324 
238,117,received,transaction,2324 
238,116,received,transaction,2324 
239, 100,Appended, Transaction, 2325
239, 100, broadcasting, data, 2325
240,101,received,transaction,2323 
240,114,received,transaction,2324 
240,118,received,transaction,2325 
241,109,received,transaction,2325 
241,115,received,transaction,2325 
242,108,received,transaction,2325 
242,101,received,transaction,2324 
242,101,received,transaction,2325 
243,104,received,transaction,2325 
244,116,received,transaction,2325 
244,113,received,transaction,2324 
245,110,received,transaction,2325 
246,114,received,transaction,2325 
247,111,received,transaction,2325 
248,117,received,transaction,2325 
249,107,received,transaction,2325 
249, 100,Appended, Transaction, 2326
249, 100, broadcasting, data, 2326
250,101,received,transaction,2326 
250,110,received,transaction,2326 
250,106,received,transaction,2325 
251,112,received,transaction,2324 
251,105,received,transaction,2325 
251,108,received,transaction,2324 
251,116,received,transaction,2326 
252,112,received,transaction,2325 
252,113,received,transaction,2325 
252,103,received,transaction,2326 
252,109,received,transaction,2326 
253,118,received,transaction,2326 
253,104,received,transaction,2326 
254,112,received,transaction,2326 
254,113,received,transaction,2326 
255,102,received,transaction,2326 
257,111,received,transaction,2326 
258,114,received,transaction,2326 
259,117,received,transaction,2326 
259,102,received,transaction,2325 
259, 100,Appended, Transaction, 2327
259, 100, broadcasting, data, 2327
260,106,received,transaction,2327 
260,110,received,transaction,2327 
260,118,received,transaction,2327 
260,106,received,transaction,2326 
261,103,received,transaction,2325 
261,105,received,transaction,2327 
261,115,received,transaction,2327 
261,116,received,transaction,2327 
262,108,received,transaction,2326 
262,107,received,transaction,2326 
262,103,received,transaction,2327 
264,101,received,transaction,2327 
264,102,received,transaction,2327 
264,113,received,transaction,2327 
264,114,received,transaction,2327 
266,115,received,transaction,2326 
267,105,received,transaction,2326 
267,104,received,transaction,2327 
267,107,received,transaction,2327 
267,109,received,transaction,2327 
268,112,received,transaction,2327 
268,117,received,transaction,2327 
269, 100,Appended, Transaction, 2328
269, 100, broadcasting, data, 2328
270,118,received,transaction,2328 
271,102,received,transaction,2328 
271,110,received,transaction,2328 
271,109,received,transaction,2328 
272,116,received,transaction,2328 
273,104,received,transaction,2328 
274,111,received,transaction,2327 
274,101,received,transaction,2328 
275,105,received,transaction,2328 
278,114,received,transaction,2328 
279,113,received,transaction,2328 
279,117,received,transaction,2328 
279, 100,Appended, Transaction, 2329
279, 100, broadcasting, data, 2329
280,106,received,transaction,2328 
280,106,received,transaction,2329 
280,110,received,transaction,2329 
280,111,received,transaction,2328 
281,103,received,transaction,2328 
281,107,received,transaction,2328 
281,105,received,transaction,2329 
282,116,received,transaction,2329 
282,108,received,transaction,2327 
282,108,received,transaction,2328 
282,113,received,transaction,2329 
283,102,received,transaction,2329 
284,114,received,transaction,2329 
285,103,received,transaction,2329 
285,115,received,transaction,2329 
285,112,received,transaction,2328 
286,112,received,transaction,2329 
287,115,received,transaction,2328 
288,101,received,transaction,2329 
288,117,received,transaction,2329 
289,109,received,transaction,2329 
289,118,received,transaction,2329 
289, 100,Appended, Transaction, 2330
289, 100, broadcasting, data, 2330
290,104,received,transaction,2329 
290,118,received,transaction,2330 
290,110,received,transaction,2330 
291,109,received,transaction,2330 
291,115,received,transaction,2330 
292,116,received,transaction,2330 
292,106,received,transaction,2330 
293,101,received,transaction,2330 
294,103,received,transaction,2330 
294,102,received,transaction,2330 
294,114,received,transaction,2330 
295,112,received,transaction,2330 
296,107,received,transaction,2330 
296,113,received,transaction,2330 
296,111,received,transaction,2330 
297,107,received,transaction,2329 
297,111,received,transaction,2329 
298,108,received,transaction,2330 
299,104,received,transaction,2330 
299, 100,Appended, Transaction, 2331
299, 100, broadcasting, data, 2331
300,110,received,transaction,2331 
301,113,received,transaction,2331 
301,101,received,transaction,2331 
301,105,received,transaction,2330 
301,117,received,transaction,2330 
301,109,received,transaction,2331 
301,112,received,transaction,2331 
301,115,received,transaction,2331 
301,116,received,transaction,2331 
304,103,received,transaction,2331 
304,104,received,transaction,2331 
304,114,received,transaction,2331 
305,106,received,transaction,2331 
305,108,received,transaction,2329 
305,118,received,transaction,2331 
308,111,received,transaction,2331 
309, 100,Appended, Transaction, 2332
309, 100, broadcasting, data, 2332
310,102,received,transaction,2331 
311,105,received,transaction,2331 
311,105,received,transaction,2332 
311,109,received,transaction,2332 
311,115,received,transaction,2332 
311,116,received,transaction,2332 
312,108,received,transaction,2331 
312,112,received,transaction,2332 
313,103,received,transaction,2332 
314,117,received,transaction,2331 
314,102,received,transaction,2332 
316,113,received,transaction,2332 
317,110,received,transaction,2332 
318,107,received,transaction,2331 
318,108,received,transaction,2332 
318,101,received,transaction,2332 
319, 100,Appended, Transaction, 2333
319, 100, broadcasting, data, 2333
320,115,received,transaction,2333 
320,118,received,transaction,2333 
321,116,received,transaction,2333 
321,114,received,transaction,2332 
322,117,received,transaction,2332 
322,103,received,transaction,2333 
323,106,received,transaction,2332 
323,107,received,transaction,2332 
323,110,received,transaction,2333 
324,102,received,transaction,2333 
324,104,received,transaction,2333 
324,104,received,transaction,2332 
324,101,received,transaction,2333 
324,111,received,transaction,2333 
325,111,received,transaction,2332 
328,108,received,transaction,2333 
328,118,received,transaction,2332 
329,109,received,transaction,2333 
329, 100,Appended, Transaction, 2334
329, 100, broadcasting, data, 2334
329,106,received,transaction,2333 
330,117,received,transaction,2333 
330,105,received,transaction,2333 
330,106,received,transaction,2334 
330,118,received,transaction,2334 
331,109,received,transaction,2334 
331,113,received,transaction,2333 
331,112,received,transaction,2333 
331,105,received,transaction,2334 
331,112,received,transaction,2334 
331,115,received,transaction,2334 
331,116,received,transaction,2334 
332,111,received,transaction,2334 
334,101,received,transaction,2334 
334,113,received,transaction,2334 
335,110,received,transaction,2334 
335,107,received,transaction,2333 
335,114,received,transaction,2333 
337,107,received,transaction,2334 
338,103,received,transaction,2334 
338,117,received,transaction,2334 
339, 100,Appended, Transaction, 2335
339, 100, broadcasting, data, 2335
339,105,received,transaction,2335 
340,108,received,transaction,2334 
340,110,received,transaction,2335 
341,109,received,transaction,2335 
341,116,received,transaction,2335 
342,103,received,transaction,2335 
343,102,received,transaction,2334 
344,101,received,transaction,2335 
344,102,received,transaction,2335 
344,111,received,transaction,2335 
344,113,received,transaction,2335 
344,114,received,transaction,2335 
345,107,received,transaction,2335 
345,114,received,transaction,2334 
346,117,received,transaction,2335 
346,104,received,transaction,2334 
346,106,received,transaction,2335 
349,115,received,transaction,2335 
349,112,received,transaction,2335 
349, 100,Appended, Transaction, 2336
349, 100, broadcasting, data, 2336
349,104,received,transaction,2335 
350,116,received,transaction,2336 
350,118,received,transaction,2336 
351,105,received,transaction,2336 
351,109,received,transaction,2336 
351,112,received,transaction,2336 
351,115,received,transaction,2336 
352,103,received,transaction,2336 
352,118,received,transaction,2335 
354,107,received,transaction,2336 
354,110,received,transaction,2336 
354,101,received,transaction,2336 
357,104,received,transaction,2336 
357,102,received,transaction,2336 
357,106,received,transaction,2336 
357,114,received,transaction,2336 
358,111,received,transaction,2336 
358,108,received,transaction,2336 
359, 100,Appended, Transaction, 2337
359, 100, broadcasting, data, 2337
359,108,received,transaction,2335 
360,110,received,transaction,2337 
360,113,received,transaction,2336 
361,112,received,transaction,2337 
361,116,received,transaction,2337 
361,117,received,transaction,2336 
363,102,received,transaction,2337 
364,113,received,transaction,2337 
364,106,received,transaction,2337 
365,108,received,transaction,2337 
366,109,received,transaction,2337 
366,118,received,transaction,2337 
366,104,received,transaction,2337 
366,117,received,transaction,2337 
367,111,received,transaction,2337 
368,114,received,transaction,2337 
369,115,received,transaction,2337 
369,103,received,transaction,2337 
369, 100,Appended, Transaction, 2338
369, 100, broadcasting, data, 2338
370,106,received,transaction,2338 
370,110,received,transaction,2338 
370,118,received,transaction,2338 
370,116,received,transaction,2338 
371,105,received,transaction,2337 
371,107,received,transaction,2338 
371,109,received,transaction,2338 
372,103,received,transaction,2338 
374,102,received,transaction,2338 
374,101,received,transaction,2338 
374,111,received,transaction,2338 
374,113,received,transaction,2338 
374,114,received,transaction,2338 
375,101,received,transaction,2337 
376,115,received,transaction,2338 
378,104,received,transaction,2338 
378,107,received,transaction,2337 
378,108,received,transaction,2338 
378,117,received,transaction,2338 
378,112,received,transaction,2338 
379, 100,Appended, Transaction, 2339
379, 100, broadcasting, data, 2339
379,105,received,transaction,2338 
379,109,received,transaction,2339 
380,111,received,transaction,2339 
380,118,received,transaction,2339 
381,105,received,transaction,2339 
381,116,received,transaction,2339 
381,101,received,transaction,2339 
382,104,received,transaction,2339 
382,107,received,transaction,2339 
382,103,received,transaction,2339 
382,114,received,transaction,2339 
383,110,received,transaction,2339 
384,108,received,transaction,2339 
384,113,received,transaction,2339 
387,117,received,transaction,2339 
387,112,received,transaction,2339 
388,115,received,transaction,2339 
388,102,received,transaction,2339 
389, 100,Appended, Transaction, 2340
389, 100, broadcasting, data, 2340
390,118,received,transaction,2340 
392,109,received,transaction,2340 
392,105,received,transaction,2340 
392,103,received,transaction,2340 
393,106,received,transaction,2339 
394,112,received,transaction,2340 
394,116,received,transaction,2340 
394,102,received,transaction,2340 
394,113,received,transaction,2340 
395,104,received,transaction,2340 
396,107,received,transaction,2340 
397,110,received,transaction,2340 
398,108,received,transaction,2340 
399,114,received,transaction,2340 
399, 100,Appended, Transaction, 2341
399, 100, broadcasting, data, 2341
400,101,received,transaction,2340 
400,106,received,transaction,2341 
400,110,received,transaction,2341 
400,118,received,transaction,2341 
401,117,received,transaction,2340 
401,105,received,transaction,2341 
401,109,received,transaction,2341 
401,112,received,transaction,2341 
401,115,received,transaction,2341 
402,115,received,transaction,2340 
403,104,received,transaction,2341 
403,103,received,transaction,2341 
404,111,received,transaction,2340 
404,106,received,transaction,2340 
404,101,received,transaction,2341 
406,107,received,transaction,2341 
407,113,received,transaction,2341 
408,108,received,transaction,2341 
409, 100,Appended, Transaction, 2342
409, 100, broadcasting, data, 2342
410,110,received,transaction,2342 
410,118,received,transaction,2342 
411,108,received,transaction,2342 
412,109,received,transaction,2342 
412,113,received,transaction,2342 
412,103,received,transaction,2342 
413,114,received,transaction,2341 
413,102,received,transaction,2341 
413,104,received,transaction,2342 
414,102,received,transaction,2342 
415,116,received,transaction,2341 
415,106,received,transaction,2342 
416,117,received,transaction,2341 
417,111,received,transaction,2341 
417,117,received,transaction,2342 
419,105,received,transaction,2342 
419, 100,Appended, Transaction, 2343
419, 100, broadcasting, data, 2343
420,110,received,transaction,2343 
421,115,received,transaction,2343 
421,116,received,transaction,2343 
423,114,received,transaction,2342 
423,111,received,transaction,2343 
423,104,received,transaction,2343 
424,112,received,transaction,2342 
424,101,received,transaction,2342 
424,101,received,transaction,2343 
424,102,received,transaction,2343 
424,113,received,transaction,2343 
424,108,received,transaction,2343 
425,116,received,transaction,2342 
425,103,received,transaction,2343 
426,114,received,transaction,2343 
428,112,received,transaction,2343 
428,107,received,transaction,2342 
428,109,received,transaction,2343 
428,111,received,transaction,2342 
429,105,received,transaction,2343 
429, 100,Appended, Transaction, 2344
429, 100, broadcasting, data, 2344
431,105,received,transaction,2344 
431,109,received,transaction,2344 
431,115,received,transaction,2344 
431,116,received,transaction,2344 
432,104,received,transaction,2344 
432,107,received,transaction,2343 
432,103,received,transaction,2344 
434,101,received,transaction,2344 
436,118,received,transaction,2343 
436,110,received,transaction,2344 
436,112,received,transaction,2344 
437,115,received,transaction,2342 
439,102,received,transaction,2344 
439,114,received,transaction,2344 
439, 100,Appended, Transaction, 2345
439, 100, broadcasting, data, 2345
440,104,received,transaction,2345 
440,106,received,transaction,2343 
440,117,received,transaction,2344 
440,107,received,transaction,2345 
440,111,received,transaction,2344 
440,106,received,transaction,2345 
440,118,received,transaction,2345 
441,106,received,transaction,2344 
442,117,received,transaction,2343 
442,109,received,transaction,2345 
442,101,received,transaction,2345 
443,116,received,transaction,2345 
443,111,received,transaction,2345 
444,102,received,transaction,2345 
444,113,received,transaction,2345 
444,105,received,transaction,2345 
445,118,received,transaction,2344 
447,107,received,transaction,2344 
448,108,received,transaction,2344 
448,108,received,transaction,2345 
449,103,received,transaction,2345 
449, 100,Appended, Transaction, 2346
449, 100, broadcasting, data, 2346
450,113,received,transaction,2344 
450,110,received,transaction,2346 
451,109,received,transaction,2346 
451,110,received,transaction,2345 
451,105,received,transaction,2346 
451,115,received,transaction,2346 
451,116,received,transaction,2346 
451,106,received,transaction,2346 
452,103,received,transaction,2346 
452,114,received,transaction,2346 
453,113,received,transaction,2346 
453,102,received,transaction,2346 
453,104,received,transaction,2346 
453,112,received,transaction,2345 
454,117,received,transaction,2345 
454,114,received,transaction,2345 
454,101,received,transaction,2346 
455,115,received,transaction,2345 
455,118,received,transaction,2346 
457,107,received,transaction,2346 
458,111,received,transaction,2346 
458,108,received,transaction,2346 
459, 100,Appended, Transaction, 2347
459, 100, broadcasting, data, 2347
459,112,received,transaction,2346 
460,106,received,transaction,2347 
460,110,received,transaction,2347 
460,118,received,transaction,2347 
461,105,received,transaction,2347 
461,109,received,transaction,2347 
461,115,received,transaction,2347 
463,104,received,transaction,2347 
464,117,received,transaction,2346 
466,102,received,transaction,2347 
467,101,received,transaction,2347 
468,116,received,transaction,2347 
469,112,received,transaction,2347 
469, 100,Appended, Transaction, 2348
469, 100, broadcasting, data, 2348
470,110,received,transaction,2348 
470,108,received,transaction,2347 
471,114,received,transaction,2348 
471,115,received,transaction,2348 
471,116,received,transaction,2348 
472,104,received,transaction,2348 
472,103,received,transaction,2348 
473,107,received,transaction,2347 
473,109,received,transaction,2348 
474,111,received,transaction,2348 
474,113,received,transaction,2348 
475,107,received,transaction,2348 
477,113,received,transaction,2347 
477,103,received,transaction,2347 
478,114,received,transaction,2347 
478,111,received,transaction,2347 
479, 100,Appended, Transaction, 2349
479, 100, broadcasting, data, 2349
480,117,received,transaction,2348 
480,105,received,transaction,2348 
480,106,received,transaction,2349 
480,110,received,transaction,2349 
481,105,received,transaction,2349 
481,109,received,transaction,2349 
481,112,received,transaction,2349 
482,117,received,transaction,2347 
482,112,received,transaction,2348 
482,103,received,transaction,2349 
483,106,received,transaction,2348 
484,117,received,transaction,2349 
484,101,received,transaction,2349 
484,111,received,transaction,2349 
484,114,received,transaction,2349 
485,113,received,transaction,2349 
485,102,received,transaction,2348 
487,118,received,transaction,2349 
487,101,received,transaction,2348 
488,108,received,transaction,2349 
489,104,received,transaction,2349 
489,102,received,transaction,2349 
489,107,received,transaction,2349 
489, 100,Appended, Transaction, 2350
489, 100, broadcasting, data, 2350
490,118,received,transaction,2350 
491,116,received,transaction,2349 
491,105,received,transaction,2350 
491,112,received,transaction,2350 
491,115,received,transaction,2350 
492,118,received,transaction,2348 
492,108,received,transaction,2348 
493,115,received,transaction,2349 
493,104,received,transaction,2350 
494,110,received,transaction,2350 
494,116,received,transaction,2350 
497,106,received,transaction,2350 
497,107,received,transaction,2350 
498,108,received,transaction,2350 
499,117,received,transaction,2350 
499, 100,Appended, Transaction, 2351
499, 100, broadcasting, data, 2351
499,103,received,transaction,2350 
Simulation ended
