0,100, generated, node, -
0,101, generated, node, -
0,102, generated, node, -
0,103, generated, node, -
0,104, generated, node, -
0,105, generated, node, -
0,106, generated, node, -
0,107, generated, node, -
0,108, generated, node, -
0,109, generated, node, -
0,110, generated, node, -
0,111, generated, node, -
0,112, generated, node, -
0,113, generated, node, -
0,114, generated, node, -
0,115, generated, node, -
0,116, generated, node, -
0,117, generated, node, -
0,118, generated, node, -
0, 100,Appended, Transaction, 2301
0, 100, broadcasting, data, 2301
0,113,received,transaction,2301 
0,103,received,transaction,2301 
0,102,received,transaction,2301 
1,110,received,transaction,2301 
2,112,received,transaction,2301 
2,115,received,transaction,2301 
2,111,received,transaction,2301 
4,104,received,transaction,2301 
6,105,received,transaction,2301 
8,106,received,transaction,2301 
9,118,received,transaction,2301 
10, 100,Appended, Transaction, 2302
10, 100, broadcasting, data, 2302
10,101,received,transaction,2302 
11,110,received,transaction,2302 
11,118,received,transaction,2302 
12,105,received,transaction,2302 
12,112,received,transaction,2302 
12,102,received,transaction,2302 
12,115,received,transaction,2302 
13,104,received,transaction,2302 
13,114,received,transaction,2301 
14,103,received,transaction,2302 
15,109,received,transaction,2301 
15,106,received,transaction,2302 
16,107,received,transaction,2302 
16,117,received,transaction,2301 
17,111,received,transaction,2302 
19,108,received,transaction,2302 
19,101,received,transaction,2301 
20, 100,Appended, Transaction, 2303
20, 100, broadcasting, data, 2303
20,103,received,transaction,2303 
20,109,received,transaction,2302 
20,113,received,transaction,2302 
20,116,received,transaction,2302 
21,106,received,transaction,2303 
21,108,received,transaction,2301 
21,104,received,transaction,2303 
22,109,received,transaction,2303 
22,115,received,transaction,2303 
22,112,received,transaction,2303 
22,117,received,transaction,2302 
22,105,received,transaction,2303 
24,118,received,transaction,2303 
24,101,received,transaction,2303 
24,116,received,transaction,2301 
24,110,received,transaction,2303 
26,116,received,transaction,2303 
27,107,received,transaction,2301 
28,102,received,transaction,2303 
28,114,received,transaction,2302 
29,108,received,transaction,2303 
29,111,received,transaction,2303 
30, 100,Appended, Transaction, 2304
30, 100, broadcasting, data, 2304
31,106,received,transaction,2304 
31,118,received,transaction,2304 
32,112,received,transaction,2304 
32,117,received,transaction,2303 
33,107,received,transaction,2303 
33,103,received,transaction,2304 
33,114,received,transaction,2303 
34,109,received,transaction,2304 
36,116,received,transaction,2304 
36,117,received,transaction,2304 
37,113,received,transaction,2303 
37,113,received,transaction,2304 
39,110,received,transaction,2304 
39,101,received,transaction,2304 
39,115,received,transaction,2304 
39,108,received,transaction,2304 
40, 100,Appended, Transaction, 2305
40, 100, broadcasting, data, 2305
40,114,received,transaction,2304 
41,118,received,transaction,2305 
42,112,received,transaction,2305 
44,116,received,transaction,2305 
45,111,received,transaction,2305 
45,113,received,transaction,2305 
45,106,received,transaction,2305 
45,114,received,transaction,2305 
46,111,received,transaction,2304 
46,115,received,transaction,2305 
46,107,received,transaction,2304 
47,105,received,transaction,2305 
47,102,received,transaction,2304 
47,107,received,transaction,2305 
49,108,received,transaction,2305 
49,117,received,transaction,2305 
49,110,received,transaction,2305 
50, 100,Appended, Transaction, 2306
50, 100, broadcasting, data, 2306
50,109,received,transaction,2306 
50,105,received,transaction,2304 
51,110,received,transaction,2306 
52,105,received,transaction,2306 
52,116,received,transaction,2306 
52,106,received,transaction,2306 
52,104,received,transaction,2304 
52,103,received,transaction,2305 
52,102,received,transaction,2306 
53,104,received,transaction,2305 
54,104,received,transaction,2306 
54,101,received,transaction,2306 
55,111,received,transaction,2306 
57,102,received,transaction,2305 
58,107,received,transaction,2306 
59,118,received,transaction,2306 
59,113,received,transaction,2306 
59,117,received,transaction,2306 
60, 100,Appended, Transaction, 2307
60, 100, broadcasting, data, 2307
60,112,received,transaction,2306 
60,101,received,transaction,2305 
61,106,received,transaction,2307 
61,117,received,transaction,2307 
62,105,received,transaction,2307 
62,116,received,transaction,2307 
62,101,received,transaction,2307 
62,115,received,transaction,2306 
62,109,received,transaction,2307 
64,112,received,transaction,2307 
65,113,received,transaction,2307 
65,109,received,transaction,2305 
66,110,received,transaction,2307 
66,103,received,transaction,2306 
68,108,received,transaction,2306 
68,103,received,transaction,2307 
68,114,received,transaction,2307 
69,118,received,transaction,2307 
70, 100,Appended, Transaction, 2308
70, 100, broadcasting, data, 2308
71,106,received,transaction,2308 
71,118,received,transaction,2308 
71,104,received,transaction,2307 
72,112,received,transaction,2308 
72,114,received,transaction,2306 
72,111,received,transaction,2307 
73,111,received,transaction,2308 
73,108,received,transaction,2307 
73,116,received,transaction,2308 
74,102,received,transaction,2307 
74,104,received,transaction,2308 
74,105,received,transaction,2308 
75,114,received,transaction,2308 
76,107,received,transaction,2307 
77,108,received,transaction,2308 
79,117,received,transaction,2308 
80, 100,Appended, Transaction, 2309
80, 100, broadcasting, data, 2309
80,109,received,transaction,2308 
80,108,received,transaction,2309 
81,106,received,transaction,2309 
81,118,received,transaction,2309 
81,112,received,transaction,2309 
82,105,received,transaction,2309 
82,109,received,transaction,2309 
82,110,received,transaction,2308 
83,103,received,transaction,2309 
84,104,received,transaction,2309 
84,113,received,transaction,2309 
85,102,received,transaction,2309 
85,107,received,transaction,2309 
85,115,received,transaction,2308 
86,111,received,transaction,2309 
86,113,received,transaction,2308 
86,103,received,transaction,2308 
88,115,received,transaction,2309 
89,110,received,transaction,2309 
89,107,received,transaction,2308 
89,116,received,transaction,2309 
90,115,received,transaction,2307 
90, 100,Appended, Transaction, 2310
90, 100, broadcasting, data, 2310
90,105,received,transaction,2310 
90,111,received,transaction,2310 
91,106,received,transaction,2310 
91,110,received,transaction,2310 
92,115,received,transaction,2310 
92,116,received,transaction,2310 
94,101,received,transaction,2309 
94,102,received,transaction,2310 
95,101,received,transaction,2310 
95,102,received,transaction,2308 
96,114,received,transaction,2310 
97,109,received,transaction,2310 
99,108,received,transaction,2310 
99,104,received,transaction,2310 
100, 100,Appended, Transaction, 2311
100, 100, broadcasting, data, 2311
100,110,received,transaction,2311 
102,105,received,transaction,2311 
102,109,received,transaction,2311 
102,112,received,transaction,2311 
102,115,received,transaction,2311 
102,116,received,transaction,2311 
102,107,received,transaction,2310 
102,101,received,transaction,2308 
102,118,received,transaction,2311 
103,103,received,transaction,2311 
103,117,received,transaction,2309 
104,103,received,transaction,2310 
104,112,received,transaction,2310 
105,114,received,transaction,2309 
106,114,received,transaction,2311 
107,113,received,transaction,2310 
107,101,received,transaction,2311 
107,113,received,transaction,2311 
107,107,received,transaction,2311 
108,102,received,transaction,2311 
108,118,received,transaction,2310 
108,106,received,transaction,2311 
109,108,received,transaction,2311 
110, 100,Appended, Transaction, 2312
110, 100, broadcasting, data, 2312
110,117,received,transaction,2311 
110,112,received,transaction,2312 
111,110,received,transaction,2312 
111,118,received,transaction,2312 
112,105,received,transaction,2312 
112,115,received,transaction,2312 
114,117,received,transaction,2310 
115,102,received,transaction,2312 
115,111,received,transaction,2312 
117,116,received,transaction,2312 
118,106,received,transaction,2312 
119,108,received,transaction,2312 
120,113,received,transaction,2312 
120, 100,Appended, Transaction, 2313
120, 100, broadcasting, data, 2313
121,103,received,transaction,2312 
121,106,received,transaction,2313 
121,110,received,transaction,2313 
121,118,received,transaction,2313 
121,104,received,transaction,2311 
121,114,received,transaction,2312 
121,104,received,transaction,2312 
122,109,received,transaction,2313 
122,115,received,transaction,2313 
122,109,received,transaction,2312 
122,112,received,transaction,2313 
122,101,received,transaction,2313 
125,114,received,transaction,2313 
125,103,received,transaction,2313 
126,107,received,transaction,2312 
126,117,received,transaction,2312 
127,101,received,transaction,2312 
127,105,received,transaction,2313 
127,117,received,transaction,2313 
128,107,received,transaction,2313 
128,113,received,transaction,2313 
128,116,received,transaction,2313 
129,111,received,transaction,2313 
130, 100,Appended, Transaction, 2314
130, 100, broadcasting, data, 2314
130,111,received,transaction,2311 
130,102,received,transaction,2313 
130,116,received,transaction,2314 
131,103,received,transaction,2314 
131,106,received,transaction,2314 
132,105,received,transaction,2314 
132,109,received,transaction,2314 
132,102,received,transaction,2314 
132,118,received,transaction,2314 
133,117,received,transaction,2314 
133,104,received,transaction,2313 
133,107,received,transaction,2314 
134,108,received,transaction,2313 
134,113,received,transaction,2314 
135,111,received,transaction,2314 
136,101,received,transaction,2314 
139,114,received,transaction,2314 
139, 100,Appended, Transaction, 2315
139, 100, broadcasting, data, 2315
140,114,received,transaction,2315 
140,117,received,transaction,2315 
140,118,received,transaction,2315 
141,112,received,transaction,2314 
141,105,received,transaction,2315 
141,109,received,transaction,2315 
141,115,received,transaction,2315 
141,116,received,transaction,2315 
143,106,received,transaction,2315 
143,101,received,transaction,2315 
143,104,received,transaction,2315 
144,111,received,transaction,2315 
145,110,received,transaction,2314 
146,107,received,transaction,2315 
149, 100,Appended, Transaction, 2316
149, 100, broadcasting, data, 2316
150,108,received,transaction,2314 
150,113,received,transaction,2315 
150,103,received,transaction,2315 
150,112,received,transaction,2316 
150,106,received,transaction,2316 
151,109,received,transaction,2316 
151,105,received,transaction,2316 
151,116,received,transaction,2316 
152,118,received,transaction,2316 
152,115,received,transaction,2314 
152,114,received,transaction,2316 
152,107,received,transaction,2316 
153,104,received,transaction,2314 
153,104,received,transaction,2316 
154,112,received,transaction,2315 
154,101,received,transaction,2316 
154,113,received,transaction,2316 
155,110,received,transaction,2315 
157,111,received,transaction,2316 
158,108,received,transaction,2315 
158,110,received,transaction,2316 
160, 100,Appended, Transaction, 2317
160, 100, broadcasting, data, 2317
160,102,received,transaction,2315 
161,103,received,transaction,2316 
162,109,received,transaction,2317 
162,112,received,transaction,2317 
162,116,received,transaction,2317 
162,118,received,transaction,2317 
163,105,received,transaction,2317 
163,115,received,transaction,2317 
164,101,received,transaction,2317 
164,103,received,transaction,2317 
164,115,received,transaction,2316 
165,102,received,transaction,2317 
165,111,received,transaction,2317 
165,117,received,transaction,2316 
165,106,received,transaction,2317 
165,114,received,transaction,2317 
165,117,received,transaction,2317 
166,113,received,transaction,2317 
166,102,received,transaction,2316 
166,110,received,transaction,2317 
170, 100,Appended, Transaction, 2318
170, 100, broadcasting, data, 2318
170,118,received,transaction,2318 
171,108,received,transaction,2317 
172,104,received,transaction,2317 
172,112,received,transaction,2318 
172,116,received,transaction,2318 
172,101,received,transaction,2318 
172,114,received,transaction,2318 
173,105,received,transaction,2318 
174,108,received,transaction,2316 
174,108,received,transaction,2318 
175,102,received,transaction,2318 
175,113,received,transaction,2318 
175,107,received,transaction,2317 
177,110,received,transaction,2318 
178,103,received,transaction,2318 
178,106,received,transaction,2318 
179,111,received,transaction,2318 
180, 100,Appended, Transaction, 2319
180, 100, broadcasting, data, 2319
181,106,received,transaction,2319 
181,117,received,transaction,2318 
181,109,received,transaction,2319 
181,116,received,transaction,2319 
182,115,received,transaction,2318 
183,114,received,transaction,2319 
185,107,received,transaction,2318 
187,110,received,transaction,2319 
187,108,received,transaction,2319 
187,104,received,transaction,2318 
187,101,received,transaction,2319 
188,107,received,transaction,2319 
188,113,received,transaction,2319 
189, 100,Appended, Transaction, 2320
189, 100, broadcasting, data, 2320
190,110,received,transaction,2320 
190,103,received,transaction,2319 
191,118,received,transaction,2319 
191,109,received,transaction,2320 
191,116,received,transaction,2320 
193,112,received,transaction,2319 
193,115,received,transaction,2319 
194,107,received,transaction,2320 
194,109,received,transaction,2318 
194,104,received,transaction,2320 
194,111,received,transaction,2320 
194,113,received,transaction,2320 
195,114,received,transaction,2320 
196,118,received,transaction,2320 
196,115,received,transaction,2320 
196,108,received,transaction,2320 
197,101,received,transaction,2320 
198,106,received,transaction,2320 
199, 100,Appended, Transaction, 2321
199, 100, broadcasting, data, 2321
200,118,received,transaction,2321 
200,111,received,transaction,2319 
200,102,received,transaction,2321 
200,105,received,transaction,2319 
200,106,received,transaction,2321 
200,110,received,transaction,2321 
201,115,received,transaction,2321 
201,105,received,transaction,2321 
201,109,received,transaction,2321 
201,105,received,transaction,2320 
202,102,received,transaction,2319 
202,103,received,transaction,2321 
203,102,received,transaction,2320 
203,117,received,transaction,2321 
203,112,received,transaction,2320 
204,103,received,transaction,2320 
204,113,received,transaction,2321 
204,107,received,transaction,2321 
204,101,received,transaction,2321 
204,111,received,transaction,2321 
205,104,received,transaction,2321 
206,104,received,transaction,2319 
206,117,received,transaction,2319 
207,117,received,transaction,2320 
208,112,received,transaction,2321 
208,108,received,transaction,2321 
209, 100,Appended, Transaction, 2322
209, 100, broadcasting, data, 2322
210,106,received,transaction,2322 
210,110,received,transaction,2322 
211,114,received,transaction,2321 
211,112,received,transaction,2322 
211,115,received,transaction,2322 
212,103,received,transaction,2322 
213,114,received,transaction,2322 
213,116,received,transaction,2321 
214,101,received,transaction,2322 
214,102,received,transaction,2322 
214,111,received,transaction,2322 
215,116,received,transaction,2322 
218,108,received,transaction,2322 
219,104,received,transaction,2322 
219,117,received,transaction,2322 
219,105,received,transaction,2322 
220, 100,Appended, Transaction, 2323
220, 100, broadcasting, data, 2323
220,116,received,transaction,2323 
220,103,received,transaction,2323 
221,106,received,transaction,2323 
221,112,received,transaction,2323 
222,117,received,transaction,2323 
222,105,received,transaction,2323 
222,111,received,transaction,2323 
223,113,received,transaction,2323 
223,108,received,transaction,2323 
224,104,received,transaction,2323 
224,107,received,transaction,2323 
225,109,received,transaction,2322 
225,109,received,transaction,2323 
226,113,received,transaction,2322 
226,118,received,transaction,2322 
228,114,received,transaction,2323 
229,107,received,transaction,2322 
230,110,received,transaction,2323 
230, 100,Appended, Transaction, 2324
230, 100, broadcasting, data, 2324
230,102,received,transaction,2324 
230,111,received,transaction,2324 
231,115,received,transaction,2323 
231,103,received,transaction,2324 
231,110,received,transaction,2324 
231,118,received,transaction,2324 
231,112,received,transaction,2324 
232,106,received,transaction,2324 
232,115,received,transaction,2324 
232,116,received,transaction,2324 
233,102,received,transaction,2323 
233,118,received,transaction,2323 
234,108,received,transaction,2324 
235,114,received,transaction,2324 
236,113,received,transaction,2324 
238,107,received,transaction,2324 
239,105,received,transaction,2324 
239,101,received,transaction,2323 
239,117,received,transaction,2324 
240,104,received,transaction,2324 
240, 100,Appended, Transaction, 2325
240, 100, broadcasting, data, 2325
240,109,received,transaction,2324 
241,110,received,transaction,2325 
241,118,received,transaction,2325 
242,117,received,transaction,2325 
242,111,received,transaction,2325 
242,115,received,transaction,2325 
242,116,received,transaction,2325 
243,105,received,transaction,2325 
243,109,received,transaction,2325 
243,114,received,transaction,2325 
245,113,received,transaction,2325 
245,101,received,transaction,2324 
248,108,received,transaction,2325 
249,102,received,transaction,2325 
250, 100,Appended, Transaction, 2326
250, 100, broadcasting, data, 2326
251,106,received,transaction,2325 
251,112,received,transaction,2326 
251,107,received,transaction,2325 
251,101,received,transaction,2325 
252,102,received,transaction,2326 
252,116,received,transaction,2326 
252,105,received,transaction,2326 
253,103,received,transaction,2325 
253,118,received,transaction,2326 
253,104,received,transaction,2325 
254,108,received,transaction,2326 
254,117,received,transaction,2326 
255,111,received,transaction,2326 
255,106,received,transaction,2326 
256,112,received,transaction,2325 
256,114,received,transaction,2326 
258,107,received,transaction,2326 
259,113,received,transaction,2326 
260, 100,Appended, Transaction, 2327
260, 100, broadcasting, data, 2327
260,115,received,transaction,2326 
261,110,received,transaction,2327 
261,118,received,transaction,2327 
261,115,received,transaction,2327 
262,110,received,transaction,2326 
262,103,received,transaction,2326 
262,116,received,transaction,2327 
262,112,received,transaction,2327 
263,117,received,transaction,2327 
264,109,received,transaction,2327 
264,104,received,transaction,2327 
266,109,received,transaction,2326 
267,105,received,transaction,2327 
267,106,received,transaction,2327 
269,114,received,transaction,2327 
269,103,received,transaction,2327 
269,111,received,transaction,2327 
269,108,received,transaction,2327 
269,113,received,transaction,2327 
270,102,received,transaction,2327 
270, 100,Appended, Transaction, 2328
270, 100, broadcasting, data, 2328
270,116,received,transaction,2328 
271,101,received,transaction,2327 
271,110,received,transaction,2328 
271,101,received,transaction,2326 
271,104,received,transaction,2326 
272,102,received,transaction,2328 
272,114,received,transaction,2328 
272,105,received,transaction,2328 
272,115,received,transaction,2328 
273,118,received,transaction,2328 
273,101,received,transaction,2328 
275,107,received,transaction,2327 
275,113,received,transaction,2328 
275,104,received,transaction,2328 
276,103,received,transaction,2328 
278,112,received,transaction,2328 
278,107,received,transaction,2328 
279,108,received,transaction,2328 
279,106,received,transaction,2328 
280,117,received,transaction,2328 
280, 100,Appended, Transaction, 2329
280, 100, broadcasting, data, 2329
281,118,received,transaction,2329 
281,110,received,transaction,2329 
281,107,received,transaction,2329 
281,116,received,transaction,2329 
282,114,received,transaction,2329 
282,112,received,transaction,2329 
282,102,received,transaction,2329 
283,103,received,transaction,2329 
284,109,received,transaction,2329 
285,111,received,transaction,2329 
287,108,received,transaction,2329 
290, 100,Appended, Transaction, 2330
290, 100, broadcasting, data, 2330
290,111,received,transaction,2328 
291,116,received,transaction,2330 
291,106,received,transaction,2330 
291,110,received,transaction,2330 
291,118,received,transaction,2330 
292,105,received,transaction,2330 
292,112,received,transaction,2330 
292,115,received,transaction,2330 
292,103,received,transaction,2330 
293,109,received,transaction,2330 
293,115,received,transaction,2329 
294,104,received,transaction,2330 
295,102,received,transaction,2330 
295,114,received,transaction,2330 
295,113,received,transaction,2330 
297,104,received,transaction,2329 
297,101,received,transaction,2329 
297,101,received,transaction,2330 
298,113,received,transaction,2329 
299,106,received,transaction,2329 
299,108,received,transaction,2330 
299,105,received,transaction,2329 
300, 100,Appended, Transaction, 2331
300, 100, broadcasting, data, 2331
300,101,received,transaction,2331 
301,106,received,transaction,2331 
301,110,received,transaction,2331 
301,117,received,transaction,2329 
302,109,received,transaction,2328 
302,116,received,transaction,2331 
303,118,received,transaction,2331 
304,111,received,transaction,2330 
304,104,received,transaction,2331 
304,111,received,transaction,2331 
304,109,received,transaction,2331 
305,113,received,transaction,2331 
305,112,received,transaction,2331 
306,117,received,transaction,2330 
307,107,received,transaction,2330 
307,102,received,transaction,2331 
309,117,received,transaction,2331 
310,114,received,transaction,2331 
310, 100,Appended, Transaction, 2332
310, 100, broadcasting, data, 2332
311,105,received,transaction,2331 
311,107,received,transaction,2332 
311,118,received,transaction,2332 
312,103,received,transaction,2331 
312,113,received,transaction,2332 
312,105,received,transaction,2332 
312,115,received,transaction,2331 
313,107,received,transaction,2331 
315,101,received,transaction,2332 
315,111,received,transaction,2332 
315,108,received,transaction,2331 
315,108,received,transaction,2332 
316,103,received,transaction,2332 
316,116,received,transaction,2332 
316,110,received,transaction,2332 
320, 100,Appended, Transaction, 2333
320, 100, broadcasting, data, 2333
321,107,received,transaction,2333 
321,114,received,transaction,2332 
321,106,received,transaction,2333 
322,102,received,transaction,2332 
322,115,received,transaction,2333 
322,116,received,transaction,2333 
323,118,received,transaction,2333 
323,103,received,transaction,2333 
323,112,received,transaction,2332 
324,109,received,transaction,2332 
324,115,received,transaction,2332 
325,111,received,transaction,2333 
325,114,received,transaction,2333 
325,101,received,transaction,2333 
326,117,received,transaction,2332 
326,104,received,transaction,2332 
327,108,received,transaction,2333 
327,104,received,transaction,2333 
328,113,received,transaction,2333 
328,106,received,transaction,2332 
329,105,received,transaction,2333 
330,117,received,transaction,2333 
330, 100,Appended, Transaction, 2334
330, 100, broadcasting, data, 2334
331,109,received,transaction,2333 
331,110,received,transaction,2334 
331,118,received,transaction,2334 
331,105,received,transaction,2334 
331,112,received,transaction,2333 
332,109,received,transaction,2334 
332,116,received,transaction,2334 
332,102,received,transaction,2333 
333,115,received,transaction,2334 
333,110,received,transaction,2333 
334,104,received,transaction,2334 
335,111,received,transaction,2334 
335,114,received,transaction,2334 
335,103,received,transaction,2334 
337,112,received,transaction,2334 
337,113,received,transaction,2334 
339,106,received,transaction,2334 
339,101,received,transaction,2334 
340, 100,Appended, Transaction, 2335
340, 100, broadcasting, data, 2335
341,109,received,transaction,2335 
341,102,received,transaction,2334 
342,114,received,transaction,2335 
342,105,received,transaction,2335 
342,112,received,transaction,2335 
343,113,received,transaction,2335 
345,101,received,transaction,2335 
345,102,received,transaction,2335 
345,117,received,transaction,2335 
345,107,received,transaction,2334 
347,108,received,transaction,2335 
347,106,received,transaction,2335 
347,103,received,transaction,2335 
348,107,received,transaction,2335 
348,117,received,transaction,2334 
348,108,received,transaction,2334 
349,104,received,transaction,2335 
349,116,received,transaction,2335 
350, 100,Appended, Transaction, 2336
350, 100, broadcasting, data, 2336
350,115,received,transaction,2335 
351,106,received,transaction,2336 
351,118,received,transaction,2335 
352,105,received,transaction,2336 
352,109,received,transaction,2336 
352,116,received,transaction,2336 
352,111,received,transaction,2335 
352,115,received,transaction,2336 
353,110,received,transaction,2335 
353,103,received,transaction,2336 
355,102,received,transaction,2336 
355,114,received,transaction,2336 
355,113,received,transaction,2336 
356,111,received,transaction,2336 
357,104,received,transaction,2336 
357,110,received,transaction,2336 
358,112,received,transaction,2336 
359,108,received,transaction,2336 
360, 100,Appended, Transaction, 2337
360, 100, broadcasting, data, 2337
361,106,received,transaction,2337 
361,110,received,transaction,2337 
361,118,received,transaction,2337 
361,116,received,transaction,2337 
362,118,received,transaction,2336 
362,105,received,transaction,2337 
362,109,received,transaction,2337 
362,112,received,transaction,2337 
362,101,received,transaction,2336 
363,111,received,transaction,2337 
363,102,received,transaction,2337 
364,104,received,transaction,2337 
365,101,received,transaction,2337 
365,107,received,transaction,2337 
366,114,received,transaction,2337 
366,115,received,transaction,2337 
370, 100,Appended, Transaction, 2338
370, 100, broadcasting, data, 2338
371,106,received,transaction,2338 
371,110,received,transaction,2338 
371,118,received,transaction,2338 
371,117,received,transaction,2336 
372,113,received,transaction,2337 
372,112,received,transaction,2338 
372,115,received,transaction,2338 
372,116,received,transaction,2338 
374,103,received,transaction,2338 
374,109,received,transaction,2338 
375,105,received,transaction,2338 
375,104,received,transaction,2338 
375,111,received,transaction,2338 
375,113,received,transaction,2338 
375,114,received,transaction,2338 
375,101,received,transaction,2338 
376,107,received,transaction,2336 
376,108,received,transaction,2338 
378,103,received,transaction,2337 
379,117,received,transaction,2338 
380,108,received,transaction,2337 
380, 100,Appended, Transaction, 2339
380, 100, broadcasting, data, 2339
381,117,received,transaction,2337 
381,103,received,transaction,2339 
382,105,received,transaction,2339 
382,112,received,transaction,2339 
384,109,received,transaction,2339 
384,117,received,transaction,2339 
385,111,received,transaction,2339 
385,114,received,transaction,2339 
386,118,received,transaction,2339 
387,104,received,transaction,2339 
388,102,received,transaction,2338 
388,107,received,transaction,2339 
389,116,received,transaction,2339 
390,102,received,transaction,2339 
390,106,received,transaction,2339 
390, 100,Appended, Transaction, 2340
390, 100, broadcasting, data, 2340
390,111,received,transaction,2340 
391,110,received,transaction,2340 
391,118,received,transaction,2340 
391,110,received,transaction,2339 
391,117,received,transaction,2340 
391,108,received,transaction,2339 
392,105,received,transaction,2340 
392,114,received,transaction,2340 
392,106,received,transaction,2340 
393,103,received,transaction,2340 
394,115,received,transaction,2339 
395,101,received,transaction,2340 
395,107,received,transaction,2338 
395,108,received,transaction,2340 
395,116,received,transaction,2340 
398,109,received,transaction,2340 
398,104,received,transaction,2340 
399,113,received,transaction,2340 
400, 100,Appended, Transaction, 2341
400, 100, broadcasting, data, 2341
401,106,received,transaction,2341 
401,118,received,transaction,2341 
401,101,received,transaction,2339 
402,105,received,transaction,2341 
402,112,received,transaction,2341 
402,115,received,transaction,2341 
402,115,received,transaction,2340 
402,110,received,transaction,2341 
404,104,received,transaction,2341 
405,112,received,transaction,2340 
405,114,received,transaction,2341 
405,102,received,transaction,2340 
405,102,received,transaction,2341 
408,116,received,transaction,2341 
409,113,received,transaction,2339 
409,107,received,transaction,2340 
409,108,received,transaction,2341 
409,113,received,transaction,2341 
410, 100,Appended, Transaction, 2342
410, 100, broadcasting, data, 2342
410,117,received,transaction,2341 
410,101,received,transaction,2342 
411,101,received,transaction,2341 
412,112,received,transaction,2342 
412,115,received,transaction,2342 
412,116,received,transaction,2342 
412,105,received,transaction,2342 
413,111,received,transaction,2341 
413,103,received,transaction,2342 
413,110,received,transaction,2342 
413,103,received,transaction,2341 
414,104,received,transaction,2342 
415,106,received,transaction,2342 
416,109,received,transaction,2342 
416,102,received,transaction,2342 
417,109,received,transaction,2341 
418,107,received,transaction,2342 
418,113,received,transaction,2342 
418,107,received,transaction,2341 
420, 100,Appended, Transaction, 2343
420, 100, broadcasting, data, 2343
420,118,received,transaction,2343 
421,106,received,transaction,2343 
421,110,received,transaction,2343 
421,118,received,transaction,2342 
421,114,received,transaction,2342 
422,105,received,transaction,2343 
422,116,received,transaction,2343 
423,109,received,transaction,2343 
423,111,received,transaction,2342 
424,104,received,transaction,2343 
424,108,received,transaction,2343 
425,102,received,transaction,2343 
425,113,received,transaction,2343 
426,107,received,transaction,2343 
426,111,received,transaction,2343 
427,117,received,transaction,2342 
428,112,received,transaction,2343 
428,101,received,transaction,2343 
429, 100,Appended, Transaction, 2344
429, 100, broadcasting, data, 2344
430,108,received,transaction,2342 
430,114,received,transaction,2343 
430,110,received,transaction,2344 
430,106,received,transaction,2344 
430,118,received,transaction,2344 
431,103,received,transaction,2343 
431,105,received,transaction,2344 
431,112,received,transaction,2344 
431,116,received,transaction,2344 
432,114,received,transaction,2344 
433,104,received,transaction,2344 
434,115,received,transaction,2344 
434,102,received,transaction,2344 
434,111,received,transaction,2344 
434,109,received,transaction,2344 
437,107,received,transaction,2344 
438,113,received,transaction,2344 
438,103,received,transaction,2344 
438,115,received,transaction,2343 
438,117,received,transaction,2344 
439,108,received,transaction,2344 
439, 100,Appended, Transaction, 2345
439, 100, broadcasting, data, 2345
440,106,received,transaction,2345 
440,110,received,transaction,2345 
441,115,received,transaction,2345 
442,101,received,transaction,2344 
443,104,received,transaction,2345 
444,117,received,transaction,2345 
444,103,received,transaction,2345 
444,111,received,transaction,2345 
444,114,received,transaction,2345 
445,112,received,transaction,2345 
448,118,received,transaction,2345 
449, 100,Appended, Transaction, 2346
449, 100, broadcasting, data, 2346
449,106,received,transaction,2346 
450,108,received,transaction,2346 
450,108,received,transaction,2345 
450,107,received,transaction,2345 
450,116,received,transaction,2345 
451,105,received,transaction,2346 
451,109,received,transaction,2346 
451,115,received,transaction,2346 
451,116,received,transaction,2346 
452,113,received,transaction,2346 
452,101,received,transaction,2345 
452,117,received,transaction,2343 
452,112,received,transaction,2346 
453,105,received,transaction,2345 
453,118,received,transaction,2346 
453,114,received,transaction,2346 
454,102,received,transaction,2346 
454,111,received,transaction,2346 
456,110,received,transaction,2346 
457,117,received,transaction,2346 
458,101,received,transaction,2346 
459,102,received,transaction,2345 
459, 100,Appended, Transaction, 2347
459, 100, broadcasting, data, 2347
460,104,received,transaction,2346 
460,103,received,transaction,2346 
460,113,received,transaction,2345 
460,118,received,transaction,2347 
460,109,received,transaction,2345 
461,112,received,transaction,2347 
462,111,received,transaction,2347 
462,103,received,transaction,2347 
463,109,received,transaction,2347 
463,110,received,transaction,2347 
464,113,received,transaction,2347 
468,101,received,transaction,2347 
469, 100,Appended, Transaction, 2348
469, 100, broadcasting, data, 2348
470,104,received,transaction,2347 
470,115,received,transaction,2347 
470,118,received,transaction,2348 
471,107,received,transaction,2346 
471,105,received,transaction,2348 
471,112,received,transaction,2348 
471,116,received,transaction,2348 
471,116,received,transaction,2347 
472,107,received,transaction,2347 
473,102,received,transaction,2347 
474,108,received,transaction,2347 
474,103,received,transaction,2348 
474,102,received,transaction,2348 
474,114,received,transaction,2348 
475,106,received,transaction,2347 
475,117,received,transaction,2347 
476,101,received,transaction,2348 
477,113,received,transaction,2348 
478,105,received,transaction,2347 
478,106,received,transaction,2348 
479,115,received,transaction,2348 
479, 100,Appended, Transaction, 2349
479, 100, broadcasting, data, 2349
480,110,received,transaction,2349 
480,118,received,transaction,2349 
481,110,received,transaction,2348 
481,114,received,transaction,2349 
481,104,received,transaction,2348 
481,109,received,transaction,2349 
481,115,received,transaction,2349 
481,116,received,transaction,2349 
482,109,received,transaction,2348 
483,103,received,transaction,2349 
483,112,received,transaction,2349 
483,104,received,transaction,2349 
484,102,received,transaction,2349 
484,113,received,transaction,2349 
484,107,received,transaction,2348 
485,114,received,transaction,2347 
485,108,received,transaction,2348 
485,106,received,transaction,2349 
486,111,received,transaction,2348 
487,107,received,transaction,2349 
488,105,received,transaction,2349 
489,117,received,transaction,2348 
489,101,received,transaction,2349 
489, 100,Appended, Transaction, 2350
489, 100, broadcasting, data, 2350
490,117,received,transaction,2349 
490,106,received,transaction,2350 
490,118,received,transaction,2350 
491,105,received,transaction,2350 
491,115,received,transaction,2350 
491,116,received,transaction,2350 
492,103,received,transaction,2350 
493,107,received,transaction,2350 
493,104,received,transaction,2350 
494,114,received,transaction,2350 
497,113,received,transaction,2350 
497,101,received,transaction,2350 
498,117,received,transaction,2350 
498,111,received,transaction,2350 
499,109,received,transaction,2350 
499, 100,Appended, Transaction, 2351
499, 100, broadcasting, data, 2351
Simulation ended
