0,100, generated, node, -
0,101, generated, node, -
0,102, generated, node, -
0,103, generated, node, -
0,104, generated, node, -
0,105, generated, node, -
0,106, generated, node, -
0,107, generated, node, -
0,108, generated, node, -
0,109, generated, node, -
0,110, generated, node, -
0,111, generated, node, -
0,112, generated, node, -
0,113, generated, node, -
0,114, generated, node, -
0,115, generated, node, -
0,116, generated, node, -
0,117, generated, node, -
0,118, generated, node, -
1000, 106, Created, block,99901,0
No of blocks in node 106 is 1
1000, 106, broadcasting, data, 99901
1000,118, received, block, 99901
1000,118, interrupted, block, 99901 
1001,100, received, block, 99901
1001,100, interrupted, block, 99901 
1001,104, received, block, 99901
1001,104, interrupted, block, 99901 
1001,112, received, block, 99901
1001,112, interrupted, block, 99901 
1002,101, received, block, 99901
1002,101, interrupted, block, 99901 
1002,102, received, block, 99901
1002,102, interrupted, block, 99901 
1002,114, received, block, 99901
1002,114, interrupted, block, 99901 
1003,108, received, block, 99901
1003,108, interrupted, block, 99901 
1004,107, received, block, 99901
1004,107, interrupted, block, 99901 
1005,117, received, block, 99901
1005,117, interrupted, block, 99901 
1006,105, received, block, 99901
1006,105, interrupted, block, 99901 
No of blocks in node 112 is 1
1006,115, received, block, 99901
1006,115, interrupted, block, 99901 
No of blocks in node 100 is 1
1008,109, received, block, 99901
1008,109, interrupted, block, 99901 
1008,113, received, block, 99901
1008,113, interrupted, block, 99901 
1008,103, received, block, 99901
1008,103, interrupted, block, 99901 
1009,111, received, block, 99901
1009,111, interrupted, block, 99901 
1011,110, received, block, 99901
1011,110, interrupted, block, 99901 
No of blocks in node 103 is 1
No of blocks in node 102 is 1
No of blocks in node 109 is 1
No of blocks in node 107 is 1
No of blocks in node 104 is 1
1023,116, received, block, 99901
1023,116, interrupted, block, 99901 
No of blocks in node 101 is 1
No of blocks in node 117 is 1
No of blocks in node 114 is 1
No of blocks in node 111 is 1
No of blocks in node 116 is 1
No of blocks in node 108 is 1
No of blocks in node 118 is 1
No of blocks in node 105 is 1
No of blocks in node 113 is 1
No of blocks in node 115 is 1
No of blocks in node 110 is 1
2000, 106, Created, block,99902,0
No of blocks in node 106 is 2
2000, 106, broadcasting, data, 99902
2002,102, received, block, 99902
2002,102, interrupted, block, 99902 
2002,113, received, block, 99902
2002,113, interrupted, block, 99902 
2002,118, received, block, 99902
2002,118, interrupted, block, 99902 
2003,109, received, block, 99902
2003,109, interrupted, block, 99902 
2004,107, received, block, 99902
2004,107, interrupted, block, 99902 
2005,103, received, block, 99902
2005,103, interrupted, block, 99902 
2005,110, received, block, 99902
2005,110, interrupted, block, 99902 
No of blocks in node 113 is 2
2006,105, received, block, 99902
2006,105, interrupted, block, 99902 
2006,112, received, block, 99902
2006,112, interrupted, block, 99902 
2006,116, received, block, 99902
2006,116, interrupted, block, 99902 
2009,101, received, block, 99902
2009,101, interrupted, block, 99902 
2010,114, received, block, 99902
2010,114, interrupted, block, 99902 
2011,104, received, block, 99902
2011,104, interrupted, block, 99902 
No of blocks in node 103 is 2
2013,115, received, block, 99902
2013,115, interrupted, block, 99902 
2014,117, received, block, 99902
2014,117, interrupted, block, 99902 
2015,108, received, block, 99902
2015,108, interrupted, block, 99902 
2015,100, received, block, 99902
2015,100, interrupted, block, 99902 
2017,111, received, block, 99902
2017,111, interrupted, block, 99902 
No of blocks in node 111 is 2
No of blocks in node 117 is 2
No of blocks in node 116 is 2
No of blocks in node 114 is 2
No of blocks in node 105 is 2
No of blocks in node 109 is 2
No of blocks in node 118 is 2
No of blocks in node 108 is 2
No of blocks in node 101 is 2
No of blocks in node 110 is 2
No of blocks in node 107 is 2
No of blocks in node 100 is 2
No of blocks in node 102 is 2
No of blocks in node 104 is 2
No of blocks in node 115 is 2
No of blocks in node 112 is 2
3000, 106, Created, block,99903,0
No of blocks in node 106 is 3
3000, 106, broadcasting, data, 99903
3001,100, received, block, 99903
3001,100, interrupted, block, 99903 
3001,118, received, block, 99903
3001,118, interrupted, block, 99903 
3001,104, received, block, 99903
3001,104, interrupted, block, 99903 
3002,111, received, block, 99903
3002,111, interrupted, block, 99903 
3002,113, received, block, 99903
3002,113, interrupted, block, 99903 
3003,105, received, block, 99903
3003,105, interrupted, block, 99903 
3004,101, received, block, 99903
3004,101, interrupted, block, 99903 
3004,112, received, block, 99903
3004,112, interrupted, block, 99903 
3006,109, received, block, 99903
3006,109, interrupted, block, 99903 
3006,114, received, block, 99903
3006,114, interrupted, block, 99903 
3006,108, received, block, 99903
3006,108, interrupted, block, 99903 
3007,117, received, block, 99903
3007,117, interrupted, block, 99903 
3007,107, received, block, 99903
3007,107, interrupted, block, 99903 
3008,110, received, block, 99903
3008,110, interrupted, block, 99903 
3008,103, received, block, 99903
3008,103, interrupted, block, 99903 
3010,102, received, block, 99903
3010,102, interrupted, block, 99903 
No of blocks in node 100 is 3
No of blocks in node 101 is 3
3013,116, received, block, 99903
3013,116, interrupted, block, 99903 
3013,115, received, block, 99903
3013,115, interrupted, block, 99903 
No of blocks in node 113 is 3
No of blocks in node 105 is 3
No of blocks in node 115 is 3
No of blocks in node 111 is 3
No of blocks in node 114 is 3
No of blocks in node 110 is 3
No of blocks in node 104 is 3
No of blocks in node 108 is 3
No of blocks in node 112 is 3
No of blocks in node 118 is 3
No of blocks in node 109 is 3
No of blocks in node 116 is 3
No of blocks in node 103 is 3
No of blocks in node 117 is 3
No of blocks in node 107 is 3
No of blocks in node 102 is 3
4000, 106, Created, block,99904,0
No of blocks in node 106 is 4
4000, 106, broadcasting, data, 99904
4001,104, received, block, 99904
4001,104, interrupted, block, 99904 
4001,115, received, block, 99904
4001,115, interrupted, block, 99904 
4001,100, received, block, 99904
4001,100, interrupted, block, 99904 
4002,102, received, block, 99904
4002,102, interrupted, block, 99904 
4002,111, received, block, 99904
4002,111, interrupted, block, 99904 
4002,113, received, block, 99904
4002,113, interrupted, block, 99904 
4002,103, received, block, 99904
4002,103, interrupted, block, 99904 
4003,118, received, block, 99904
4003,118, interrupted, block, 99904 
4004,101, received, block, 99904
4004,101, interrupted, block, 99904 
4004,114, received, block, 99904
4004,114, interrupted, block, 99904 
No of blocks in node 100 is 4
4005,110, received, block, 99904
4005,110, interrupted, block, 99904 
4005,105, received, block, 99904
4005,105, interrupted, block, 99904 
4005,107, received, block, 99904
4005,107, interrupted, block, 99904 
No of blocks in node 118 is 4
4008,116, received, block, 99904
4008,116, interrupted, block, 99904 
No of blocks in node 114 is 4
No of blocks in node 104 is 4
4012,112, received, block, 99904
4012,112, interrupted, block, 99904 
No of blocks in node 116 is 4
No of blocks in node 110 is 4
No of blocks in node 102 is 4
No of blocks in node 105 is 4
4019,117, received, block, 99904
4019,117, interrupted, block, 99904 
4020,109, received, block, 99904
4020,109, interrupted, block, 99904 
No of blocks in node 112 is 4
No of blocks in node 111 is 4
No of blocks in node 115 is 4
No of blocks in node 107 is 4
4023,108, received, block, 99904
4023,108, interrupted, block, 99904 
No of blocks in node 117 is 4
No of blocks in node 113 is 4
No of blocks in node 101 is 4
No of blocks in node 103 is 4
No of blocks in node 109 is 4
No of blocks in node 108 is 4
5000, 106, Created, block,99905,0
No of blocks in node 106 is 5
5000, 106, broadcasting, data, 99905
5001,100, received, block, 99905
5001,100, interrupted, block, 99905 
5001,118, received, block, 99905
5001,118, interrupted, block, 99905 
5001,104, received, block, 99905
5001,104, interrupted, block, 99905 
5002,111, received, block, 99905
5002,111, interrupted, block, 99905 
5002,114, received, block, 99905
5002,114, interrupted, block, 99905 
5002,105, received, block, 99905
5002,105, interrupted, block, 99905 
No of blocks in node 118 is 5
5004,107, received, block, 99905
5004,107, interrupted, block, 99905 
5004,109, received, block, 99905
5004,109, interrupted, block, 99905 
5005,110, received, block, 99905
5005,110, interrupted, block, 99905 
No of blocks in node 114 is 5
5005,108, received, block, 99905
5005,108, interrupted, block, 99905 
5005,101, received, block, 99905
5005,101, interrupted, block, 99905 
5005,112, received, block, 99905
5005,112, interrupted, block, 99905 
5006,115, received, block, 99905
5006,115, interrupted, block, 99905 
5006,103, received, block, 99905
5006,103, interrupted, block, 99905 
5007,116, received, block, 99905
5007,116, interrupted, block, 99905 
5008,102, received, block, 99905
5008,102, interrupted, block, 99905 
No of blocks in node 102 is 5
5012,113, received, block, 99905
5012,113, interrupted, block, 99905 
No of blocks in node 108 is 5
No of blocks in node 101 is 5
No of blocks in node 109 is 5
No of blocks in node 104 is 5
No of blocks in node 100 is 5
5018,117, received, block, 99905
5018,117, interrupted, block, 99905 
No of blocks in node 105 is 5
No of blocks in node 103 is 5
No of blocks in node 110 is 5
No of blocks in node 107 is 5
No of blocks in node 112 is 5
No of blocks in node 113 is 5
No of blocks in node 117 is 5
No of blocks in node 116 is 5
No of blocks in node 111 is 5
No of blocks in node 115 is 5
6000, 106, Created, block,99906,0
No of blocks in node 106 is 6
6000, 106, broadcasting, data, 99906
6000,115, received, block, 99906
6000,115, interrupted, block, 99906 
6001,100, received, block, 99906
6001,100, interrupted, block, 99906 
6002,102, received, block, 99906
6002,102, interrupted, block, 99906 
6002,113, received, block, 99906
6002,113, interrupted, block, 99906 
6002,114, received, block, 99906
6002,114, interrupted, block, 99906 
6003,107, received, block, 99906
6003,107, interrupted, block, 99906 
6004,104, received, block, 99906
6004,104, interrupted, block, 99906 
6005,103, received, block, 99906
6005,103, interrupted, block, 99906 
6006,116, received, block, 99906
6006,116, interrupted, block, 99906 
6006,112, received, block, 99906
6006,112, interrupted, block, 99906 
6007,105, received, block, 99906
6007,105, interrupted, block, 99906 
6009,117, received, block, 99906
6009,117, interrupted, block, 99906 
6010,111, received, block, 99906
6010,111, interrupted, block, 99906 
No of blocks in node 103 is 6
6011,101, received, block, 99906
6011,101, interrupted, block, 99906 
6011,110, received, block, 99906
6011,110, interrupted, block, 99906 
No of blocks in node 112 is 6
No of blocks in node 116 is 6
6015,118, received, block, 99906
6015,118, interrupted, block, 99906 
6015,109, received, block, 99906
6015,109, interrupted, block, 99906 
No of blocks in node 115 is 6
No of blocks in node 105 is 6
No of blocks in node 111 is 6
6021,108, received, block, 99906
6021,108, interrupted, block, 99906 
No of blocks in node 110 is 6
No of blocks in node 100 is 6
No of blocks in node 118 is 6
No of blocks in node 114 is 6
No of blocks in node 107 is 6
No of blocks in node 104 is 6
No of blocks in node 102 is 6
No of blocks in node 109 is 6
No of blocks in node 113 is 6
No of blocks in node 101 is 6
No of blocks in node 117 is 6
No of blocks in node 108 is 6
7000, 106, Created, block,99907,0
No of blocks in node 106 is 7
7000, 106, broadcasting, data, 99907
7001,100, received, block, 99907
7001,100, interrupted, block, 99907 
7002,111, received, block, 99907
7002,111, interrupted, block, 99907 
7002,113, received, block, 99907
7002,113, interrupted, block, 99907 
7002,114, received, block, 99907
7002,114, interrupted, block, 99907 
7005,109, received, block, 99907
7005,109, interrupted, block, 99907 
7005,110, received, block, 99907
7005,110, interrupted, block, 99907 
7006,105, received, block, 99907
7006,105, interrupted, block, 99907 
7006,112, received, block, 99907
7006,112, interrupted, block, 99907 
7006,115, received, block, 99907
7006,115, interrupted, block, 99907 
7006,118, received, block, 99907
7006,118, interrupted, block, 99907 
7006,103, received, block, 99907
7006,103, interrupted, block, 99907 
7008,108, received, block, 99907
7008,108, interrupted, block, 99907 
7009,104, received, block, 99907
7009,104, interrupted, block, 99907 
7011,117, received, block, 99907
7011,117, interrupted, block, 99907 
7013,107, received, block, 99907
7013,107, interrupted, block, 99907 
7013,116, received, block, 99907
7013,116, interrupted, block, 99907 
No of blocks in node 104 is 7
No of blocks in node 114 is 7
7015,101, received, block, 99907
7015,101, interrupted, block, 99907 
No of blocks in node 100 is 7
No of blocks in node 110 is 7
7019,102, received, block, 99907
7019,102, interrupted, block, 99907 
No of blocks in node 105 is 7
No of blocks in node 103 is 7
No of blocks in node 118 is 7
No of blocks in node 107 is 7
No of blocks in node 111 is 7
No of blocks in node 115 is 7
No of blocks in node 101 is 7
No of blocks in node 113 is 7
No of blocks in node 117 is 7
No of blocks in node 108 is 7
No of blocks in node 112 is 7
No of blocks in node 116 is 7
No of blocks in node 109 is 7
No of blocks in node 102 is 7
8000, 106, Created, block,99908,0
No of blocks in node 106 is 8
8000, 106, broadcasting, data, 99908
8000,102, received, block, 99908
8000,102, interrupted, block, 99908 
8001,100, received, block, 99908
8001,100, interrupted, block, 99908 
8001,104, received, block, 99908
8001,104, interrupted, block, 99908 
8001,118, received, block, 99908
8001,118, interrupted, block, 99908 
8001,114, received, block, 99908
8001,114, interrupted, block, 99908 
8002,101, received, block, 99908
8002,101, interrupted, block, 99908 
8002,111, received, block, 99908
8002,111, interrupted, block, 99908 
8002,113, received, block, 99908
8002,113, interrupted, block, 99908 
8002,109, received, block, 99908
8002,109, interrupted, block, 99908 
No of blocks in node 114 is 8
8004,117, received, block, 99908
8004,117, interrupted, block, 99908 
8005,103, received, block, 99908
8005,103, interrupted, block, 99908 
8005,110, received, block, 99908
8005,110, interrupted, block, 99908 
8007,112, received, block, 99908
8007,112, interrupted, block, 99908 
No of blocks in node 113 is 8
8011,107, received, block, 99908
8011,107, interrupted, block, 99908 
No of blocks in node 109 is 8
No of blocks in node 104 is 8
8015,116, received, block, 99908
8015,116, interrupted, block, 99908 
No of blocks in node 111 is 8
No of blocks in node 118 is 8
8020,115, received, block, 99908
8020,115, interrupted, block, 99908 
No of blocks in node 102 is 8
8021,105, received, block, 99908
8021,105, interrupted, block, 99908 
No of blocks in node 112 is 8
No of blocks in node 100 is 8
No of blocks in node 103 is 8
No of blocks in node 110 is 8
8025,108, received, block, 99908
8025,108, interrupted, block, 99908 
No of blocks in node 101 is 8
No of blocks in node 105 is 8
No of blocks in node 108 is 8
No of blocks in node 107 is 8
No of blocks in node 116 is 8
No of blocks in node 117 is 8
No of blocks in node 115 is 8
9000, 106, Created, block,99909,0
No of blocks in node 106 is 9
9000, 106, broadcasting, data, 99909
9000,108, received, block, 99909
9000,108, interrupted, block, 99909 
9000,100, received, block, 99909
9000,100, interrupted, block, 99909 
9001,101, received, block, 99909
9001,101, interrupted, block, 99909 
9002,102, received, block, 99909
9002,102, interrupted, block, 99909 
9002,113, received, block, 99909
9002,113, interrupted, block, 99909 
9003,111, received, block, 99909
9003,111, interrupted, block, 99909 
9003,103, received, block, 99909
9003,103, interrupted, block, 99909 
9005,118, received, block, 99909
9005,118, interrupted, block, 99909 
9006,112, received, block, 99909
9006,112, interrupted, block, 99909 
9006,116, received, block, 99909
9006,116, interrupted, block, 99909 
9006,104, received, block, 99909
9006,104, interrupted, block, 99909 
9007,117, received, block, 99909
9007,117, interrupted, block, 99909 
9008,109, received, block, 99909
9008,109, interrupted, block, 99909 
9008,114, received, block, 99909
9008,114, interrupted, block, 99909 
9010,115, received, block, 99909
9010,115, interrupted, block, 99909 
9010,107, received, block, 99909
9010,107, interrupted, block, 99909 
No of blocks in node 114 is 9
No of blocks in node 117 is 9
No of blocks in node 109 is 9
No of blocks in node 101 is 9
No of blocks in node 103 is 9
9017,105, received, block, 99909
9017,105, interrupted, block, 99909 
No of blocks in node 100 is 9
9021,110, received, block, 99909
9021,110, interrupted, block, 99909 
No of blocks in node 108 is 9
No of blocks in node 113 is 9
No of blocks in node 107 is 9
No of blocks in node 112 is 9
No of blocks in node 115 is 9
No of blocks in node 111 is 9
No of blocks in node 118 is 9
No of blocks in node 116 is 9
No of blocks in node 102 is 9
No of blocks in node 104 is 9
No of blocks in node 110 is 9
No of blocks in node 105 is 9
10000, 106, Created, block,99910,0
No of blocks in node 106 is 10
10000, 106, broadcasting, data, 99910
10001,118, received, block, 99910
10001,118, interrupted, block, 99910 
10001,102, received, block, 99910
10001,102, interrupted, block, 99910 
10002,101, received, block, 99910
10002,101, interrupted, block, 99910 
10002,113, received, block, 99910
10002,113, interrupted, block, 99910 
10002,114, received, block, 99910
10002,114, interrupted, block, 99910 
10003,111, received, block, 99910
10003,111, interrupted, block, 99910 
10003,104, received, block, 99910
10003,104, interrupted, block, 99910 
10004,107, received, block, 99910
10004,107, interrupted, block, 99910 
10004,116, received, block, 99910
10004,116, interrupted, block, 99910 
10004,109, received, block, 99910
10004,109, interrupted, block, 99910 
10004,115, received, block, 99910
10004,115, interrupted, block, 99910 
10005,110, received, block, 99910
10005,110, interrupted, block, 99910 
10005,117, received, block, 99910
10005,117, interrupted, block, 99910 
10006,100, received, block, 99910
10006,100, interrupted, block, 99910 
10008,103, received, block, 99910
10008,103, interrupted, block, 99910 
10009,112, received, block, 99910
10009,112, interrupted, block, 99910 
No of blocks in node 100 is 10
No of blocks in node 112 is 10
10014,105, received, block, 99910
10014,105, interrupted, block, 99910 
No of blocks in node 102 is 10
No of blocks in node 116 is 10
10020,108, received, block, 99910
10020,108, interrupted, block, 99910 
No of blocks in node 109 is 10
No of blocks in node 115 is 10
No of blocks in node 103 is 10
No of blocks in node 105 is 10
No of blocks in node 107 is 10
No of blocks in node 110 is 10
No of blocks in node 101 is 10
No of blocks in node 118 is 10
No of blocks in node 114 is 10
No of blocks in node 104 is 10
No of blocks in node 113 is 10
No of blocks in node 117 is 10
No of blocks in node 111 is 10
No of blocks in node 108 is 10
Simulation ended
