0,100, generated, node, -
0,101, generated, node, -
0,102, generated, node, -
0,103, generated, node, -
0,104, generated, node, -
0,105, generated, node, -
0,106, generated, node, -
0,107, generated, node, -
0,108, generated, node, -
0,109, generated, node, -
0,110, generated, node, -
0,111, generated, node, -
0,112, generated, node, -
0,113, generated, node, -
0,114, generated, node, -
0,115, generated, node, -
0,116, generated, node, -
0,117, generated, node, -
0,118, generated, node, -
0, 116,Appended, Transaction, 2301
0, 116, broadcasting, data, 2301
0,103,received,transaction,2301 
1,117,received,transaction,2301 
1,115,received,transaction,2301 
2,100,received,transaction,2301 
2,104,received,transaction,2301 
3,101,received,transaction,2301 
3,113,received,transaction,2301 
3,105,received,transaction,2301 
5,102,received,transaction,2301 
7,109,received,transaction,2301 
7,118,received,transaction,2301 
7,108,received,transaction,2301 
9,111,received,transaction,2301 
10, 114,Appended, Transaction, 2302
10, 114, broadcasting, data, 2302
11,108,received,transaction,2302 
11,117,received,transaction,2302 
12,101,received,transaction,2302 
12,106,received,transaction,2302 
12,113,received,transaction,2302 
13,102,received,transaction,2302 
13,110,received,transaction,2301 
14,114,received,transaction,2301 
14,107,received,transaction,2301 
15,104,received,transaction,2302 
15,112,received,transaction,2302 
15,116,received,transaction,2302 
15,109,received,transaction,2302 
15,111,received,transaction,2302 
16,115,received,transaction,2302 
17,107,received,transaction,2302 
20, 117,Appended, Transaction, 2303
20, 117, broadcasting, data, 2303
20,118,received,transaction,2302 
20,106,received,transaction,2301 
20,110,received,transaction,2302 
21,104,received,transaction,2303 
21,112,received,transaction,2303 
21,114,received,transaction,2303 
21,116,received,transaction,2303 
23,108,received,transaction,2303 
25,100,received,transaction,2302 
25,100,received,transaction,2303 
25,103,received,transaction,2302 
26,109,received,transaction,2303 
26,113,received,transaction,2303 
26,106,received,transaction,2303 
28,102,received,transaction,2303 
29,118,received,transaction,2303 
30, 107,Appended, Transaction, 2304
30, 107, broadcasting, data, 2304
31,115,received,transaction,2303 
31,116,received,transaction,2304 
33,107,received,transaction,2303 
33,114,received,transaction,2304 
33,101,received,transaction,2303 
33,111,received,transaction,2303 
33,106,received,transaction,2304 
33,105,received,transaction,2304 
34,103,received,transaction,2303 
34,105,received,transaction,2303 
35,111,received,transaction,2304 
35,109,received,transaction,2304 
37,113,received,transaction,2304 
38,118,received,transaction,2304 
38,105,received,transaction,2302 
38,102,received,transaction,2304 
39,103,received,transaction,2304 
40, 111,Appended, Transaction, 2305
40, 111, broadcasting, data, 2305
40,104,received,transaction,2304 
40,115,received,transaction,2304 
41,104,received,transaction,2305 
41,100,received,transaction,2304 
41,112,received,transaction,2304 
41,117,received,transaction,2304 
42,102,received,transaction,2305 
42,114,received,transaction,2305 
42,109,received,transaction,2305 
43,116,received,transaction,2305 
43,113,received,transaction,2305 
43,103,received,transaction,2305 
44,110,received,transaction,2303 
45,108,received,transaction,2304 
45,115,received,transaction,2305 
46,106,received,transaction,2305 
47,105,received,transaction,2305 
48,117,received,transaction,2305 
49,118,received,transaction,2305 
