0,100, generated, node, -
0,101, generated, node, -
0,102, generated, node, -
0,103, generated, node, -
0,104, generated, node, -
0,105, generated, node, -
0,106, generated, node, -
0,107, generated, node, -
0,108, generated, node, -
0,109, generated, node, -
0,110, generated, node, -
0,111, generated, node, -
0,112, generated, node, -
0,113, generated, node, -
0,114, generated, node, -
0,115, generated, node, -
0,116, generated, node, -
0,117, generated, node, -
0,118, generated, node, -
1000, 108, Created, block,99901,0
No of blocks in node 108 is 1
1000, 108, broadcasting, data, 99901
1000,103, received, block, 99901
1000,103, interrupted, block, 99901 
1000,102, received, block, 99901
1000,102, interrupted, block, 99901 
1000,118, received, block, 99901
1000,118, interrupted, block, 99901 
1001,104, received, block, 99901
1001,104, interrupted, block, 99901 
1001,115, received, block, 99901
1001,115, interrupted, block, 99901 
1001,114, received, block, 99901
1001,114, interrupted, block, 99901 
1002,112, received, block, 99901
1002,112, interrupted, block, 99901 
1004,109, received, block, 99901
1004,109, interrupted, block, 99901 
1005,117, received, block, 99901
1005,117, interrupted, block, 99901 
1008,101, received, block, 99901
1008,101, interrupted, block, 99901 
1008,110, received, block, 99901
1008,110, interrupted, block, 99901 
1008,100, received, block, 99901
1008,100, interrupted, block, 99901 
No of blocks in node 102 is 1
1010,116, received, block, 99901
1010,116, interrupted, block, 99901 
No of blocks in node 117 is 1
No of blocks in node 110 is 1
1014,107, received, block, 99901
1014,107, interrupted, block, 99901 
No of blocks in node 104 is 1
1015,113, received, block, 99901
1015,113, interrupted, block, 99901 
1016,111, received, block, 99901
1016,111, interrupted, block, 99901 
1018,106, received, block, 99901
1018,106, interrupted, block, 99901 
1019,105, received, block, 99901
1019,105, interrupted, block, 99901 
No of blocks in node 118 is 1
No of blocks in node 112 is 1
No of blocks in node 113 is 1
No of blocks in node 116 is 1
No of blocks in node 105 is 1
No of blocks in node 115 is 1
No of blocks in node 109 is 1
No of blocks in node 111 is 1
No of blocks in node 101 is 1
No of blocks in node 107 is 1
No of blocks in node 106 is 1
No of blocks in node 114 is 1
No of blocks in node 100 is 1
No of blocks in node 103 is 1
2000, 108, Created, block,99902,0
No of blocks in node 108 is 2
2000, 108, broadcasting, data, 99902
2000,105, received, block, 99902
2000,105, interrupted, block, 99902 
2001,102, received, block, 99902
2001,102, interrupted, block, 99902 
2001,104, received, block, 99902
2001,104, interrupted, block, 99902 
2001,115, received, block, 99902
2001,115, interrupted, block, 99902 
2001,101, received, block, 99902
2001,101, interrupted, block, 99902 
2006,112, received, block, 99902
2006,112, interrupted, block, 99902 
2006,116, received, block, 99902
2006,116, interrupted, block, 99902 
2006,111, received, block, 99902
2006,111, interrupted, block, 99902 
2009,114, received, block, 99902
2009,114, interrupted, block, 99902 
2009,110, received, block, 99902
2009,110, interrupted, block, 99902 
2010,106, received, block, 99902
2010,106, interrupted, block, 99902 
No of blocks in node 110 is 2
2012,103, received, block, 99902
2012,103, interrupted, block, 99902 
2013,100, received, block, 99902
2013,100, interrupted, block, 99902 
2014,109, received, block, 99902
2014,109, interrupted, block, 99902 
2015,113, received, block, 99902
2015,113, interrupted, block, 99902 
No of blocks in node 111 is 2
2017,107, received, block, 99902
2017,107, interrupted, block, 99902 
2018,118, received, block, 99902
2018,118, interrupted, block, 99902 
2018,117, received, block, 99902
2018,117, interrupted, block, 99902 
No of blocks in node 117 is 2
No of blocks in node 116 is 2
No of blocks in node 113 is 2
No of blocks in node 115 is 2
No of blocks in node 102 is 2
No of blocks in node 114 is 2
No of blocks in node 103 is 2
No of blocks in node 106 is 2
No of blocks in node 105 is 2
No of blocks in node 101 is 2
No of blocks in node 104 is 2
No of blocks in node 109 is 2
No of blocks in node 100 is 2
No of blocks in node 112 is 2
No of blocks in node 118 is 2
No of blocks in node 107 is 2
3000, 108, Created, block,99903,0
No of blocks in node 108 is 3
3000, 108, broadcasting, data, 99903
3001,102, received, block, 99903
3001,102, interrupted, block, 99903 
3001,105, received, block, 99903
3001,105, interrupted, block, 99903 
3001,112, received, block, 99903
3001,112, interrupted, block, 99903 
3001,116, received, block, 99903
3001,116, interrupted, block, 99903 
3001,104, received, block, 99903
3001,104, interrupted, block, 99903 
3003,117, received, block, 99903
3003,117, interrupted, block, 99903 
3003,101, received, block, 99903
3003,101, interrupted, block, 99903 
3004,100, received, block, 99903
3004,100, interrupted, block, 99903 
3005,103, received, block, 99903
3005,103, interrupted, block, 99903 
3006,109, received, block, 99903
3006,109, interrupted, block, 99903 
No of blocks in node 102 is 3
3006,114, received, block, 99903
3006,114, interrupted, block, 99903 
3007,107, received, block, 99903
3007,107, interrupted, block, 99903 
3008,111, received, block, 99903
3008,111, interrupted, block, 99903 
No of blocks in node 116 is 3
3011,110, received, block, 99903
3011,110, interrupted, block, 99903 
3013,106, received, block, 99903
3013,106, interrupted, block, 99903 
No of blocks in node 107 is 3
3018,118, received, block, 99903
3018,118, interrupted, block, 99903 
No of blocks in node 117 is 3
No of blocks in node 103 is 3
No of blocks in node 109 is 3
3024,115, received, block, 99903
3024,115, interrupted, block, 99903 
No of blocks in node 105 is 3
No of blocks in node 111 is 3
3028,113, received, block, 99903
3028,113, interrupted, block, 99903 
No of blocks in node 112 is 3
No of blocks in node 104 is 3
No of blocks in node 106 is 3
No of blocks in node 110 is 3
No of blocks in node 100 is 3
No of blocks in node 101 is 3
No of blocks in node 118 is 3
No of blocks in node 114 is 3
No of blocks in node 113 is 3
No of blocks in node 115 is 3
4000, 108, Created, block,99904,0
No of blocks in node 108 is 4
4000, 108, broadcasting, data, 99904
4000,104, received, block, 99904
4000,104, interrupted, block, 99904 
4001,112, received, block, 99904
4001,112, interrupted, block, 99904 
4001,115, received, block, 99904
4001,115, interrupted, block, 99904 
4001,116, received, block, 99904
4001,116, interrupted, block, 99904 
4003,117, received, block, 99904
4003,117, interrupted, block, 99904 
4005,114, received, block, 99904
4005,114, interrupted, block, 99904 
4007,107, received, block, 99904
4007,107, interrupted, block, 99904 
4007,111, received, block, 99904
4007,111, interrupted, block, 99904 
4007,102, received, block, 99904
4007,102, interrupted, block, 99904 
4008,113, received, block, 99904
4008,113, interrupted, block, 99904 
No of blocks in node 111 is 4
4010,103, received, block, 99904
4010,103, interrupted, block, 99904 
4010,105, received, block, 99904
4010,105, interrupted, block, 99904 
4011,110, received, block, 99904
4011,110, interrupted, block, 99904 
4012,100, received, block, 99904
4012,100, interrupted, block, 99904 
4013,106, received, block, 99904
4013,106, interrupted, block, 99904 
4015,109, received, block, 99904
4015,109, interrupted, block, 99904 
4016,101, received, block, 99904
4016,101, interrupted, block, 99904 
4019,118, received, block, 99904
4019,118, interrupted, block, 99904 
No of blocks in node 109 is 4
No of blocks in node 105 is 4
No of blocks in node 114 is 4
No of blocks in node 116 is 4
No of blocks in node 110 is 4
No of blocks in node 101 is 4
No of blocks in node 115 is 4
No of blocks in node 118 is 4
No of blocks in node 104 is 4
No of blocks in node 112 is 4
No of blocks in node 107 is 4
No of blocks in node 117 is 4
No of blocks in node 100 is 4
No of blocks in node 102 is 4
No of blocks in node 113 is 4
No of blocks in node 103 is 4
No of blocks in node 106 is 4
5000, 108, Created, block,99905,0
No of blocks in node 108 is 5
5000, 108, broadcasting, data, 99905
5001,102, received, block, 99905
5001,102, interrupted, block, 99905 
5001,114, received, block, 99905
5001,114, interrupted, block, 99905 
5001,116, received, block, 99905
5001,116, interrupted, block, 99905 
5001,104, received, block, 99905
5001,104, interrupted, block, 99905 
5001,105, received, block, 99905
5001,105, interrupted, block, 99905 
5003,117, received, block, 99905
5003,117, interrupted, block, 99905 
5003,112, received, block, 99905
5003,112, interrupted, block, 99905 
5005,106, received, block, 99905
5005,106, interrupted, block, 99905 
5005,110, received, block, 99905
5005,110, interrupted, block, 99905 
No of blocks in node 105 is 5
5009,100, received, block, 99905
5009,100, interrupted, block, 99905 
5010,115, received, block, 99905
5010,115, interrupted, block, 99905 
5010,111, received, block, 99905
5010,111, interrupted, block, 99905 
5012,103, received, block, 99905
5012,103, interrupted, block, 99905 
5013,107, received, block, 99905
5013,107, interrupted, block, 99905 
5013,109, received, block, 99905
5013,109, interrupted, block, 99905 
5015,101, received, block, 99905
5015,101, interrupted, block, 99905 
No of blocks in node 111 is 5
No of blocks in node 103 is 5
5020,113, received, block, 99905
5020,113, interrupted, block, 99905 
No of blocks in node 102 is 5
No of blocks in node 114 is 5
5021,118, received, block, 99905
5021,118, interrupted, block, 99905 
No of blocks in node 104 is 5
No of blocks in node 117 is 5
No of blocks in node 100 is 5
No of blocks in node 116 is 5
No of blocks in node 118 is 5
No of blocks in node 115 is 5
No of blocks in node 109 is 5
No of blocks in node 106 is 5
No of blocks in node 112 is 5
No of blocks in node 107 is 5
No of blocks in node 110 is 5
No of blocks in node 113 is 5
No of blocks in node 101 is 5
6000, 108, Created, block,99906,0
No of blocks in node 108 is 6
6000, 108, broadcasting, data, 99906
6000,114, received, block, 99906
6000,114, interrupted, block, 99906 
6001,102, received, block, 99906
6001,102, interrupted, block, 99906 
6001,116, received, block, 99906
6001,116, interrupted, block, 99906 
6003,117, received, block, 99906
6003,117, interrupted, block, 99906 
6004,103, received, block, 99906
6004,103, interrupted, block, 99906 
6004,115, received, block, 99906
6004,115, interrupted, block, 99906 
6005,105, received, block, 99906
6005,105, interrupted, block, 99906 
6006,104, received, block, 99906
6006,104, interrupted, block, 99906 
6007,106, received, block, 99906
6007,106, interrupted, block, 99906 
6007,110, received, block, 99906
6007,110, interrupted, block, 99906 
6008,101, received, block, 99906
6008,101, interrupted, block, 99906 
6008,100, received, block, 99906
6008,100, interrupted, block, 99906 
No of blocks in node 102 is 6
6009,111, received, block, 99906
6009,111, interrupted, block, 99906 
No of blocks in node 115 is 6
No of blocks in node 116 is 6
6011,112, received, block, 99906
6011,112, interrupted, block, 99906 
No of blocks in node 101 is 6
6013,118, received, block, 99906
6013,118, interrupted, block, 99906 
No of blocks in node 103 is 6
6014,113, received, block, 99906
6014,113, interrupted, block, 99906 
6015,109, received, block, 99906
6015,109, interrupted, block, 99906 
No of blocks in node 111 is 6
6023,107, received, block, 99906
6023,107, interrupted, block, 99906 
No of blocks in node 114 is 6
No of blocks in node 117 is 6
No of blocks in node 104 is 6
No of blocks in node 109 is 6
No of blocks in node 100 is 6
No of blocks in node 118 is 6
No of blocks in node 107 is 6
No of blocks in node 105 is 6
No of blocks in node 106 is 6
No of blocks in node 112 is 6
No of blocks in node 110 is 6
No of blocks in node 113 is 6
7000, 108, Created, block,99907,0
No of blocks in node 108 is 7
7000, 108, broadcasting, data, 99907
7000,107, received, block, 99907
7000,107, interrupted, block, 99907 
7001,102, received, block, 99907
7001,102, interrupted, block, 99907 
7001,104, received, block, 99907
7001,104, interrupted, block, 99907 
7001,105, received, block, 99907
7001,105, interrupted, block, 99907 
7001,112, received, block, 99907
7001,112, interrupted, block, 99907 
7001,114, received, block, 99907
7001,114, interrupted, block, 99907 
7001,116, received, block, 99907
7001,116, interrupted, block, 99907 
7003,117, received, block, 99907
7003,117, interrupted, block, 99907 
No of blocks in node 114 is 7
No of blocks in node 116 is 7
7005,118, received, block, 99907
7005,118, interrupted, block, 99907 
7006,109, received, block, 99907
7006,109, interrupted, block, 99907 
7006,115, received, block, 99907
7006,115, interrupted, block, 99907 
7007,110, received, block, 99907
7007,110, interrupted, block, 99907 
7010,103, received, block, 99907
7010,103, interrupted, block, 99907 
7010,111, received, block, 99907
7010,111, interrupted, block, 99907 
7011,100, received, block, 99907
7011,100, interrupted, block, 99907 
No of blocks in node 104 is 7
7013,106, received, block, 99907
7013,106, interrupted, block, 99907 
No of blocks in node 117 is 7
No of blocks in node 112 is 7
No of blocks in node 105 is 7
No of blocks in node 115 is 7
No of blocks in node 111 is 7
7022,101, received, block, 99907
7022,101, interrupted, block, 99907 
No of blocks in node 102 is 7
7027,113, received, block, 99907
7027,113, interrupted, block, 99907 
No of blocks in node 109 is 7
No of blocks in node 118 is 7
No of blocks in node 106 is 7
No of blocks in node 107 is 7
No of blocks in node 101 is 7
No of blocks in node 100 is 7
No of blocks in node 110 is 7
No of blocks in node 103 is 7
No of blocks in node 113 is 7
8000, 108, Created, block,99908,0
No of blocks in node 108 is 8
8000, 108, broadcasting, data, 99908
8001,104, received, block, 99908
8001,104, interrupted, block, 99908 
8001,105, received, block, 99908
8001,105, interrupted, block, 99908 
8001,115, received, block, 99908
8001,115, interrupted, block, 99908 
8001,116, received, block, 99908
8001,116, interrupted, block, 99908 
8002,114, received, block, 99908
8002,114, interrupted, block, 99908 
8002,107, received, block, 99908
8002,107, interrupted, block, 99908 
8003,117, received, block, 99908
8003,117, interrupted, block, 99908 
8003,102, received, block, 99908
8003,102, interrupted, block, 99908 
8006,109, received, block, 99908
8006,109, interrupted, block, 99908 
8007,110, received, block, 99908
8007,110, interrupted, block, 99908 
No of blocks in node 105 is 8
8007,112, received, block, 99908
8007,112, interrupted, block, 99908 
8009,100, received, block, 99908
8009,100, interrupted, block, 99908 
No of blocks in node 104 is 8
8010,106, received, block, 99908
8010,106, interrupted, block, 99908 
8010,111, received, block, 99908
8010,111, interrupted, block, 99908 
No of blocks in node 114 is 8
8014,101, received, block, 99908
8014,101, interrupted, block, 99908 
8014,103, received, block, 99908
8014,103, interrupted, block, 99908 
8017,118, received, block, 99908
8017,118, interrupted, block, 99908 
No of blocks in node 102 is 8
No of blocks in node 117 is 8
No of blocks in node 109 is 8
8026,113, received, block, 99908
8026,113, interrupted, block, 99908 
No of blocks in node 106 is 8
No of blocks in node 118 is 8
No of blocks in node 113 is 8
No of blocks in node 100 is 8
No of blocks in node 110 is 8
No of blocks in node 112 is 8
No of blocks in node 107 is 8
No of blocks in node 116 is 8
No of blocks in node 115 is 8
No of blocks in node 111 is 8
No of blocks in node 103 is 8
No of blocks in node 101 is 8
9000, 108, Created, block,99909,0
No of blocks in node 108 is 9
9000, 108, broadcasting, data, 99909
9001,102, received, block, 99909
9001,102, interrupted, block, 99909 
9001,104, received, block, 99909
9001,104, interrupted, block, 99909 
9002,117, received, block, 99909
9002,117, interrupted, block, 99909 
9002,106, received, block, 99909
9002,106, interrupted, block, 99909 
9002,115, received, block, 99909
9002,115, interrupted, block, 99909 
9004,112, received, block, 99909
9004,112, interrupted, block, 99909 
9005,103, received, block, 99909
9005,103, interrupted, block, 99909 
9006,109, received, block, 99909
9006,109, interrupted, block, 99909 
9007,111, received, block, 99909
9007,111, interrupted, block, 99909 
No of blocks in node 111 is 9
9009,105, received, block, 99909
9009,105, interrupted, block, 99909 
9009,113, received, block, 99909
9009,113, interrupted, block, 99909 
9010,101, received, block, 99909
9010,101, interrupted, block, 99909 
No of blocks in node 106 is 9
9013,116, received, block, 99909
9013,116, interrupted, block, 99909 
No of blocks in node 105 is 9
9014,110, received, block, 99909
9014,110, interrupted, block, 99909 
9014,100, received, block, 99909
9014,100, interrupted, block, 99909 
9015,107, received, block, 99909
9015,107, interrupted, block, 99909 
9016,114, received, block, 99909
9016,114, interrupted, block, 99909 
9020,118, received, block, 99909
9020,118, interrupted, block, 99909 
No of blocks in node 112 is 9
No of blocks in node 104 is 9
No of blocks in node 115 is 9
No of blocks in node 100 is 9
No of blocks in node 109 is 9
No of blocks in node 118 is 9
No of blocks in node 102 is 9
No of blocks in node 113 is 9
No of blocks in node 116 is 9
No of blocks in node 107 is 9
No of blocks in node 103 is 9
No of blocks in node 114 is 9
No of blocks in node 117 is 9
No of blocks in node 101 is 9
No of blocks in node 110 is 9
10000, 108, Created, block,99910,0
No of blocks in node 108 is 10
10000, 108, broadcasting, data, 99910
10001,104, received, block, 99910
10001,104, interrupted, block, 99910 
10001,112, received, block, 99910
10001,112, interrupted, block, 99910 
10002,115, received, block, 99910
10002,115, interrupted, block, 99910 
10002,116, received, block, 99910
10002,116, interrupted, block, 99910 
No of blocks in node 104 is 10
10005,110, received, block, 99910
10005,110, interrupted, block, 99910 
10006,118, received, block, 99910
10006,118, interrupted, block, 99910 
10006,103, received, block, 99910
10006,103, interrupted, block, 99910 
10007,106, received, block, 99910
10007,106, interrupted, block, 99910 
10008,111, received, block, 99910
10008,111, interrupted, block, 99910 
10008,109, received, block, 99910
10008,109, interrupted, block, 99910 
10009,102, received, block, 99910
10009,102, interrupted, block, 99910 
10010,114, received, block, 99910
10010,114, interrupted, block, 99910 
10010,117, received, block, 99910
10010,117, interrupted, block, 99910 
10011,107, received, block, 99910
10011,107, interrupted, block, 99910 
10012,105, received, block, 99910
10012,105, interrupted, block, 99910 
No of blocks in node 114 is 10
10013,113, received, block, 99910
10013,113, interrupted, block, 99910 
No of blocks in node 102 is 10
10021,100, received, block, 99910
10021,100, interrupted, block, 99910 
No of blocks in node 107 is 10
10025,101, received, block, 99910
10025,101, interrupted, block, 99910 
No of blocks in node 106 is 10
No of blocks in node 103 is 10
No of blocks in node 111 is 10
No of blocks in node 109 is 10
No of blocks in node 112 is 10
No of blocks in node 101 is 10
No of blocks in node 115 is 10
No of blocks in node 118 is 10
No of blocks in node 117 is 10
No of blocks in node 116 is 10
No of blocks in node 100 is 10
No of blocks in node 113 is 10
No of blocks in node 105 is 10
No of blocks in node 110 is 10
Simulation ended
