0,100, generated, node, -
0,101, generated, node, -
0,102, generated, node, -
0,103, generated, node, -
0,104, generated, node, -
0,105, generated, node, -
0,106, generated, node, -
0,107, generated, node, -
0,108, generated, node, -
0,109, generated, node, -
0,110, generated, node, -
0,111, generated, node, -
0,112, generated, node, -
0,113, generated, node, -
0,114, generated, node, -
0,115, generated, node, -
0,116, generated, node, -
0,117, generated, node, -
0,118, generated, node, -
0, 109,Appended, Transaction, 2301
0, 109, broadcasting, data, 2301
1,100,received,transaction,2301 
1,107,received,transaction,2301 
1,112,received,transaction,2301 
2,104,received,transaction,2301 
3,110,received,transaction,2301 
3,113,received,transaction,2301 
4,117,received,transaction,2301 
4,101,received,transaction,2301 
6,108,received,transaction,2301 
7,116,received,transaction,2301 
8,102,received,transaction,2301 
8,115,received,transaction,2301 
10, 109,Appended, Transaction, 2302
10, 109, broadcasting, data, 2302
10,105,received,transaction,2301 
10,118,received,transaction,2301 
11,111,received,transaction,2301 
12,105,received,transaction,2302 
12,116,received,transaction,2302 
12,118,received,transaction,2302 
12,106,received,transaction,2301 
12,110,received,transaction,2302 
13,107,received,transaction,2302 
14,101,received,transaction,2302 
14,113,received,transaction,2302 
16,108,received,transaction,2302 
17,100,received,transaction,2302 
18,114,received,transaction,2301 
19,112,received,transaction,2302 
20, 103,Appended, Transaction, 2303
20, 103, broadcasting, data, 2303
20,113,received,transaction,2303 
20,103,received,transaction,2301 
21,117,received,transaction,2303 
21,102,received,transaction,2302 
22,114,received,transaction,2303 
22,111,received,transaction,2303 
22,117,received,transaction,2302 
23,101,received,transaction,2303 
23,111,received,transaction,2302 
24,104,received,transaction,2302 
24,115,received,transaction,2302 
24,118,received,transaction,2303 
24,114,received,transaction,2302 
25,108,received,transaction,2303 
25,115,received,transaction,2303 
26,103,received,transaction,2302 
26,110,received,transaction,2303 
27,105,received,transaction,2303 
28,100,received,transaction,2303 
29,116,received,transaction,2303 
30, 106,Appended, Transaction, 2304
30, 106, broadcasting, data, 2304
30,106,received,transaction,2302 
31,100,received,transaction,2304 
31,102,received,transaction,2304 
31,118,received,transaction,2304 
32,101,received,transaction,2304 
32,111,received,transaction,2304 
32,114,received,transaction,2304 
32,108,received,transaction,2304 
33,105,received,transaction,2304 
34,107,received,transaction,2304 
34,102,received,transaction,2303 
35,103,received,transaction,2304 
35,106,received,transaction,2303 
35,104,received,transaction,2304 
36,116,received,transaction,2304 
36,113,received,transaction,2304 
37,109,received,transaction,2303 
38,104,received,transaction,2303 
40, 118,Appended, Transaction, 2305
40, 118, broadcasting, data, 2305
40,110,received,transaction,2304 
40,105,received,transaction,2305 
41,100,received,transaction,2305 
41,106,received,transaction,2305 
41,110,received,transaction,2305 
41,113,received,transaction,2305 
42,114,received,transaction,2305 
42,108,received,transaction,2305 
42,116,received,transaction,2305 
43,112,received,transaction,2305 
43,109,received,transaction,2304 
44,104,received,transaction,2305 
44,107,received,transaction,2303 
44,112,received,transaction,2303 
44,115,received,transaction,2304 
48,102,received,transaction,2305 
48,107,received,transaction,2305 
48,111,received,transaction,2305 
48,117,received,transaction,2304 
49,115,received,transaction,2305 
50,112,received,transaction,2304 
50, 111,Appended, Transaction, 2306
50, 111, broadcasting, data, 2306
50,101,received,transaction,2305 
51,103,received,transaction,2305 
51,112,received,transaction,2306 
52,106,received,transaction,2306 
52,110,received,transaction,2306 
53,103,received,transaction,2306 
53,105,received,transaction,2306 
53,115,received,transaction,2306 
55,117,received,transaction,2305 
55,109,received,transaction,2306 
55,114,received,transaction,2306 
58,117,received,transaction,2306 
59,118,received,transaction,2306 
60,104,received,transaction,2306 
60, 110,Appended, Transaction, 2307
60, 110, broadcasting, data, 2307
60,102,received,transaction,2306 
60,108,received,transaction,2306 
61,100,received,transaction,2307 
61,106,received,transaction,2307 
61,118,received,transaction,2307 
61,101,received,transaction,2307 
61,101,received,transaction,2306 
62,111,received,transaction,2307 
63,109,received,transaction,2305 
64,113,received,transaction,2306 
64,109,received,transaction,2307 
65,116,received,transaction,2306 
65,117,received,transaction,2307 
66,116,received,transaction,2307 
67,113,received,transaction,2307 
68,100,received,transaction,2306 
68,107,received,transaction,2307 
69,107,received,transaction,2306 
70,108,received,transaction,2307 
70, 104,Appended, Transaction, 2308
70, 104, broadcasting, data, 2308
70,114,received,transaction,2308 
70,104,received,transaction,2307 
71,108,received,transaction,2308 
71,110,received,transaction,2308 
71,117,received,transaction,2308 
72,116,received,transaction,2308 
74,111,received,transaction,2308 
75,105,received,transaction,2307 
76,112,received,transaction,2307 
76,100,received,transaction,2308 
77,114,received,transaction,2307 
78,105,received,transaction,2308 
79,102,received,transaction,2307 
80,107,received,transaction,2308 
80,112,received,transaction,2308 
80,113,received,transaction,2308 
80, 112,Appended, Transaction, 2309
80, 112, broadcasting, data, 2309
80,106,received,transaction,2308 
81,102,received,transaction,2309 
81,118,received,transaction,2309 
81,115,received,transaction,2308 
81,102,received,transaction,2308 
82,101,received,transaction,2308 
82,109,received,transaction,2309 
82,115,received,transaction,2309 
83,110,received,transaction,2309 
83,111,received,transaction,2309 
84,118,received,transaction,2308 
84,103,received,transaction,2309 
84,115,received,transaction,2307 
85,105,received,transaction,2309 
85,114,received,transaction,2309 
85,104,received,transaction,2309 
86,113,received,transaction,2309 
86,116,received,transaction,2309 
89,108,received,transaction,2309 
90,103,received,transaction,2307 
90, 108,Appended, Transaction, 2310
90, 108, broadcasting, data, 2310
90,109,received,transaction,2308 
91,102,received,transaction,2310 
91,114,received,transaction,2310 
91,115,received,transaction,2310 
91,116,received,transaction,2310 
92,112,received,transaction,2310 
92,104,received,transaction,2310 
92,103,received,transaction,2308 
93,117,received,transaction,2309 
93,100,received,transaction,2309 
93,117,received,transaction,2310 
94,100,received,transaction,2310 
96,105,received,transaction,2310 
96,106,received,transaction,2309 
97,110,received,transaction,2310 
98,101,received,transaction,2310 
100,101,received,transaction,2309 
100, 102,Appended, Transaction, 2311
100, 102, broadcasting, data, 2311
100,107,received,transaction,2309 
101,113,received,transaction,2311 
101,117,received,transaction,2311 
101,103,received,transaction,2310 
102,109,received,transaction,2310 
102,107,received,transaction,2310 
102,111,received,transaction,2311 
102,111,received,transaction,2310 
103,106,received,transaction,2310 
104,109,received,transaction,2311 
104,104,received,transaction,2311 
104,107,received,transaction,2311 
104,101,received,transaction,2311 
105,106,received,transaction,2311 
105,100,received,transaction,2311 
105,118,received,transaction,2311 
105,108,received,transaction,2311 
106,118,received,transaction,2310 
107,113,received,transaction,2310 
107,112,received,transaction,2311 
108,114,received,transaction,2311 
109,103,received,transaction,2311 
110,116,received,transaction,2311 
110, 105,Appended, Transaction, 2312
110, 105, broadcasting, data, 2312
110,108,received,transaction,2312 
112,109,received,transaction,2312 
112,116,received,transaction,2312 
113,104,received,transaction,2312 
113,118,received,transaction,2312 
114,110,received,transaction,2311 
115,107,received,transaction,2312 
115,105,received,transaction,2311 
116,115,received,transaction,2311 
116,101,received,transaction,2312 
116,106,received,transaction,2312 
117,117,received,transaction,2312 
117,114,received,transaction,2312 
119,102,received,transaction,2312 
120,100,received,transaction,2312 
120, 112,Appended, Transaction, 2313
120, 112, broadcasting, data, 2313
121,111,received,transaction,2313 
121,108,received,transaction,2313 
121,117,received,transaction,2313 
121,113,received,transaction,2313 
122,111,received,transaction,2312 
122,116,received,transaction,2313 
123,100,received,transaction,2313 
123,113,received,transaction,2312 
123,112,received,transaction,2312 
123,103,received,transaction,2312 
125,101,received,transaction,2313 
125,109,received,transaction,2313 
125,115,received,transaction,2313 
125,102,received,transaction,2313 
125,114,received,transaction,2313 
126,118,received,transaction,2313 
126,110,received,transaction,2312 
127,103,received,transaction,2313 
128,110,received,transaction,2313 
128,107,received,transaction,2313 
130, 105,Appended, Transaction, 2314
130, 105, broadcasting, data, 2314
131,114,received,transaction,2314 
131,108,received,transaction,2314 
131,117,received,transaction,2314 
132,106,received,transaction,2313 
132,109,received,transaction,2314 
132,116,received,transaction,2314 
132,118,received,transaction,2314 
133,102,received,transaction,2314 
133,101,received,transaction,2314 
134,113,received,transaction,2314 
135,112,received,transaction,2314 
136,104,received,transaction,2313 
136,110,received,transaction,2314 
138,100,received,transaction,2314 
140,104,received,transaction,2314 
140,105,received,transaction,2313 
140, 113,Appended, Transaction, 2315
140, 113, broadcasting, data, 2315
142,106,received,transaction,2314 
142,110,received,transaction,2315 
142,102,received,transaction,2315 
143,103,received,transaction,2315 
143,111,received,transaction,2315 
143,112,received,transaction,2315 
143,116,received,transaction,2315 
145,100,received,transaction,2315 
145,109,received,transaction,2315 
145,118,received,transaction,2315 
147,104,received,transaction,2315 
147,106,received,transaction,2315 
148,115,received,transaction,2315 
148,108,received,transaction,2315 
149,117,received,transaction,2315 
150,101,received,transaction,2315 
150, 105,Appended, Transaction, 2316
150, 105, broadcasting, data, 2316
151,107,received,transaction,2315 
151,114,received,transaction,2315 
151,103,received,transaction,2314 
151,111,received,transaction,2316 
151,107,received,transaction,2316 
152,117,received,transaction,2316 
152,111,received,transaction,2314 
153,101,received,transaction,2316 
156,110,received,transaction,2316 
156,107,received,transaction,2314 
159,116,received,transaction,2316 
159,109,received,transaction,2316 
159,113,received,transaction,2316 
160,105,received,transaction,2315 
160, 106,Appended, Transaction, 2317
160, 106, broadcasting, data, 2317
161,114,received,transaction,2316 
161,100,received,transaction,2317 
161,118,received,transaction,2317 
162,104,received,transaction,2317 
162,117,received,transaction,2317 
162,100,received,transaction,2316 
162,101,received,transaction,2317 
162,102,received,transaction,2317 
162,111,received,transaction,2317 
162,114,received,transaction,2317 
164,118,received,transaction,2316 
164,105,received,transaction,2317 
165,104,received,transaction,2316 
166,108,received,transaction,2316 
166,106,received,transaction,2316 
166,113,received,transaction,2317 
166,112,received,transaction,2317 
166,115,received,transaction,2317 
167,102,received,transaction,2316 
168,107,received,transaction,2317 
169,116,received,transaction,2317 
169,108,received,transaction,2317 
170,103,received,transaction,2316 
170, 111,Appended, Transaction, 2318
170, 111, broadcasting, data, 2318
172,112,received,transaction,2316 
172,102,received,transaction,2318 
172,106,received,transaction,2318 
172,114,received,transaction,2318 
173,101,received,transaction,2318 
173,103,received,transaction,2318 
173,113,received,transaction,2318 
173,115,received,transaction,2318 
174,108,received,transaction,2318 
174,109,received,transaction,2317 
175,103,received,transaction,2317 
175,117,received,transaction,2318 
175,100,received,transaction,2318 
175,107,received,transaction,2318 
178,116,received,transaction,2318 
178,118,received,transaction,2318 
179,109,received,transaction,2318 
180,110,received,transaction,2317 
180, 104,Appended, Transaction, 2319
180, 104, broadcasting, data, 2319
180,106,received,transaction,2319 
181,108,received,transaction,2319 
182,107,received,transaction,2319 
182,112,received,transaction,2319 
182,116,received,transaction,2319 
183,103,received,transaction,2319 
184,117,received,transaction,2319 
184,110,received,transaction,2318 
185,100,received,transaction,2319 
185,114,received,transaction,2319 
186,102,received,transaction,2319 
186,112,received,transaction,2318 
189,111,received,transaction,2319 
190,101,received,transaction,2319 
190, 107,Appended, Transaction, 2320
190, 107, broadcasting, data, 2320
191,109,received,transaction,2319 
191,105,received,transaction,2318 
192,110,received,transaction,2319 
193,115,received,transaction,2319 
193,102,received,transaction,2320 
194,110,received,transaction,2320 
195,105,received,transaction,2319 
195,113,received,transaction,2320 
195,101,received,transaction,2320 
195,111,received,transaction,2320 
195,112,received,transaction,2320 
195,104,received,transaction,2318 
196,106,received,transaction,2320 
196,108,received,transaction,2320 
197,113,received,transaction,2319 
198,114,received,transaction,2320 
198,118,received,transaction,2319 
199,103,received,transaction,2320 
200,116,received,transaction,2320 
200, 118,Appended, Transaction, 2321
200, 118, broadcasting, data, 2321
200,106,received,transaction,2321 
201,100,received,transaction,2321 
201,118,received,transaction,2320 
201,110,received,transaction,2321 
202,100,received,transaction,2320 
202,104,received,transaction,2320 
202,109,received,transaction,2321 
202,115,received,transaction,2321 
203,117,received,transaction,2320 
203,103,received,transaction,2321 
204,107,received,transaction,2321 
204,102,received,transaction,2321 
204,101,received,transaction,2321 
204,109,received,transaction,2320 
205,111,received,transaction,2321 
206,114,received,transaction,2321 
207,113,received,transaction,2321 
209,105,received,transaction,2321 
209,117,received,transaction,2321 
210,108,received,transaction,2321 
210, 116,Appended, Transaction, 2322
210, 116, broadcasting, data, 2322
210,106,received,transaction,2322 
210,115,received,transaction,2320 
211,114,received,transaction,2322 
211,112,received,transaction,2321 
211,117,received,transaction,2322 
212,100,received,transaction,2322 
212,118,received,transaction,2322 
213,108,received,transaction,2322 
214,101,received,transaction,2322 
214,111,received,transaction,2322 
214,116,received,transaction,2321 
215,105,received,transaction,2320 
215,113,received,transaction,2322 
215,102,received,transaction,2322 
216,110,received,transaction,2322 
218,104,received,transaction,2321 
219,105,received,transaction,2322 
219,107,received,transaction,2322 
220, 106,Appended, Transaction, 2323
220, 106, broadcasting, data, 2323
221,116,received,transaction,2323 
221,118,received,transaction,2323 
221,103,received,transaction,2322 
221,104,received,transaction,2322 
222,109,received,transaction,2322 
222,111,received,transaction,2323 
222,102,received,transaction,2323 
223,117,received,transaction,2323 
224,114,received,transaction,2323 
224,109,received,transaction,2323 
225,112,received,transaction,2323 
226,105,received,transaction,2323 
226,113,received,transaction,2323 
227,108,received,transaction,2323 
228,115,received,transaction,2322 
228,100,received,transaction,2323 
228,107,received,transaction,2323 
230, 112,Appended, Transaction, 2324
230, 112, broadcasting, data, 2324
230,103,received,transaction,2324 
231,108,received,transaction,2324 
231,117,received,transaction,2324 
231,101,received,transaction,2323 
232,106,received,transaction,2324 
232,100,received,transaction,2324 
233,105,received,transaction,2324 
234,110,received,transaction,2323 
235,103,received,transaction,2323 
235,104,received,transaction,2323 
235,102,received,transaction,2324 
235,114,received,transaction,2324 
236,109,received,transaction,2324 
236,110,received,transaction,2324 
237,113,received,transaction,2324 
237,118,received,transaction,2324 
240, 109,Appended, Transaction, 2325
240, 109, broadcasting, data, 2325
240,105,received,transaction,2325 
242,100,received,transaction,2325 
242,115,received,transaction,2325 
242,116,received,transaction,2325 
242,115,received,transaction,2324 
242,104,received,transaction,2324 
243,111,received,transaction,2324 
243,110,received,transaction,2325 
244,102,received,transaction,2325 
244,112,received,transaction,2325 
245,108,received,transaction,2325 
245,101,received,transaction,2324 
245,106,received,transaction,2325 
245,113,received,transaction,2325 
246,114,received,transaction,2325 
246,117,received,transaction,2325 
247,103,received,transaction,2325 
247,115,received,transaction,2323 
248,107,received,transaction,2325 
249,116,received,transaction,2324 
250,118,received,transaction,2325 
250, 116,Appended, Transaction, 2326
250, 116, broadcasting, data, 2326
251,107,received,transaction,2324 
251,108,received,transaction,2326 
251,117,received,transaction,2326 
251,101,received,transaction,2325 
252,106,received,transaction,2326 
252,100,received,transaction,2326 
252,118,received,transaction,2326 
252,110,received,transaction,2326 
252,104,received,transaction,2325 
253,104,received,transaction,2326 
253,111,received,transaction,2325 
253,111,received,transaction,2326 
253,113,received,transaction,2326 
253,101,received,transaction,2326 
254,114,received,transaction,2326 
255,115,received,transaction,2326 
255,102,received,transaction,2326 
255,107,received,transaction,2326 
256,105,received,transaction,2326 
257,103,received,transaction,2326 
260, 108,Appended, Transaction, 2327
260, 108, broadcasting, data, 2327
261,111,received,transaction,2327 
261,105,received,transaction,2327 
261,114,received,transaction,2327 
262,110,received,transaction,2327 
262,118,received,transaction,2327 
263,117,received,transaction,2327 
263,103,received,transaction,2327 
264,100,received,transaction,2327 
265,115,received,transaction,2327 
266,104,received,transaction,2327 
266,112,received,transaction,2327 
270, 100,Appended, Transaction, 2328
270, 100, broadcasting, data, 2328
271,116,received,transaction,2327 
271,114,received,transaction,2328 
272,105,received,transaction,2328 
272,103,received,transaction,2328 
272,116,received,transaction,2328 
272,102,received,transaction,2327 
272,107,received,transaction,2327 
273,106,received,transaction,2327 
273,109,received,transaction,2326 
274,106,received,transaction,2328 
274,104,received,transaction,2328 
274,118,received,transaction,2328 
275,110,received,transaction,2328 
275,101,received,transaction,2328 
276,112,received,transaction,2328 
278,101,received,transaction,2327 
278,113,received,transaction,2328 
278,107,received,transaction,2328 
280, 118,Appended, Transaction, 2329
280, 118, broadcasting, data, 2329
281,113,received,transaction,2327 
281,101,received,transaction,2329 
281,102,received,transaction,2328 
281,100,received,transaction,2329 
281,106,received,transaction,2329 
282,109,received,transaction,2327 
282,102,received,transaction,2329 
282,111,received,transaction,2328 
282,116,received,transaction,2329 
283,114,received,transaction,2329 
283,105,received,transaction,2329 
283,117,received,transaction,2328 
283,115,received,transaction,2329 
283,103,received,transaction,2329 
284,104,received,transaction,2329 
286,117,received,transaction,2329 
286,110,received,transaction,2329 
286,109,received,transaction,2328 
288,113,received,transaction,2329 
289,115,received,transaction,2328 
289,108,received,transaction,2328 
289,108,received,transaction,2329 
290, 115,Appended, Transaction, 2330
290, 115, broadcasting, data, 2330
290,118,received,transaction,2330 
291,108,received,transaction,2330 
291,117,received,transaction,2330 
292,100,received,transaction,2330 
292,104,received,transaction,2330 
292,112,received,transaction,2330 
293,111,received,transaction,2330 
293,113,received,transaction,2330 
294,111,received,transaction,2329 
295,107,received,transaction,2330 
295,114,received,transaction,2330 
296,116,received,transaction,2330 
296,106,received,transaction,2330 
298,112,received,transaction,2329 
298,110,received,transaction,2330 
299,107,received,transaction,2329 
300,109,received,transaction,2329 
300,101,received,transaction,2330 
300, 117,Appended, Transaction, 2331
300, 117, broadcasting, data, 2331
301,105,received,transaction,2331 
301,114,received,transaction,2331 
301,116,received,transaction,2331 
302,118,received,transaction,2331 
302,110,received,transaction,2331 
303,115,received,transaction,2331 
303,104,received,transaction,2331 
303,103,received,transaction,2331 
304,102,received,transaction,2331 
306,111,received,transaction,2331 
306,108,received,transaction,2331 
306,109,received,transaction,2331 
307,109,received,transaction,2330 
309,100,received,transaction,2331 
309,112,received,transaction,2331 
310, 107,Appended, Transaction, 2332
310, 107, broadcasting, data, 2332
310,113,received,transaction,2331 
311,115,received,transaction,2332 
312,104,received,transaction,2332 
312,106,received,transaction,2331 
312,102,received,transaction,2330 
312,101,received,transaction,2331 
312,101,received,transaction,2332 
312,103,received,transaction,2332 
312,106,received,transaction,2332 
313,109,received,transaction,2332 
313,102,received,transaction,2332 
313,114,received,transaction,2332 
314,107,received,transaction,2331 
314,110,received,transaction,2332 
315,103,received,transaction,2330 
315,105,received,transaction,2332 
315,111,received,transaction,2332 
315,112,received,transaction,2332 
316,108,received,transaction,2332 
318,100,received,transaction,2332 
318,118,received,transaction,2332 
319,117,received,transaction,2332 
320, 107,Appended, Transaction, 2333
320, 107, broadcasting, data, 2333
320,116,received,transaction,2333 
322,104,received,transaction,2333 
322,114,received,transaction,2333 
324,110,received,transaction,2333 
324,106,received,transaction,2333 
324,113,received,transaction,2332 
325,101,received,transaction,2333 
326,108,received,transaction,2333 
326,113,received,transaction,2333 
326,103,received,transaction,2333 
327,100,received,transaction,2333 
329,118,received,transaction,2333 
330, 109,Appended, Transaction, 2334
330, 109, broadcasting, data, 2334
330,105,received,transaction,2334 
331,116,received,transaction,2332 
332,102,received,transaction,2333 
332,112,received,transaction,2334 
332,116,received,transaction,2334 
332,118,received,transaction,2334 
332,109,received,transaction,2333 
333,110,received,transaction,2334 
333,112,received,transaction,2333 
334,105,received,transaction,2333 
335,101,received,transaction,2334 
335,111,received,transaction,2334 
336,113,received,transaction,2334 
336,111,received,transaction,2333 
336,104,received,transaction,2334 
336,102,received,transaction,2334 
336,108,received,transaction,2334 
336,117,received,transaction,2333 
337,103,received,transaction,2334 
338,114,received,transaction,2334 
339,115,received,transaction,2334 
340, 103,Appended, Transaction, 2335
340, 103, broadcasting, data, 2335
341,110,received,transaction,2335 
341,107,received,transaction,2334 
342,117,received,transaction,2334 
342,115,received,transaction,2333 
342,106,received,transaction,2334 
342,100,received,transaction,2334 
343,118,received,transaction,2335 
343,100,received,transaction,2335 
343,101,received,transaction,2335 
343,102,received,transaction,2335 
344,113,received,transaction,2335 
344,111,received,transaction,2335 
345,106,received,transaction,2335 
345,117,received,transaction,2335 
346,105,received,transaction,2335 
347,109,received,transaction,2335 
347,112,received,transaction,2335 
347,114,received,transaction,2335 
347,116,received,transaction,2335 
348,115,received,transaction,2335 
349,107,received,transaction,2335 
350,104,received,transaction,2335 
350, 103,Appended, Transaction, 2336
350, 103, broadcasting, data, 2336
351,105,received,transaction,2336 
353,101,received,transaction,2336 
353,111,received,transaction,2336 
353,108,received,transaction,2335 
353,114,received,transaction,2336 
353,118,received,transaction,2336 
355,113,received,transaction,2336 
357,102,received,transaction,2336 
357,109,received,transaction,2336 
357,112,received,transaction,2336 
358,108,received,transaction,2336 
359,104,received,transaction,2336 
360, 109,Appended, Transaction, 2337
360, 109, broadcasting, data, 2337
361,110,received,transaction,2337 
362,111,received,transaction,2337 
362,112,received,transaction,2337 
362,113,received,transaction,2337 
363,115,received,transaction,2336 
363,116,received,transaction,2337 
363,102,received,transaction,2337 
365,101,received,transaction,2337 
365,116,received,transaction,2336 
366,110,received,transaction,2336 
366,117,received,transaction,2336 
366,108,received,transaction,2337 
366,100,received,transaction,2336 
366,106,received,transaction,2336 
367,100,received,transaction,2337 
368,117,received,transaction,2337 
369,107,received,transaction,2336 
369,114,received,transaction,2337 
369,103,received,transaction,2337 
369,107,received,transaction,2337 
369,106,received,transaction,2337 
370, 118,Appended, Transaction, 2338
370, 118, broadcasting, data, 2338
371,106,received,transaction,2338 
371,101,received,transaction,2338 
371,100,received,transaction,2338 
372,118,received,transaction,2337 
372,115,received,transaction,2338 
374,115,received,transaction,2337 
374,111,received,transaction,2338 
375,113,received,transaction,2338 
376,102,received,transaction,2338 
379,103,received,transaction,2338 
379,109,received,transaction,2338 
379,116,received,transaction,2338 
380, 109,Appended, Transaction, 2339
380, 109, broadcasting, data, 2339
380,104,received,transaction,2337 
380,112,received,transaction,2338 
381,105,received,transaction,2339 
381,106,received,transaction,2339 
382,104,received,transaction,2338 
382,115,received,transaction,2339 
382,118,received,transaction,2339 
382,105,received,transaction,2338 
383,107,received,transaction,2339 
383,110,received,transaction,2339 
383,101,received,transaction,2339 
385,108,received,transaction,2338 
386,110,received,transaction,2338 
386,116,received,transaction,2339 
386,114,received,transaction,2339 
386,112,received,transaction,2339 
387,108,received,transaction,2339 
387,104,received,transaction,2339 
389,105,received,transaction,2337 
390,100,received,transaction,2339 
390, 103,Appended, Transaction, 2340
390, 103, broadcasting, data, 2340
390,111,received,transaction,2340 
390,113,received,transaction,2339 
391,117,received,transaction,2339 
391,114,received,transaction,2338 
391,110,received,transaction,2340 
392,103,received,transaction,2339 
392,111,received,transaction,2339 
392,115,received,transaction,2340 
392,113,received,transaction,2340 
393,117,received,transaction,2338 
394,101,received,transaction,2340 
395,107,received,transaction,2338 
395,108,received,transaction,2340 
395,112,received,transaction,2340 
397,106,received,transaction,2340 
397,102,received,transaction,2339 
397,102,received,transaction,2340 
398,116,received,transaction,2340 
398,104,received,transaction,2340 
400, 104,Appended, Transaction, 2341
400, 104, broadcasting, data, 2341
401,117,received,transaction,2341 
401,100,received,transaction,2340 
401,106,received,transaction,2341 
402,105,received,transaction,2341 
402,116,received,transaction,2341 
402,118,received,transaction,2340 
403,114,received,transaction,2340 
403,100,received,transaction,2341 
404,118,received,transaction,2341 
405,117,received,transaction,2340 
405,107,received,transaction,2341 
406,113,received,transaction,2341 
406,107,received,transaction,2340 
408,109,received,transaction,2340 
409,103,received,transaction,2341 
409,110,received,transaction,2341 
410, 116,Appended, Transaction, 2342
410, 116, broadcasting, data, 2342
412,100,received,transaction,2342 
412,105,received,transaction,2342 
412,109,received,transaction,2342 
412,118,received,transaction,2342 
413,103,received,transaction,2342 
413,101,received,transaction,2342 
414,102,received,transaction,2341 
414,111,received,transaction,2341 
415,114,received,transaction,2342 
416,107,received,transaction,2342 
416,110,received,transaction,2342 
416,115,received,transaction,2341 
417,101,received,transaction,2341 
418,113,received,transaction,2342 
418,106,received,transaction,2342 
419,109,received,transaction,2341 
419,102,received,transaction,2342 
419,108,received,transaction,2341 
420, 101,Appended, Transaction, 2343
420, 101, broadcasting, data, 2343
420,105,received,transaction,2340 
421,112,received,transaction,2341 
421,102,received,transaction,2343 
421,104,received,transaction,2343 
422,104,received,transaction,2342 
422,108,received,transaction,2342 
422,110,received,transaction,2343 
423,103,received,transaction,2343 
423,111,received,transaction,2343 
423,115,received,transaction,2343 
423,115,received,transaction,2342 
423,113,received,transaction,2343 
425,114,received,transaction,2341 
425,106,received,transaction,2343 
426,114,received,transaction,2343 
428,111,received,transaction,2342 
428,108,received,transaction,2343 
429,100,received,transaction,2343 
430, 111,Appended, Transaction, 2344
430, 111, broadcasting, data, 2344
430,107,received,transaction,2343 
432,115,received,transaction,2344 
432,106,received,transaction,2344 
432,114,received,transaction,2344 
433,116,received,transaction,2343 
433,101,received,transaction,2344 
433,103,received,transaction,2344 
433,112,received,transaction,2344 
433,116,received,transaction,2344 
433,117,received,transaction,2342 
434,112,received,transaction,2343 
434,117,received,transaction,2343 
434,107,received,transaction,2344 
435,100,received,transaction,2344 
435,109,received,transaction,2344 
435,118,received,transaction,2344 
436,110,received,transaction,2344 
436,102,received,transaction,2344 
437,105,received,transaction,2344 
437,109,received,transaction,2343 
438,108,received,transaction,2344 
439,118,received,transaction,2343 
439,113,received,transaction,2344 
440, 108,Appended, Transaction, 2345
440, 108, broadcasting, data, 2345
441,117,received,transaction,2344 
441,102,received,transaction,2345 
441,104,received,transaction,2345 
441,105,received,transaction,2345 
441,112,received,transaction,2345 
441,114,received,transaction,2345 
441,115,received,transaction,2345 
441,116,received,transaction,2345 
441,109,received,transaction,2345 
444,111,received,transaction,2345 
445,117,received,transaction,2345 
446,103,received,transaction,2345 
448,100,received,transaction,2345 
448,101,received,transaction,2345 
448,113,received,transaction,2345 
448,105,received,transaction,2343 
450, 115,Appended, Transaction, 2346
450, 115, broadcasting, data, 2346
451,108,received,transaction,2346 
451,109,received,transaction,2346 
452,100,received,transaction,2346 
452,104,received,transaction,2346 
453,113,received,transaction,2346 
453,101,received,transaction,2346 
454,102,received,transaction,2346 
454,117,received,transaction,2346 
455,114,received,transaction,2346 
455,104,received,transaction,2344 
455,112,received,transaction,2346 
456,110,received,transaction,2345 
456,106,received,transaction,2346 
456,110,received,transaction,2346 
456,118,received,transaction,2345 
458,107,received,transaction,2346 
459,111,received,transaction,2346 
460, 104,Appended, Transaction, 2347
460, 104, broadcasting, data, 2347
461,116,received,transaction,2346 
461,108,received,transaction,2347 
461,110,received,transaction,2347 
461,117,received,transaction,2347 
462,114,received,transaction,2347 
462,112,received,transaction,2347 
462,103,received,transaction,2346 
462,118,received,transaction,2346 
463,107,received,transaction,2345 
464,100,received,transaction,2347 
465,102,received,transaction,2347 
466,106,received,transaction,2345 
467,105,received,transaction,2347 
469,103,received,transaction,2347 
470, 109,Appended, Transaction, 2348
470, 109, broadcasting, data, 2348
470,113,received,transaction,2347 
472,115,received,transaction,2347 
472,100,received,transaction,2348 
472,105,received,transaction,2348 
472,112,received,transaction,2348 
472,116,received,transaction,2348 
472,118,received,transaction,2348 
473,115,received,transaction,2348 
473,107,received,transaction,2348 
473,116,received,transaction,2347 
473,109,received,transaction,2347 
474,101,received,transaction,2347 
474,103,received,transaction,2348 
475,106,received,transaction,2348 
475,111,received,transaction,2348 
475,113,received,transaction,2348 
475,107,received,transaction,2347 
476,102,received,transaction,2348 
476,117,received,transaction,2348 
476,106,received,transaction,2347 
478,104,received,transaction,2348 
479,108,received,transaction,2348 
480, 103,Appended, Transaction, 2349
480, 103, broadcasting, data, 2349
480,118,received,transaction,2349 
483,100,received,transaction,2349 
483,111,received,transaction,2349 
483,111,received,transaction,2347 
483,106,received,transaction,2349 
483,101,received,transaction,2348 
484,116,received,transaction,2349 
484,107,received,transaction,2349 
485,117,received,transaction,2349 
485,108,received,transaction,2349 
485,110,received,transaction,2349 
487,105,received,transaction,2349 
487,114,received,transaction,2349 
487,115,received,transaction,2349 
489,104,received,transaction,2349 
490,102,received,transaction,2349 
490, 103,Appended, Transaction, 2350
490, 103, broadcasting, data, 2350
491,118,received,transaction,2350 
491,109,received,transaction,2349 
492,112,received,transaction,2349 
492,118,received,transaction,2347 
493,113,received,transaction,2349 
493,113,received,transaction,2350 
494,100,received,transaction,2350 
495,114,received,transaction,2348 
495,101,received,transaction,2349 
495,108,received,transaction,2350 
495,110,received,transaction,2348 
497,102,received,transaction,2350 
497,116,received,transaction,2350 
497,107,received,transaction,2350 
498,106,received,transaction,2350 
499,115,received,transaction,2350 
Simulation ended
