0,100, generated, node, -
0,101, generated, node, -
0,102, generated, node, -
0,103, generated, node, -
0,104, generated, node, -
0,105, generated, node, -
0,106, generated, node, -
0,107, generated, node, -
0,108, generated, node, -
0,109, generated, node, -
0,110, generated, node, -
0,111, generated, node, -
0,112, generated, node, -
0,113, generated, node, -
0,114, generated, node, -
0,115, generated, node, -
0,116, generated, node, -
0,117, generated, node, -
0,118, generated, node, -
1000, 114, Created, block,99901,0
No of blocks in node 114 is 1
1000, 114, broadcasting, data, 99901
1001,117, received, block, 99901
1001,117, interrupted, block, 99901 
1001,108, received, block, 99901
1001,108, interrupted, block, 99901 
1002,111, received, block, 99901
1002,111, interrupted, block, 99901 
1002,101, received, block, 99901
1002,101, interrupted, block, 99901 
1002,106, received, block, 99901
1002,106, interrupted, block, 99901 
1003,107, received, block, 99901
1003,107, interrupted, block, 99901 
1003,102, received, block, 99901
1003,102, interrupted, block, 99901 
No of blocks in node 108 is 1
1005,104, received, block, 99901
1005,104, interrupted, block, 99901 
1005,115, received, block, 99901
1005,115, interrupted, block, 99901 
1005,118, received, block, 99901
1005,118, interrupted, block, 99901 
1005,105, received, block, 99901
1005,105, interrupted, block, 99901 
1006,109, received, block, 99901
1006,109, interrupted, block, 99901 
1006,112, received, block, 99901
1006,112, interrupted, block, 99901 
1006,113, received, block, 99901
1006,113, interrupted, block, 99901 
1007,103, received, block, 99901
1007,103, interrupted, block, 99901 
No of blocks in node 118 is 1
1009,100, received, block, 99901
1009,100, interrupted, block, 99901 
No of blocks in node 113 is 1
No of blocks in node 101 is 1
No of blocks in node 103 is 1
No of blocks in node 100 is 1
No of blocks in node 117 is 1
1017,116, received, block, 99901
1017,116, interrupted, block, 99901 
1018,110, received, block, 99901
1018,110, interrupted, block, 99901 
No of blocks in node 116 is 1
No of blocks in node 102 is 1
No of blocks in node 111 is 1
No of blocks in node 105 is 1
No of blocks in node 104 is 1
No of blocks in node 112 is 1
No of blocks in node 109 is 1
No of blocks in node 107 is 1
No of blocks in node 115 is 1
No of blocks in node 106 is 1
No of blocks in node 110 is 1
2000, 114, Created, block,99902,0
No of blocks in node 114 is 2
2000, 114, broadcasting, data, 99902
2002,106, received, block, 99902
2002,106, interrupted, block, 99902 
2002,110, received, block, 99902
2002,110, interrupted, block, 99902 
2002,111, received, block, 99902
2002,111, interrupted, block, 99902 
2002,113, received, block, 99902
2002,113, interrupted, block, 99902 
2002,116, received, block, 99902
2002,116, interrupted, block, 99902 
2003,102, received, block, 99902
2003,102, interrupted, block, 99902 
2003,107, received, block, 99902
2003,107, interrupted, block, 99902 
2003,115, received, block, 99902
2003,115, interrupted, block, 99902 
2003,117, received, block, 99902
2003,117, interrupted, block, 99902 
2005,104, received, block, 99902
2005,104, interrupted, block, 99902 
No of blocks in node 106 is 2
2006,109, received, block, 99902
2006,109, interrupted, block, 99902 
2007,118, received, block, 99902
2007,118, interrupted, block, 99902 
2007,101, received, block, 99902
2007,101, interrupted, block, 99902 
2007,112, received, block, 99902
2007,112, interrupted, block, 99902 
No of blocks in node 117 is 2
No of blocks in node 104 is 2
2009,108, received, block, 99902
2009,108, interrupted, block, 99902 
2010,105, received, block, 99902
2010,105, interrupted, block, 99902 
2012,100, received, block, 99902
2012,100, interrupted, block, 99902 
No of blocks in node 100 is 2
No of blocks in node 118 is 2
2018,103, received, block, 99902
2018,103, interrupted, block, 99902 
No of blocks in node 102 is 2
No of blocks in node 115 is 2
No of blocks in node 109 is 2
No of blocks in node 107 is 2
No of blocks in node 110 is 2
No of blocks in node 105 is 2
No of blocks in node 101 is 2
No of blocks in node 111 is 2
No of blocks in node 116 is 2
No of blocks in node 113 is 2
No of blocks in node 112 is 2
No of blocks in node 108 is 2
No of blocks in node 103 is 2
3000, 114, Created, block,99903,0
No of blocks in node 114 is 3
3000, 114, broadcasting, data, 99903
3000,100, received, block, 99903
3000,100, interrupted, block, 99903 
3001,101, received, block, 99903
3001,101, interrupted, block, 99903 
3002,110, received, block, 99903
3002,110, interrupted, block, 99903 
3003,102, received, block, 99903
3003,102, interrupted, block, 99903 
3003,107, received, block, 99903
3003,107, interrupted, block, 99903 
3004,109, received, block, 99903
3004,109, interrupted, block, 99903 
3004,108, received, block, 99903
3004,108, interrupted, block, 99903 
3006,103, received, block, 99903
3006,103, interrupted, block, 99903 
No of blocks in node 107 is 3
3007,112, received, block, 99903
3007,112, interrupted, block, 99903 
3008,104, received, block, 99903
3008,104, interrupted, block, 99903 
3008,106, received, block, 99903
3008,106, interrupted, block, 99903 
3009,113, received, block, 99903
3009,113, interrupted, block, 99903 
3009,105, received, block, 99903
3009,105, interrupted, block, 99903 
3013,111, received, block, 99903
3013,111, interrupted, block, 99903 
No of blocks in node 106 is 3
3014,116, received, block, 99903
3014,116, interrupted, block, 99903 
3014,115, received, block, 99903
3014,115, interrupted, block, 99903 
No of blocks in node 110 is 3
No of blocks in node 113 is 3
3018,117, received, block, 99903
3018,117, interrupted, block, 99903 
3020,118, received, block, 99903
3020,118, interrupted, block, 99903 
No of blocks in node 111 is 3
No of blocks in node 109 is 3
No of blocks in node 116 is 3
No of blocks in node 112 is 3
No of blocks in node 105 is 3
No of blocks in node 103 is 3
No of blocks in node 100 is 3
No of blocks in node 102 is 3
No of blocks in node 118 is 3
No of blocks in node 117 is 3
No of blocks in node 101 is 3
No of blocks in node 108 is 3
No of blocks in node 104 is 3
No of blocks in node 115 is 3
4000, 114, Created, block,99904,0
No of blocks in node 114 is 4
4000, 114, broadcasting, data, 99904
4000,100, received, block, 99904
4000,100, interrupted, block, 99904 
4000,113, received, block, 99904
4000,113, interrupted, block, 99904 
4002,106, received, block, 99904
4002,106, interrupted, block, 99904 
4003,101, received, block, 99904
4003,101, interrupted, block, 99904 
4003,110, received, block, 99904
4003,110, interrupted, block, 99904 
4004,112, received, block, 99904
4004,112, interrupted, block, 99904 
4005,105, received, block, 99904
4005,105, interrupted, block, 99904 
4005,115, received, block, 99904
4005,115, interrupted, block, 99904 
4005,116, received, block, 99904
4005,116, interrupted, block, 99904 
No of blocks in node 110 is 4
4005,111, received, block, 99904
4005,111, interrupted, block, 99904 
4006,104, received, block, 99904
4006,104, interrupted, block, 99904 
No of blocks in node 112 is 4
4007,117, received, block, 99904
4007,117, interrupted, block, 99904 
4010,103, received, block, 99904
4010,103, interrupted, block, 99904 
No of blocks in node 105 is 4
4012,108, received, block, 99904
4012,108, interrupted, block, 99904 
4013,102, received, block, 99904
4013,102, interrupted, block, 99904 
No of blocks in node 104 is 4
4014,118, received, block, 99904
4014,118, interrupted, block, 99904 
4019,107, received, block, 99904
4019,107, interrupted, block, 99904 
4022,109, received, block, 99904
4022,109, interrupted, block, 99904 
No of blocks in node 108 is 4
No of blocks in node 117 is 4
No of blocks in node 100 is 4
No of blocks in node 111 is 4
No of blocks in node 116 is 4
No of blocks in node 106 is 4
No of blocks in node 113 is 4
No of blocks in node 101 is 4
No of blocks in node 115 is 4
No of blocks in node 103 is 4
No of blocks in node 118 is 4
No of blocks in node 109 is 4
No of blocks in node 102 is 4
No of blocks in node 107 is 4
5000, 114, Created, block,99905,0
No of blocks in node 114 is 5
5000, 114, broadcasting, data, 99905
5001,117, received, block, 99905
5001,117, interrupted, block, 99905 
5001,103, received, block, 99905
5001,103, interrupted, block, 99905 
5002,100, received, block, 99905
5002,100, interrupted, block, 99905 
5002,108, received, block, 99905
5002,108, interrupted, block, 99905 
5002,115, received, block, 99905
5002,115, interrupted, block, 99905 
5004,104, received, block, 99905
5004,104, interrupted, block, 99905 
5004,110, received, block, 99905
5004,110, interrupted, block, 99905 
5005,112, received, block, 99905
5005,112, interrupted, block, 99905 
5007,107, received, block, 99905
5007,107, interrupted, block, 99905 
5007,113, received, block, 99905
5007,113, interrupted, block, 99905 
5007,102, received, block, 99905
5007,102, interrupted, block, 99905 
No of blocks in node 103 is 5
5009,106, received, block, 99905
5009,106, interrupted, block, 99905 
No of blocks in node 112 is 5
5011,109, received, block, 99905
5011,109, interrupted, block, 99905 
5013,111, received, block, 99905
5013,111, interrupted, block, 99905 
5014,118, received, block, 99905
5014,118, interrupted, block, 99905 
5016,105, received, block, 99905
5016,105, interrupted, block, 99905 
5017,101, received, block, 99905
5017,101, interrupted, block, 99905 
5017,116, received, block, 99905
5017,116, interrupted, block, 99905 
No of blocks in node 106 is 5
No of blocks in node 100 is 5
No of blocks in node 110 is 5
No of blocks in node 116 is 5
No of blocks in node 108 is 5
No of blocks in node 104 is 5
No of blocks in node 105 is 5
No of blocks in node 102 is 5
No of blocks in node 109 is 5
No of blocks in node 101 is 5
No of blocks in node 107 is 5
No of blocks in node 113 is 5
No of blocks in node 115 is 5
No of blocks in node 111 is 5
No of blocks in node 117 is 5
No of blocks in node 118 is 5
6000, 114, Created, block,99906,0
No of blocks in node 114 is 6
6000, 114, broadcasting, data, 99906
6000,118, received, block, 99906
6000,118, interrupted, block, 99906 
6001,117, received, block, 99906
6001,117, interrupted, block, 99906 
6001,113, received, block, 99906
6001,113, interrupted, block, 99906 
6002,101, received, block, 99906
6002,101, interrupted, block, 99906 
6002,110, received, block, 99906
6002,110, interrupted, block, 99906 
6002,111, received, block, 99906
6002,111, interrupted, block, 99906 
6002,116, received, block, 99906
6002,116, interrupted, block, 99906 
6003,102, received, block, 99906
6003,102, interrupted, block, 99906 
6003,109, received, block, 99906
6003,109, interrupted, block, 99906 
6003,112, received, block, 99906
6003,112, interrupted, block, 99906 
No of blocks in node 101 is 6
6004,108, received, block, 99906
6004,108, interrupted, block, 99906 
6005,100, received, block, 99906
6005,100, interrupted, block, 99906 
6005,115, received, block, 99906
6005,115, interrupted, block, 99906 
6008,105, received, block, 99906
6008,105, interrupted, block, 99906 
No of blocks in node 111 is 6
No of blocks in node 100 is 6
6009,106, received, block, 99906
6009,106, interrupted, block, 99906 
6012,104, received, block, 99906
6012,104, interrupted, block, 99906 
6012,107, received, block, 99906
6012,107, interrupted, block, 99906 
6013,103, received, block, 99906
6013,103, interrupted, block, 99906 
No of blocks in node 103 is 6
No of blocks in node 105 is 6
No of blocks in node 113 is 6
No of blocks in node 110 is 6
No of blocks in node 107 is 6
No of blocks in node 116 is 6
No of blocks in node 108 is 6
No of blocks in node 118 is 6
No of blocks in node 102 is 6
No of blocks in node 112 is 6
No of blocks in node 115 is 6
No of blocks in node 117 is 6
No of blocks in node 109 is 6
No of blocks in node 106 is 6
No of blocks in node 104 is 6
7000, 114, Created, block,99907,0
No of blocks in node 114 is 7
7000, 114, broadcasting, data, 99907
7001,117, received, block, 99907
7001,117, interrupted, block, 99907 
7001,107, received, block, 99907
7001,107, interrupted, block, 99907 
7002,110, received, block, 99907
7002,110, interrupted, block, 99907 
7002,111, received, block, 99907
7002,111, interrupted, block, 99907 
7004,106, received, block, 99907
7004,106, interrupted, block, 99907 
7005,100, received, block, 99907
7005,100, interrupted, block, 99907 
7005,104, received, block, 99907
7005,104, interrupted, block, 99907 
7005,105, received, block, 99907
7005,105, interrupted, block, 99907 
7005,112, received, block, 99907
7005,112, interrupted, block, 99907 
7005,115, received, block, 99907
7005,115, interrupted, block, 99907 
7005,118, received, block, 99907
7005,118, interrupted, block, 99907 
No of blocks in node 110 is 7
7006,113, received, block, 99907
7006,113, interrupted, block, 99907 
7006,109, received, block, 99907
7006,109, interrupted, block, 99907 
7007,116, received, block, 99907
7007,116, interrupted, block, 99907 
7008,102, received, block, 99907
7008,102, interrupted, block, 99907 
No of blocks in node 106 is 7
7011,108, received, block, 99907
7011,108, interrupted, block, 99907 
7011,101, received, block, 99907
7011,101, interrupted, block, 99907 
No of blocks in node 111 is 7
No of blocks in node 116 is 7
No of blocks in node 118 is 7
7020,103, received, block, 99907
7020,103, interrupted, block, 99907 
No of blocks in node 108 is 7
No of blocks in node 102 is 7
No of blocks in node 107 is 7
No of blocks in node 104 is 7
No of blocks in node 112 is 7
No of blocks in node 100 is 7
No of blocks in node 113 is 7
No of blocks in node 117 is 7
No of blocks in node 115 is 7
No of blocks in node 105 is 7
No of blocks in node 103 is 7
No of blocks in node 109 is 7
No of blocks in node 101 is 7
8000, 114, Created, block,99908,0
No of blocks in node 114 is 8
8000, 114, broadcasting, data, 99908
8001,108, received, block, 99908
8001,108, interrupted, block, 99908 
8001,115, received, block, 99908
8001,115, interrupted, block, 99908 
8002,111, received, block, 99908
8002,111, interrupted, block, 99908 
8002,113, received, block, 99908
8002,113, interrupted, block, 99908 
8002,101, received, block, 99908
8002,101, interrupted, block, 99908 
8002,100, received, block, 99908
8002,100, interrupted, block, 99908 
8002,104, received, block, 99908
8002,104, interrupted, block, 99908 
8003,107, received, block, 99908
8003,107, interrupted, block, 99908 
8003,110, received, block, 99908
8003,110, interrupted, block, 99908 
8005,105, received, block, 99908
8005,105, interrupted, block, 99908 
8005,116, received, block, 99908
8005,116, interrupted, block, 99908 
8005,112, received, block, 99908
8005,112, interrupted, block, 99908 
8005,106, received, block, 99908
8005,106, interrupted, block, 99908 
8007,103, received, block, 99908
8007,103, interrupted, block, 99908 
No of blocks in node 113 is 8
No of blocks in node 100 is 8
8012,117, received, block, 99908
8012,117, interrupted, block, 99908 
No of blocks in node 104 is 8
8014,109, received, block, 99908
8014,109, interrupted, block, 99908 
No of blocks in node 110 is 8
8015,102, received, block, 99908
8015,102, interrupted, block, 99908 
8016,118, received, block, 99908
8016,118, interrupted, block, 99908 
No of blocks in node 107 is 8
No of blocks in node 117 is 8
No of blocks in node 112 is 8
No of blocks in node 108 is 8
No of blocks in node 103 is 8
No of blocks in node 101 is 8
No of blocks in node 111 is 8
No of blocks in node 116 is 8
No of blocks in node 102 is 8
No of blocks in node 115 is 8
No of blocks in node 106 is 8
No of blocks in node 109 is 8
No of blocks in node 105 is 8
No of blocks in node 118 is 8
9000, 114, Created, block,99909,0
No of blocks in node 114 is 9
9000, 114, broadcasting, data, 99909
9000,115, received, block, 99909
9000,115, interrupted, block, 99909 
9001,117, received, block, 99909
9001,117, interrupted, block, 99909 
9001,106, received, block, 99909
9001,106, interrupted, block, 99909 
9002,101, received, block, 99909
9002,101, interrupted, block, 99909 
9002,110, received, block, 99909
9002,110, interrupted, block, 99909 
9002,118, received, block, 99909
9002,118, interrupted, block, 99909 
9002,111, received, block, 99909
9002,111, interrupted, block, 99909 
9005,105, received, block, 99909
9005,105, interrupted, block, 99909 
9005,116, received, block, 99909
9005,116, interrupted, block, 99909 
9005,108, received, block, 99909
9005,108, interrupted, block, 99909 
No of blocks in node 101 is 9
No of blocks in node 106 is 9
No of blocks in node 105 is 9
No of blocks in node 108 is 9
9010,104, received, block, 99909
9010,104, interrupted, block, 99909 
9011,100, received, block, 99909
9011,100, interrupted, block, 99909 
9011,112, received, block, 99909
9011,112, interrupted, block, 99909 
9012,103, received, block, 99909
9012,103, interrupted, block, 99909 
9015,113, received, block, 99909
9015,113, interrupted, block, 99909 
9018,102, received, block, 99909
9018,102, interrupted, block, 99909 
9019,107, received, block, 99909
9019,107, interrupted, block, 99909 
No of blocks in node 100 is 9
9020,109, received, block, 99909
9020,109, interrupted, block, 99909 
No of blocks in node 118 is 9
No of blocks in node 109 is 9
No of blocks in node 102 is 9
No of blocks in node 112 is 9
No of blocks in node 116 is 9
No of blocks in node 110 is 9
No of blocks in node 117 is 9
No of blocks in node 115 is 9
No of blocks in node 104 is 9
No of blocks in node 111 is 9
No of blocks in node 113 is 9
No of blocks in node 103 is 9
No of blocks in node 107 is 9
10000, 114, Created, block,99910,0
No of blocks in node 114 is 10
10000, 114, broadcasting, data, 99910
10001,108, received, block, 99910
10001,108, interrupted, block, 99910 
10002,110, received, block, 99910
10002,110, interrupted, block, 99910 
10002,113, received, block, 99910
10002,113, interrupted, block, 99910 
10002,112, received, block, 99910
10002,112, interrupted, block, 99910 
10002,105, received, block, 99910
10002,105, interrupted, block, 99910 
10003,111, received, block, 99910
10003,111, interrupted, block, 99910 
10004,116, received, block, 99910
10004,116, interrupted, block, 99910 
10004,102, received, block, 99910
10004,102, interrupted, block, 99910 
10005,100, received, block, 99910
10005,100, interrupted, block, 99910 
10005,118, received, block, 99910
10005,118, interrupted, block, 99910 
10006,109, received, block, 99910
10006,109, interrupted, block, 99910 
10007,103, received, block, 99910
10007,103, interrupted, block, 99910 
10009,101, received, block, 99910
10009,101, interrupted, block, 99910 
10009,106, received, block, 99910
10009,106, interrupted, block, 99910 
10011,104, received, block, 99910
10011,104, interrupted, block, 99910 
10011,107, received, block, 99910
10011,107, interrupted, block, 99910 
No of blocks in node 110 is 10
No of blocks in node 103 is 10
No of blocks in node 118 is 10
No of blocks in node 116 is 10
No of blocks in node 113 is 10
No of blocks in node 102 is 10
No of blocks in node 108 is 10
10023,115, received, block, 99910
10023,115, interrupted, block, 99910 
10024,117, received, block, 99910
10024,117, interrupted, block, 99910 
No of blocks in node 106 is 10
No of blocks in node 112 is 10
No of blocks in node 107 is 10
No of blocks in node 105 is 10
No of blocks in node 104 is 10
No of blocks in node 109 is 10
No of blocks in node 100 is 10
No of blocks in node 111 is 10
No of blocks in node 101 is 10
No of blocks in node 117 is 10
No of blocks in node 115 is 10
Simulation ended
