0,100, generated, node, -
0,101, generated, node, -
0,102, generated, node, -
0,103, generated, node, -
0,104, generated, node, -
0,105, generated, node, -
0,106, generated, node, -
0,107, generated, node, -
0,108, generated, node, -
0,109, generated, node, -
0,110, generated, node, -
0,111, generated, node, -
0,112, generated, node, -
0,113, generated, node, -
0,114, generated, node, -
0,115, generated, node, -
0,116, generated, node, -
0,117, generated, node, -
0,118, generated, node, -
0, 104,Appended, Transaction, 2301
0, 104, broadcasting, data, 2301
1,106,received,transaction,2301 
1,117,received,transaction,2301 
2,105,received,transaction,2301 
2,107,received,transaction,2301 
2,116,received,transaction,2301 
4,118,received,transaction,2301 
5,102,received,transaction,2301 
6,100,received,transaction,2301 
8,115,received,transaction,2301 
9,111,received,transaction,2301 
9, 112,Appended, Transaction, 2302
9, 112, broadcasting, data, 2302
10,101,received,transaction,2301 
10,104,received,transaction,2302 
10,108,received,transaction,2302 
11,105,received,transaction,2302 
11,109,received,transaction,2302 
11,116,received,transaction,2302 
12,114,received,transaction,2301 
12,113,received,transaction,2302 
12,111,received,transaction,2302 
12,101,received,transaction,2302 
14,112,received,transaction,2301 
14,102,received,transaction,2302 
14,114,received,transaction,2302 
15,108,received,transaction,2301 
15,109,received,transaction,2301 
16,118,received,transaction,2302 
16,110,received,transaction,2301 
17,107,received,transaction,2302 
18,110,received,transaction,2302 
19,103,received,transaction,2301 
19, 112,Appended, Transaction, 2303
19, 112, broadcasting, data, 2303
20,103,received,transaction,2302 
20,113,received,transaction,2301 
20,117,received,transaction,2303 
21,109,received,transaction,2303 
21,118,received,transaction,2303 
22,101,received,transaction,2303 
22,113,received,transaction,2303 
24,108,received,transaction,2303 
24,105,received,transaction,2303 
24,117,received,transaction,2302 
24,102,received,transaction,2303 
24,114,received,transaction,2303 
25,106,received,transaction,2302 
25,100,received,transaction,2302 
27,115,received,transaction,2302 
28,115,received,transaction,2303 
28,103,received,transaction,2303 
29,107,received,transaction,2303 
30, 107,Appended, Transaction, 2304
30, 107, broadcasting, data, 2304
30,111,received,transaction,2303 
30,110,received,transaction,2303 
32,104,received,transaction,2304 
32,116,received,transaction,2303 
32,100,received,transaction,2304 
32,106,received,transaction,2304 
32,103,received,transaction,2304 
33,104,received,transaction,2303 
34,100,received,transaction,2303 
34,109,received,transaction,2304 
35,113,received,transaction,2304 
35,115,received,transaction,2304 
36,108,received,transaction,2304 
36,117,received,transaction,2304 
36,102,received,transaction,2304 
36,101,received,transaction,2304 
37,114,received,transaction,2304 
37,118,received,transaction,2304 
39,105,received,transaction,2304 
39,112,received,transaction,2304 
39,106,received,transaction,2303 
40, 116,Appended, Transaction, 2305
40, 116, broadcasting, data, 2305
40,105,received,transaction,2305 
40,111,received,transaction,2305 
42,100,received,transaction,2305 
42,109,received,transaction,2305 
42,115,received,transaction,2305 
42,111,received,transaction,2304 
43,116,received,transaction,2304 
43,110,received,transaction,2305 
45,107,received,transaction,2305 
46,102,received,transaction,2305 
47,114,received,transaction,2305 
48,110,received,transaction,2304 
48,118,received,transaction,2305 
49,106,received,transaction,2305 
49,108,received,transaction,2305 
49, 111,Appended, Transaction, 2306
49, 111, broadcasting, data, 2306
