0,100, generated, node, -
0,101, generated, node, -
0,102, generated, node, -
0,103, generated, node, -
0,104, generated, node, -
0,105, generated, node, -
0,106, generated, node, -
0,107, generated, node, -
0,108, generated, node, -
0,109, generated, node, -
0,110, generated, node, -
0,111, generated, node, -
0,112, generated, node, -
0,113, generated, node, -
0,114, generated, node, -
0,115, generated, node, -
0,116, generated, node, -
0,117, generated, node, -
0,118, generated, node, -
0, 100,Appended, Transaction, 2301
0, 100, broadcasting, data, 2301
0,114,received,transaction,2301 
1,106,received,transaction,2301 
1,110,received,transaction,2301 
1,118,received,transaction,2301 
2,105,received,transaction,2301 
2,115,received,transaction,2301 
3,103,received,transaction,2301 
3,104,received,transaction,2301 
5,101,received,transaction,2301 
5,102,received,transaction,2301 
5,111,received,transaction,2301 
5,109,received,transaction,2301 
6,112,received,transaction,2301 
7,107,received,transaction,2301 
9,116,received,transaction,2301 
9, 100,Appended, Transaction, 2302
9, 100, broadcasting, data, 2302
10,108,received,transaction,2301 
10,110,received,transaction,2302 
10,106,received,transaction,2302 
11,109,received,transaction,2302 
11,115,received,transaction,2302 
11,116,received,transaction,2302 
12,117,received,transaction,2301 
12,102,received,transaction,2302 
12,103,received,transaction,2302 
12,101,received,transaction,2302 
13,113,received,transaction,2302 
14,113,received,transaction,2301 
14,105,received,transaction,2302 
14,111,received,transaction,2302 
15,112,received,transaction,2302 
15,118,received,transaction,2302 
19,117,received,transaction,2302 
19,114,received,transaction,2302 
19, 100,Appended, Transaction, 2303
19, 100, broadcasting, data, 2303
19,101,received,transaction,2303 
20,107,received,transaction,2303 
20,116,received,transaction,2303 
20,104,received,transaction,2302 
20,108,received,transaction,2303 
20,106,received,transaction,2303 
20,110,received,transaction,2303 
21,114,received,transaction,2303 
21,103,received,transaction,2303 
21,109,received,transaction,2303 
23,115,received,transaction,2303 
24,108,received,transaction,2302 
24,111,received,transaction,2303 
24,113,received,transaction,2303 
25,105,received,transaction,2303 
26,118,received,transaction,2303 
29,112,received,transaction,2303 
29,107,received,transaction,2302 
30,102,received,transaction,2303 
30,104,received,transaction,2303 
30, 100,Appended, Transaction, 2304
30, 100, broadcasting, data, 2304
31,106,received,transaction,2304 
31,118,received,transaction,2304 
32,105,received,transaction,2304 
32,115,received,transaction,2304 
32,104,received,transaction,2304 
33,103,received,transaction,2304 
33,109,received,transaction,2304 
34,116,received,transaction,2304 
34,111,received,transaction,2304 
35,102,received,transaction,2304 
36,107,received,transaction,2304 
37,101,received,transaction,2304 
38,110,received,transaction,2304 
38,114,received,transaction,2304 
38,113,received,transaction,2304 
39,117,received,transaction,2304 
40, 100,Appended, Transaction, 2305
40, 100, broadcasting, data, 2305
40,104,received,transaction,2305 
41,117,received,transaction,2303 
42,105,received,transaction,2305 
42,112,received,transaction,2305 
42,116,received,transaction,2305 
42,106,received,transaction,2305 
43,107,received,transaction,2305 
43,103,received,transaction,2305 
43,110,received,transaction,2305 
44,108,received,transaction,2304 
45,102,received,transaction,2305 
45,111,received,transaction,2305 
45,114,received,transaction,2305 
45,118,received,transaction,2305 
47,109,received,transaction,2305 
48,108,received,transaction,2305 
