0,100, generated, node, -
0,101, generated, node, -
0,102, generated, node, -
0,103, generated, node, -
0,104, generated, node, -
0,105, generated, node, -
0,106, generated, node, -
0,107, generated, node, -
0,108, generated, node, -
0,109, generated, node, -
0,110, generated, node, -
0,111, generated, node, -
0,112, generated, node, -
0,113, generated, node, -
0,114, generated, node, -
0,115, generated, node, -
0,116, generated, node, -
0,117, generated, node, -
0,118, generated, node, -
0, 107,Appended, Transaction, 2301
0, 107, broadcasting, data, 2301
0,110,received,transaction,2301 
1,105,received,transaction,2301 
1,101,received,transaction,2301 
2,104,received,transaction,2301 
2,100,received,transaction,2301 
2,108,received,transaction,2301 
3,109,received,transaction,2301 
4,111,received,transaction,2301 
4,117,received,transaction,2301 
5,118,received,transaction,2301 
6,116,received,transaction,2301 
7,113,received,transaction,2301 
7,114,received,transaction,2301 
9,103,received,transaction,2301 
10, 112,Appended, Transaction, 2302
10, 112, broadcasting, data, 2302
11,108,received,transaction,2302 
11,115,received,transaction,2301 
12,100,received,transaction,2302 
12,104,received,transaction,2302 
12,105,received,transaction,2302 
12,115,received,transaction,2302 
12,116,received,transaction,2302 
12,114,received,transaction,2302 
13,111,received,transaction,2302 
15,109,received,transaction,2302 
15,112,received,transaction,2301 
16,102,received,transaction,2301 
17,103,received,transaction,2302 
17,117,received,transaction,2302 
17,102,received,transaction,2302 
18,106,received,transaction,2301 
20, 116,Appended, Transaction, 2303
20, 116, broadcasting, data, 2303
20,113,received,transaction,2302 
20,107,received,transaction,2302 
20,108,received,transaction,2303 
21,117,received,transaction,2303 
22,100,received,transaction,2303 
22,104,received,transaction,2303 
22,109,received,transaction,2303 
23,101,received,transaction,2303 
23,111,received,transaction,2303 
23,113,received,transaction,2303 
24,103,received,transaction,2303 
24,118,received,transaction,2303 
24,101,received,transaction,2302 
25,102,received,transaction,2303 
25,107,received,transaction,2303 
26,106,received,transaction,2303 
26,110,received,transaction,2303 
26,114,received,transaction,2303 
27,110,received,transaction,2302 
27,105,received,transaction,2303 
28,106,received,transaction,2302 
29, 117,Appended, Transaction, 2304
29, 117, broadcasting, data, 2304
30,109,received,transaction,2304 
30,102,received,transaction,2304 
30,104,received,transaction,2304 
30,112,received,transaction,2304 
31,101,received,transaction,2304 
32,106,received,transaction,2304 
32,105,received,transaction,2304 
33,118,received,transaction,2302 
33,115,received,transaction,2303 
35,111,received,transaction,2304 
37,107,received,transaction,2304 
37,113,received,transaction,2304 
38,114,received,transaction,2304 
38,100,received,transaction,2304 
40, 107,Appended, Transaction, 2305
40, 107, broadcasting, data, 2305
40,115,received,transaction,2304 
40,116,received,transaction,2305 
41,106,received,transaction,2305 
42,103,received,transaction,2305 
42,110,received,transaction,2304 
43,108,received,transaction,2305 
43,108,received,transaction,2304 
43,109,received,transaction,2305 
43,114,received,transaction,2305 
44,112,received,transaction,2305 
44,110,received,transaction,2305 
44,104,received,transaction,2305 
45,111,received,transaction,2305 
46,117,received,transaction,2305 
47,118,received,transaction,2304 
47,103,received,transaction,2304 
48,118,received,transaction,2305 
48,105,received,transaction,2305 
