0,100, generated, node, -
0,101, generated, node, -
0,102, generated, node, -
0,103, generated, node, -
0,104, generated, node, -
0,105, generated, node, -
0,106, generated, node, -
0,107, generated, node, -
0,108, generated, node, -
0,109, generated, node, -
0,110, generated, node, -
0,111, generated, node, -
0,112, generated, node, -
0,113, generated, node, -
0,114, generated, node, -
0,115, generated, node, -
0,116, generated, node, -
0,117, generated, node, -
0,118, generated, node, -
0, 100,Appended, Transaction, 2301
0, 100, broadcasting, data, 2301
0,101,received,transaction,2301 
1,106,received,transaction,2301 
1,118,received,transaction,2301 
1,107,received,transaction,2301 
2,105,received,transaction,2301 
2,112,received,transaction,2301 
2,116,received,transaction,2301 
2,115,received,transaction,2301 
4,103,received,transaction,2301 
5,113,received,transaction,2301 
8,109,received,transaction,2301 
9,114,received,transaction,2301 
10, 100,Appended, Transaction, 2302
10, 100, broadcasting, data, 2302
10,114,received,transaction,2302 
11,110,received,transaction,2302 
11,117,received,transaction,2301 
12,105,received,transaction,2302 
12,115,received,transaction,2302 
12,111,received,transaction,2301 
13,102,received,transaction,2301 
14,109,received,transaction,2302 
15,111,received,transaction,2302 
15,113,received,transaction,2302 
15,104,received,transaction,2302 
15,104,received,transaction,2301 
16,110,received,transaction,2301 
16,103,received,transaction,2302 
16,116,received,transaction,2302 
18,107,received,transaction,2302 
18,106,received,transaction,2302 
20, 100,Appended, Transaction, 2303
20, 100, broadcasting, data, 2303
21,110,received,transaction,2303 
21,116,received,transaction,2303 
21,108,received,transaction,2302 
22,118,received,transaction,2302 
22,109,received,transaction,2303 
22,112,received,transaction,2303 
22,102,received,transaction,2302 
22,117,received,transaction,2302 
23,112,received,transaction,2302 
24,105,received,transaction,2303 
25,114,received,transaction,2303 
25,108,received,transaction,2301 
26,102,received,transaction,2303 
29,117,received,transaction,2303 
29,106,received,transaction,2303 
30, 100,Appended, Transaction, 2304
30, 100, broadcasting, data, 2304
30,118,received,transaction,2303 
31,110,received,transaction,2304 
31,101,received,transaction,2302 
31,108,received,transaction,2304 
31,104,received,transaction,2304 
32,101,received,transaction,2303 
32,112,received,transaction,2304 
32,103,received,transaction,2303 
33,103,received,transaction,2304 
34,114,received,transaction,2304 
34,111,received,transaction,2303 
34,108,received,transaction,2303 
34,106,received,transaction,2304 
34,118,received,transaction,2304 
35,101,received,transaction,2304 
35,111,received,transaction,2304 
35,105,received,transaction,2304 
36,113,received,transaction,2303 
36,102,received,transaction,2304 
36,107,received,transaction,2303 
38,104,received,transaction,2303 
38,115,received,transaction,2303 
39,109,received,transaction,2304 
40, 100,Appended, Transaction, 2305
40, 100, broadcasting, data, 2305
40,116,received,transaction,2305 
41,118,received,transaction,2305 
42,109,received,transaction,2305 
42,115,received,transaction,2305 
43,105,received,transaction,2305 
44,113,received,transaction,2304 
44,107,received,transaction,2304 
44,106,received,transaction,2305 
45,102,received,transaction,2305 
45,111,received,transaction,2305 
45,113,received,transaction,2305 
45,114,received,transaction,2305 
45,116,received,transaction,2304 
45,103,received,transaction,2305 
45,117,received,transaction,2305 
48,117,received,transaction,2304 
48,107,received,transaction,2305 
50, 100,Appended, Transaction, 2306
50, 100, broadcasting, data, 2306
51,110,received,transaction,2306 
51,106,received,transaction,2306 
52,105,received,transaction,2306 
52,112,received,transaction,2306 
52,116,received,transaction,2306 
53,103,received,transaction,2306 
53,104,received,transaction,2305 
53,101,received,transaction,2305 
54,104,received,transaction,2306 
54,112,received,transaction,2305 
55,117,received,transaction,2306 
55,113,received,transaction,2306 
56,108,received,transaction,2305 
57,110,received,transaction,2305 
57,109,received,transaction,2306 
59,118,received,transaction,2306 
59,101,received,transaction,2306 
59,115,received,transaction,2304 
60, 100,Appended, Transaction, 2307
60, 100, broadcasting, data, 2307
60,115,received,transaction,2306 
61,110,received,transaction,2307 
62,115,received,transaction,2307 
62,116,received,transaction,2307 
63,104,received,transaction,2307 
63,118,received,transaction,2307 
64,102,received,transaction,2306 
64,106,received,transaction,2307 
64,114,received,transaction,2306 
65,111,received,transaction,2307 
66,113,received,transaction,2307 
66,101,received,transaction,2307 
66,105,received,transaction,2307 
68,107,received,transaction,2307 
69,108,received,transaction,2307 
69,108,received,transaction,2306 
70, 100,Appended, Transaction, 2308
70, 100, broadcasting, data, 2308
70,111,received,transaction,2306 
71,106,received,transaction,2308 
71,107,received,transaction,2306 
71,118,received,transaction,2308 
72,105,received,transaction,2308 
72,109,received,transaction,2308 
72,112,received,transaction,2308 
72,115,received,transaction,2308 
73,116,received,transaction,2308 
74,104,received,transaction,2308 
74,112,received,transaction,2307 
74,101,received,transaction,2308 
74,107,received,transaction,2308 
75,114,received,transaction,2308 
75,103,received,transaction,2307 
75,109,received,transaction,2307 
75,102,received,transaction,2307 
76,114,received,transaction,2307 
77,117,received,transaction,2307 
80, 100,Appended, Transaction, 2309
80, 100, broadcasting, data, 2309
81,118,received,transaction,2309 
81,106,received,transaction,2309 
81,110,received,transaction,2308 
81,112,received,transaction,2309 
82,116,received,transaction,2309 
82,102,received,transaction,2309 
82,105,received,transaction,2309 
82,111,received,transaction,2309 
83,102,received,transaction,2308 
83,107,received,transaction,2309 
83,108,received,transaction,2309 
84,110,received,transaction,2309 
85,113,received,transaction,2309 
85,108,received,transaction,2308 
86,103,received,transaction,2309 
86,117,received,transaction,2309 
88,115,received,transaction,2309 
90, 100,Appended, Transaction, 2310
90, 100, broadcasting, data, 2310
90,101,received,transaction,2310 
90,103,received,transaction,2308 
91,114,received,transaction,2309 
91,106,received,transaction,2310 
91,110,received,transaction,2310 
91,118,received,transaction,2310 
91,117,received,transaction,2310 
92,105,received,transaction,2310 
92,115,received,transaction,2310 
92,109,received,transaction,2309 
92,114,received,transaction,2310 
92,104,received,transaction,2309 
92,104,received,transaction,2310 
93,103,received,transaction,2310 
93,113,received,transaction,2308 
93,111,received,transaction,2308 
94,107,received,transaction,2310 
95,111,received,transaction,2310 
95,101,received,transaction,2309 
95,117,received,transaction,2308 
96,112,received,transaction,2310 
97,102,received,transaction,2310 
100, 100,Appended, Transaction, 2311
100, 100, broadcasting, data, 2311
100,111,received,transaction,2311 
101,106,received,transaction,2311 
101,110,received,transaction,2311 
101,118,received,transaction,2311 
101,113,received,transaction,2310 
101,113,received,transaction,2311 
102,109,received,transaction,2311 
102,115,received,transaction,2311 
102,116,received,transaction,2311 
102,117,received,transaction,2311 
103,103,received,transaction,2311 
104,109,received,transaction,2310 
105,101,received,transaction,2311 
105,114,received,transaction,2311 
106,108,received,transaction,2310 
107,112,received,transaction,2311 
109,107,received,transaction,2311 
109,116,received,transaction,2310 
109,108,received,transaction,2311 
110, 100,Appended, Transaction, 2312
110, 100, broadcasting, data, 2312
111,102,received,transaction,2311 
111,118,received,transaction,2312 
111,103,received,transaction,2312 
112,116,received,transaction,2312 
112,106,received,transaction,2312 
112,113,received,transaction,2312 
112,105,received,transaction,2312 
112,111,received,transaction,2312 
113,105,received,transaction,2311 
113,109,received,transaction,2312 
114,104,received,transaction,2312 
114,110,received,transaction,2312 
114,117,received,transaction,2312 
115,102,received,transaction,2312 
115,114,received,transaction,2312 
115,115,received,transaction,2312 
116,104,received,transaction,2311 
118,107,received,transaction,2312 
119,112,received,transaction,2312 
119,108,received,transaction,2312 
120, 100,Appended, Transaction, 2313
120, 100, broadcasting, data, 2313
120,115,received,transaction,2313 
121,106,received,transaction,2313 
121,118,received,transaction,2313 
122,109,received,transaction,2313 
122,116,received,transaction,2313 
123,103,received,transaction,2313 
123,105,received,transaction,2313 
123,112,received,transaction,2313 
124,101,received,transaction,2312 
124,102,received,transaction,2313 
125,114,received,transaction,2313 
125,104,received,transaction,2313 
127,111,received,transaction,2313 
128,107,received,transaction,2313 
129,113,received,transaction,2313 
130, 100,Appended, Transaction, 2314
130, 100, broadcasting, data, 2314
130,102,received,transaction,2314 
131,110,received,transaction,2314 
132,112,received,transaction,2314 
132,101,received,transaction,2313 
132,104,received,transaction,2314 
133,109,received,transaction,2314 
133,116,received,transaction,2314 
133,108,received,transaction,2314 
135,101,received,transaction,2314 
135,114,received,transaction,2314 
135,103,received,transaction,2314 
136,111,received,transaction,2314 
138,110,received,transaction,2313 
139,118,received,transaction,2314 
139,115,received,transaction,2314 
139, 100,Appended, Transaction, 2315
139, 100, broadcasting, data, 2315
140,106,received,transaction,2315 
140,110,received,transaction,2315 
141,105,received,transaction,2314 
141,105,received,transaction,2315 
141,116,received,transaction,2315 
142,108,received,transaction,2313 
142,117,received,transaction,2314 
143,117,received,transaction,2313 
144,113,received,transaction,2314 
144,115,received,transaction,2315 
144,117,received,transaction,2315 
144,101,received,transaction,2315 
144,111,received,transaction,2315 
145,103,received,transaction,2315 
147,106,received,transaction,2314 
149,102,received,transaction,2315 
149,107,received,transaction,2315 
149, 100,Appended, Transaction, 2316
149, 100, broadcasting, data, 2316
150,110,received,transaction,2316 
150,118,received,transaction,2316 
151,105,received,transaction,2316 
151,118,received,transaction,2315 
152,117,received,transaction,2316 
152,113,received,transaction,2315 
153,108,received,transaction,2315 
153,104,received,transaction,2316 
154,111,received,transaction,2316 
154,113,received,transaction,2316 
155,109,received,transaction,2316 
155,112,received,transaction,2316 
155,107,received,transaction,2314 
156,109,received,transaction,2315 
157,104,received,transaction,2315 
157,115,received,transaction,2316 
157,103,received,transaction,2316 
158,108,received,transaction,2316 
159, 100,Appended, Transaction, 2317
159, 100, broadcasting, data, 2317
160,112,received,transaction,2315 
160,106,received,transaction,2317 
160,110,received,transaction,2317 
161,116,received,transaction,2316 
161,102,received,transaction,2316 
161,101,received,transaction,2316 
161,105,received,transaction,2317 
161,112,received,transaction,2317 
161,109,received,transaction,2317 
162,102,received,transaction,2317 
162,114,received,transaction,2315 
163,104,received,transaction,2317 
164,107,received,transaction,2316 
164,106,received,transaction,2316 
164,101,received,transaction,2317 
166,116,received,transaction,2317 
168,114,received,transaction,2317 
169, 100,Appended, Transaction, 2318
169, 100, broadcasting, data, 2318
169,111,received,transaction,2318 
170,118,received,transaction,2317 
170,110,received,transaction,2318 
170,118,received,transaction,2318 
171,113,received,transaction,2318 
171,114,received,transaction,2318 
171,109,received,transaction,2318 
172,117,received,transaction,2317 
172,103,received,transaction,2317 
172,115,received,transaction,2317 
172,103,received,transaction,2318 
172,111,received,transaction,2317 
173,107,received,transaction,2317 
173,116,received,transaction,2318 
173,101,received,transaction,2318 
175,114,received,transaction,2316 
175,115,received,transaction,2318 
176,108,received,transaction,2317 
178,107,received,transaction,2318 
178,108,received,transaction,2318 
179,106,received,transaction,2318 
179, 100,Appended, Transaction, 2319
179, 100, broadcasting, data, 2319
180,102,received,transaction,2318 
180,109,received,transaction,2319 
180,105,received,transaction,2319 
181,112,received,transaction,2319 
181,114,received,transaction,2319 
182,105,received,transaction,2318 
182,113,received,transaction,2317 
183,111,received,transaction,2319 
183,117,received,transaction,2318 
184,103,received,transaction,2319 
184,101,received,transaction,2319 
184,115,received,transaction,2319 
185,104,received,transaction,2318 
185,112,received,transaction,2318 
188,110,received,transaction,2319 
188,104,received,transaction,2319 
188,107,received,transaction,2319 
188,117,received,transaction,2319 
189, 100,Appended, Transaction, 2320
189, 100, broadcasting, data, 2320
190,111,received,transaction,2320 
190,103,received,transaction,2320 
190,106,received,transaction,2319 
190,110,received,transaction,2320 
190,118,received,transaction,2320 
190,113,received,transaction,2320 
191,109,received,transaction,2320 
191,115,received,transaction,2320 
191,116,received,transaction,2320 
193,112,received,transaction,2320 
194,104,received,transaction,2320 
194,102,received,transaction,2320 
195,116,received,transaction,2319 
197,108,received,transaction,2320 
197,108,received,transaction,2319 
198,117,received,transaction,2320 
199,118,received,transaction,2319 
199, 100,Appended, Transaction, 2321
199, 100, broadcasting, data, 2321
199,118,received,transaction,2321 
200,103,received,transaction,2321 
200,110,received,transaction,2321 
200,113,received,transaction,2319 
201,114,received,transaction,2320 
201,105,received,transaction,2321 
201,112,received,transaction,2321 
201,106,received,transaction,2320 
204,101,received,transaction,2320 
204,111,received,transaction,2321 
204,113,received,transaction,2321 
204,114,received,transaction,2321 
206,109,received,transaction,2321 
207,102,received,transaction,2321 
207,101,received,transaction,2321 
209, 100,Appended, Transaction, 2322
209, 100, broadcasting, data, 2322
209,116,received,transaction,2321 
209,102,received,transaction,2319 
209,107,received,transaction,2321 
210,115,received,transaction,2321 
210,118,received,transaction,2322 
211,105,received,transaction,2322 
211,109,received,transaction,2322 
211,115,received,transaction,2322 
211,116,received,transaction,2322 
212,103,received,transaction,2322 
212,110,received,transaction,2322 
212,108,received,transaction,2321 
212,106,received,transaction,2322 
214,113,received,transaction,2322 
214,107,received,transaction,2320 
214,104,received,transaction,2321 
215,112,received,transaction,2322 
215,114,received,transaction,2322 
215,101,received,transaction,2322 
217,111,received,transaction,2322 
217,105,received,transaction,2320 
218,117,received,transaction,2322 
219, 100,Appended, Transaction, 2323
219, 100, broadcasting, data, 2323
220,110,received,transaction,2323 
220,108,received,transaction,2323 
220,106,received,transaction,2323 
220,114,received,transaction,2323 
221,117,received,transaction,2321 
221,102,received,transaction,2322 
222,104,received,transaction,2323 
222,103,received,transaction,2323 
222,117,received,transaction,2323 
223,112,received,transaction,2323 
224,111,received,transaction,2323 
225,104,received,transaction,2322 
225,108,received,transaction,2322 
225,109,received,transaction,2323 
226,106,received,transaction,2321 
226,107,received,transaction,2323 
227,115,received,transaction,2323 
228,105,received,transaction,2323 
229,116,received,transaction,2323 
229, 100,Appended, Transaction, 2324
229, 100, broadcasting, data, 2324
229,104,received,transaction,2324 
230,110,received,transaction,2324 
230,118,received,transaction,2324 
231,101,received,transaction,2323 
231,109,received,transaction,2324 
231,115,received,transaction,2324 
231,107,received,transaction,2322 
232,102,received,transaction,2324 
234,101,received,transaction,2324 
234,113,received,transaction,2324 
235,113,received,transaction,2323 
235,103,received,transaction,2324 
235,116,received,transaction,2324 
237,108,received,transaction,2324 
237,107,received,transaction,2324 
237,102,received,transaction,2323 
237,118,received,transaction,2323 
237,106,received,transaction,2324 
238,117,received,transaction,2324 
239, 100,Appended, Transaction, 2325
239, 100, broadcasting, data, 2325
239,114,received,transaction,2324 
240,118,received,transaction,2325 
240,106,received,transaction,2325 
241,105,received,transaction,2325 
241,109,received,transaction,2325 
241,112,received,transaction,2325 
241,116,received,transaction,2325 
241,112,received,transaction,2324 
242,111,received,transaction,2324 
243,105,received,transaction,2324 
243,104,received,transaction,2325 
244,101,received,transaction,2325 
244,111,received,transaction,2325 
245,115,received,transaction,2325 
247,110,received,transaction,2325 
248,103,received,transaction,2325 
249, 100,Appended, Transaction, 2326
249, 100, broadcasting, data, 2326
249,105,received,transaction,2326 
250,107,received,transaction,2325 
250,106,received,transaction,2326 
250,110,received,transaction,2326 
250,118,received,transaction,2326 
250,112,received,transaction,2326 
251,115,received,transaction,2326 
252,102,received,transaction,2325 
252,103,received,transaction,2326 
252,104,received,transaction,2326 
252,101,received,transaction,2326 
254,113,received,transaction,2326 
254,107,received,transaction,2326 
255,114,received,transaction,2325 
256,117,received,transaction,2325 
257,111,received,transaction,2326 
257,113,received,transaction,2325 
258,108,received,transaction,2326 
258,109,received,transaction,2326 
259, 100,Appended, Transaction, 2327
259, 100, broadcasting, data, 2327
260,106,received,transaction,2327 
260,110,received,transaction,2327 
261,105,received,transaction,2327 
261,112,received,transaction,2327 
262,103,received,transaction,2327 
263,116,received,transaction,2326 
263,104,received,transaction,2327 
263,113,received,transaction,2327 
264,101,received,transaction,2327 
264,102,received,transaction,2327 
264,111,received,transaction,2327 
265,117,received,transaction,2326 
266,108,received,transaction,2327 
267,109,received,transaction,2327 
267,108,received,transaction,2325 
267,116,received,transaction,2327 
267,107,received,transaction,2327 
268,115,received,transaction,2327 
269,117,received,transaction,2327 
269,102,received,transaction,2326 
269, 100,Appended, Transaction, 2328
269, 100, broadcasting, data, 2328
270,118,received,transaction,2327 
270,106,received,transaction,2328 
270,118,received,transaction,2328 
270,101,received,transaction,2328 
271,113,received,transaction,2328 
271,105,received,transaction,2328 
271,109,received,transaction,2328 
271,102,received,transaction,2328 
272,110,received,transaction,2328 
274,114,received,transaction,2328 
274,114,received,transaction,2327 
277,115,received,transaction,2328 
278,116,received,transaction,2328 
279, 100,Appended, Transaction, 2329
279, 100, broadcasting, data, 2329
280,106,received,transaction,2329 
280,110,received,transaction,2329 
280,118,received,transaction,2329 
280,116,received,transaction,2329 
281,107,received,transaction,2328 
281,111,received,transaction,2328 
281,112,received,transaction,2328 
281,109,received,transaction,2329 
281,112,received,transaction,2329 
282,103,received,transaction,2329 
282,114,received,transaction,2326 
283,104,received,transaction,2329 
283,115,received,transaction,2329 
284,111,received,transaction,2329 
284,107,received,transaction,2329 
284,117,received,transaction,2329 
287,105,received,transaction,2329 
287,117,received,transaction,2328 
287,114,received,transaction,2329 
288,108,received,transaction,2329 
289, 100,Appended, Transaction, 2330
289, 100, broadcasting, data, 2330
289,108,received,transaction,2328 
289,103,received,transaction,2328 
290,118,received,transaction,2330 
290,101,received,transaction,2329 
291,104,received,transaction,2328 
291,109,received,transaction,2330 
291,115,received,transaction,2330 
291,116,received,transaction,2330 
291,105,received,transaction,2330 
292,110,received,transaction,2330 
293,113,received,transaction,2329 
294,102,received,transaction,2329 
294,101,received,transaction,2330 
294,102,received,transaction,2330 
294,113,received,transaction,2330 
295,106,received,transaction,2330 
295,114,received,transaction,2330 
296,104,received,transaction,2330 
296,103,received,transaction,2330 
299, 100,Appended, Transaction, 2331
299, 100, broadcasting, data, 2331
299,109,received,transaction,2331 
300,110,received,transaction,2331 
300,117,received,transaction,2330 
301,114,received,transaction,2331 
301,105,received,transaction,2331 
301,112,received,transaction,2331 
301,115,received,transaction,2331 
304,111,received,transaction,2331 
304,113,received,transaction,2331 
305,101,received,transaction,2331 
305,107,received,transaction,2330 
306,118,received,transaction,2331 
307,117,received,transaction,2331 
307,112,received,transaction,2330 
307,102,received,transaction,2331 
307,106,received,transaction,2331 
308,108,received,transaction,2331 
309,116,received,transaction,2331 
309,107,received,transaction,2331 
309, 100,Appended, Transaction, 2332
309, 100, broadcasting, data, 2332
310,109,received,transaction,2332 
310,106,received,transaction,2332 
310,105,received,transaction,2332 
311,102,received,transaction,2332 
311,112,received,transaction,2332 
311,115,received,transaction,2332 
312,104,received,transaction,2332 
313,111,received,transaction,2330 
313,108,received,transaction,2330 
314,114,received,transaction,2332 
315,104,received,transaction,2331 
315,103,received,transaction,2331 
318,118,received,transaction,2332 
318,108,received,transaction,2332 
319,110,received,transaction,2332 
319, 100,Appended, Transaction, 2333
319, 100, broadcasting, data, 2333
320,105,received,transaction,2333 
320,110,received,transaction,2333 
320,116,received,transaction,2332 
321,115,received,transaction,2333 
321,116,received,transaction,2333 
321,103,received,transaction,2333 
321,103,received,transaction,2332 
322,117,received,transaction,2332 
322,106,received,transaction,2333 
324,113,received,transaction,2332 
324,101,received,transaction,2333 
324,108,received,transaction,2333 
325,102,received,transaction,2333 
325,107,received,transaction,2332 
327,101,received,transaction,2332 
327,107,received,transaction,2333 
327,111,received,transaction,2332 
328,111,received,transaction,2333 
329,112,received,transaction,2333 
329, 100,Appended, Transaction, 2334
329, 100, broadcasting, data, 2334
330,118,received,transaction,2333 
330,113,received,transaction,2333 
330,114,received,transaction,2334 
330,104,received,transaction,2333 
330,118,received,transaction,2334 
331,115,received,transaction,2334 
331,116,received,transaction,2334 
332,103,received,transaction,2334 
333,111,received,transaction,2334 
333,105,received,transaction,2334 
334,114,received,transaction,2333 
334,113,received,transaction,2334 
335,112,received,transaction,2334 
336,101,received,transaction,2334 
337,106,received,transaction,2334 
337,109,received,transaction,2333 
337,107,received,transaction,2334 
339, 100,Appended, Transaction, 2335
339, 100, broadcasting, data, 2335
340,109,received,transaction,2334 
340,101,received,transaction,2335 
340,106,received,transaction,2335 
340,110,received,transaction,2335 
341,113,received,transaction,2335 
341,104,received,transaction,2334 
341,105,received,transaction,2335 
341,112,received,transaction,2335 
341,115,received,transaction,2335 
342,117,received,transaction,2334 
342,103,received,transaction,2335 
344,102,received,transaction,2335 
344,114,received,transaction,2335 
345,104,received,transaction,2335 
345,116,received,transaction,2335 
347,107,received,transaction,2335 
347,118,received,transaction,2335 
349,110,received,transaction,2334 
349, 100,Appended, Transaction, 2336
349, 100, broadcasting, data, 2336
349,104,received,transaction,2336 
350,109,received,transaction,2335 
350,117,received,transaction,2333 
350,108,received,transaction,2335 
350,106,received,transaction,2336 
351,105,received,transaction,2336 
351,109,received,transaction,2336 
351,112,received,transaction,2336 
351,115,received,transaction,2336 
352,103,received,transaction,2336 
353,108,received,transaction,2334 
353,117,received,transaction,2335 
354,102,received,transaction,2336 
354,111,received,transaction,2336 
354,113,received,transaction,2336 
356,116,received,transaction,2336 
357,118,received,transaction,2336 
357,107,received,transaction,2336 
357,108,received,transaction,2336 
357,102,received,transaction,2334 
358,111,received,transaction,2335 
358,114,received,transaction,2336 
358,117,received,transaction,2336 
359, 100,Appended, Transaction, 2337
359, 100, broadcasting, data, 2337
360,106,received,transaction,2337 
360,110,received,transaction,2337 
361,105,received,transaction,2337 
361,109,received,transaction,2337 
361,115,received,transaction,2337 
361,116,received,transaction,2337 
362,110,received,transaction,2336 
362,103,received,transaction,2337 
364,101,received,transaction,2336 
364,111,received,transaction,2337 
365,117,received,transaction,2337 
366,118,received,transaction,2337 
367,114,received,transaction,2337 
367,107,received,transaction,2337 
368,104,received,transaction,2337 
369,108,received,transaction,2337 
369, 100,Appended, Transaction, 2338
369, 100, broadcasting, data, 2338
369,105,received,transaction,2338 
370,113,received,transaction,2337 
370,104,received,transaction,2338 
370,106,received,transaction,2338 
370,102,received,transaction,2337 
371,101,received,transaction,2337 
371,115,received,transaction,2338 
371,109,received,transaction,2338 
371,112,received,transaction,2338 
371,116,received,transaction,2338 
372,111,received,transaction,2338 
374,110,received,transaction,2338 
374,113,received,transaction,2338 
375,102,received,transaction,2338 
375,107,received,transaction,2338 
375,101,received,transaction,2338 
375,117,received,transaction,2338 
377,112,received,transaction,2337 
378,114,received,transaction,2338 
379,118,received,transaction,2338 
379, 100,Appended, Transaction, 2339
379, 100, broadcasting, data, 2339
380,115,received,transaction,2339 
380,116,received,transaction,2339 
380,110,received,transaction,2339 
380,118,received,transaction,2339 
381,105,received,transaction,2339 
384,102,received,transaction,2339 
384,112,received,transaction,2339 
385,103,received,transaction,2338 
386,108,received,transaction,2338 
387,107,received,transaction,2339 
388,114,received,transaction,2339 
388,117,received,transaction,2339 
388,111,received,transaction,2339 
389,104,received,transaction,2339 
389, 100,Appended, Transaction, 2340
389, 100, broadcasting, data, 2340
389,103,received,transaction,2339 
390,106,received,transaction,2339 
390,106,received,transaction,2340 
390,115,received,transaction,2340 
391,109,received,transaction,2339 
391,105,received,transaction,2340 
391,109,received,transaction,2340 
391,112,received,transaction,2340 
392,113,received,transaction,2340 
392,103,received,transaction,2340 
392,108,received,transaction,2339 
392,113,received,transaction,2339 
393,114,received,transaction,2340 
393,116,received,transaction,2340 
393,104,received,transaction,2340 
394,101,received,transaction,2340 
394,102,received,transaction,2340 
399, 100,Appended, Transaction, 2341
399, 100, broadcasting, data, 2341
399,101,received,transaction,2339 
400,112,received,transaction,2341 
400,111,received,transaction,2340 
400,118,received,transaction,2341 
401,109,received,transaction,2341 
401,115,received,transaction,2341 
401,118,received,transaction,2340 
403,108,received,transaction,2340 
404,104,received,transaction,2341 
404,101,received,transaction,2341 
404,113,received,transaction,2341 
405,117,received,transaction,2341 
405,107,received,transaction,2341 
406,110,received,transaction,2341 
406,111,received,transaction,2341 
407,103,received,transaction,2341 
409, 100,Appended, Transaction, 2342
409, 100, broadcasting, data, 2342
409,118,received,transaction,2342 
410,106,received,transaction,2342 
411,102,received,transaction,2342 
411,116,received,transaction,2342 
411,105,received,transaction,2342 
411,112,received,transaction,2342 
412,115,received,transaction,2342 
412,103,received,transaction,2342 
413,102,received,transaction,2341 
413,109,received,transaction,2342 
413,104,received,transaction,2342 
414,105,received,transaction,2341 
415,107,received,transaction,2340 
416,116,received,transaction,2341 
416,106,received,transaction,2341 
417,117,received,transaction,2342 
417,114,received,transaction,2341 
418,111,received,transaction,2342 
418,117,received,transaction,2340 
418,110,received,transaction,2340 
418,108,received,transaction,2342 
419,108,received,transaction,2341 
419, 100,Appended, Transaction, 2343
419, 100, broadcasting, data, 2343
420,118,received,transaction,2343 
420,110,received,transaction,2342 
421,101,received,transaction,2342 
421,116,received,transaction,2343 
422,103,received,transaction,2343 
423,113,received,transaction,2342 
423,113,received,transaction,2343 
423,114,received,transaction,2342 
424,109,received,transaction,2343 
425,107,received,transaction,2343 
428,110,received,transaction,2343 
428,101,received,transaction,2343 
429,115,received,transaction,2343 
429, 100,Appended, Transaction, 2344
429, 100, broadcasting, data, 2344
429,112,received,transaction,2343 
430,114,received,transaction,2343 
430,107,received,transaction,2342 
430,111,received,transaction,2343 
430,110,received,transaction,2344 
431,102,received,transaction,2343 
431,112,received,transaction,2344 
431,116,received,transaction,2344 
432,107,received,transaction,2344 
434,104,received,transaction,2343 
434,113,received,transaction,2344 
434,108,received,transaction,2344 
434,105,received,transaction,2343 
434,118,received,transaction,2344 
435,106,received,transaction,2343 
436,117,received,transaction,2343 
437,115,received,transaction,2344 
438,114,received,transaction,2344 
439, 100,Appended, Transaction, 2345
439, 100, broadcasting, data, 2345
440,111,received,transaction,2344 
440,118,received,transaction,2345 
441,117,received,transaction,2345 
441,112,received,transaction,2345 
441,115,received,transaction,2345 
441,116,received,transaction,2345 
442,102,received,transaction,2344 
443,103,received,transaction,2345 
443,108,received,transaction,2343 
444,109,received,transaction,2344 
444,106,received,transaction,2345 
444,106,received,transaction,2344 
444,101,received,transaction,2345 
444,102,received,transaction,2345 
444,111,received,transaction,2345 
444,114,received,transaction,2345 
446,105,received,transaction,2344 
447,107,received,transaction,2345 
448,117,received,transaction,2344 
449,105,received,transaction,2345 
449,104,received,transaction,2345 
449, 100,Appended, Transaction, 2346
449, 100, broadcasting, data, 2346
449,101,received,transaction,2344 
450,108,received,transaction,2345 
450,118,received,transaction,2346 
451,109,received,transaction,2346 
451,112,received,transaction,2346 
451,115,received,transaction,2346 
452,104,received,transaction,2344 
452,103,received,transaction,2346 
452,113,received,transaction,2345 
453,110,received,transaction,2345 
455,105,received,transaction,2346 
455,116,received,transaction,2346 
455,111,received,transaction,2346 
455,103,received,transaction,2344 
457,108,received,transaction,2346 
457,107,received,transaction,2346 
457,113,received,transaction,2346 
458,117,received,transaction,2346 
459, 100,Appended, Transaction, 2347
459, 100, broadcasting, data, 2347
460,118,received,transaction,2347 
461,102,received,transaction,2346 
461,107,received,transaction,2347 
463,104,received,transaction,2346 
463,109,received,transaction,2345 
464,101,received,transaction,2346 
464,104,received,transaction,2347 
464,105,received,transaction,2347 
464,111,received,transaction,2347 
464,114,received,transaction,2347 
465,112,received,transaction,2347 
465,106,received,transaction,2346 
466,109,received,transaction,2347 
466,113,received,transaction,2347 
467,108,received,transaction,2347 
467,110,received,transaction,2346 
468,116,received,transaction,2347 
468,106,received,transaction,2347 
469,114,received,transaction,2346 
469, 100,Appended, Transaction, 2348
469, 100, broadcasting, data, 2348
471,105,received,transaction,2348 
472,110,received,transaction,2347 
472,103,received,transaction,2348 
473,110,received,transaction,2348 
473,106,received,transaction,2348 
473,104,received,transaction,2348 
474,103,received,transaction,2347 
474,111,received,transaction,2348 
474,113,received,transaction,2348 
474,101,received,transaction,2347 
475,115,received,transaction,2347 
475,112,received,transaction,2348 
476,115,received,transaction,2348 
477,102,received,transaction,2348 
478,101,received,transaction,2348 
479, 100,Appended, Transaction, 2349
479, 100, broadcasting, data, 2349
479,118,received,transaction,2348 
480,111,received,transaction,2349 
480,106,received,transaction,2349 
480,110,received,transaction,2349 
481,117,received,transaction,2347 
481,109,received,transaction,2348 
481,108,received,transaction,2349 
481,109,received,transaction,2349 
481,112,received,transaction,2349 
481,116,received,transaction,2349 
482,107,received,transaction,2348 
483,113,received,transaction,2349 
483,107,received,transaction,2349 
483,104,received,transaction,2349 
483,114,received,transaction,2349 
484,102,received,transaction,2347 
484,102,received,transaction,2349 
486,101,received,transaction,2349 
489,105,received,transaction,2349 
489,117,received,transaction,2348 
489,103,received,transaction,2349 
489, 100,Appended, Transaction, 2350
489, 100, broadcasting, data, 2350
490,103,received,transaction,2350 
490,108,received,transaction,2348 
490,118,received,transaction,2350 
490,102,received,transaction,2350 
491,115,received,transaction,2349 
491,105,received,transaction,2350 
491,116,received,transaction,2348 
491,109,received,transaction,2350 
491,115,received,transaction,2350 
492,106,received,transaction,2350 
493,114,received,transaction,2348 
493,104,received,transaction,2350 
494,101,received,transaction,2350 
494,114,received,transaction,2350 
495,118,received,transaction,2349 
496,113,received,transaction,2350 
497,117,received,transaction,2350 
498,108,received,transaction,2350 
499,116,received,transaction,2350 
499,111,received,transaction,2350 
499, 100,Appended, Transaction, 2351
499, 100, broadcasting, data, 2351
Simulation ended
