0,100, generated, node, -
0,101, generated, node, -
0,102, generated, node, -
0,103, generated, node, -
0,104, generated, node, -
0,105, generated, node, -
0,106, generated, node, -
0,107, generated, node, -
0,108, generated, node, -
0,109, generated, node, -
0,110, generated, node, -
0,111, generated, node, -
0,112, generated, node, -
0,113, generated, node, -
0,114, generated, node, -
0,115, generated, node, -
0,116, generated, node, -
0,117, generated, node, -
0,118, generated, node, -
0, 116,Appended, Transaction, 2301
0, 116, broadcasting, data, 2301
2,104,received,transaction,2301 
2,105,received,transaction,2301 
2,115,received,transaction,2301 
2,117,received,transaction,2301 
2,118,received,transaction,2301 
3,101,received,transaction,2301 
3,111,received,transaction,2301 
3,113,received,transaction,2301 
5,107,received,transaction,2301 
6,103,received,transaction,2301 
9,106,received,transaction,2301 
9, 108,Appended, Transaction, 2302
9, 108, broadcasting, data, 2302
9,110,received,transaction,2301 
10,104,received,transaction,2302 
10,102,received,transaction,2302 
10,105,received,transaction,2302 
10,114,received,transaction,2302 
10,115,received,transaction,2302 
10,116,received,transaction,2302 
11,114,received,transaction,2301 
12,103,received,transaction,2302 
13,107,received,transaction,2302 
14,108,received,transaction,2301 
15,102,received,transaction,2301 
15,109,received,transaction,2302 
16,117,received,transaction,2302 
17,109,received,transaction,2301 
18,100,received,transaction,2302 
19,110,received,transaction,2302 
19,118,received,transaction,2302 
19, 101,Appended, Transaction, 2303
19, 101, broadcasting, data, 2303
19,115,received,transaction,2303 
20,101,received,transaction,2302 
21,106,received,transaction,2303 
21,113,received,transaction,2303 
21,108,received,transaction,2303 
21,116,received,transaction,2303 
22,113,received,transaction,2302 
22,118,received,transaction,2303 
22,105,received,transaction,2303 
22,107,received,transaction,2303 
23,111,received,transaction,2302 
25,100,received,transaction,2301 
25,112,received,transaction,2302 
27,114,received,transaction,2303 
27,112,received,transaction,2303 
27,102,received,transaction,2303 
27,117,received,transaction,2303 
27,110,received,transaction,2303 
28,103,received,transaction,2303 
29, 113,Appended, Transaction, 2304
29, 113, broadcasting, data, 2304
30,115,received,transaction,2304 
30,100,received,transaction,2304 
31,101,received,transaction,2304 
31,102,received,transaction,2304 
31,106,received,transaction,2304 
31,114,received,transaction,2304 
32,118,received,transaction,2304 
32,103,received,transaction,2304 
32,111,received,transaction,2304 
36,104,received,transaction,2303 
37,116,received,transaction,2304 
37,109,received,transaction,2303 
37,117,received,transaction,2304 
38,111,received,transaction,2303 
38,106,received,transaction,2302 
39,112,received,transaction,2304 
39, 103,Appended, Transaction, 2305
39, 103, broadcasting, data, 2305
40,110,received,transaction,2305 
41,109,received,transaction,2304 
41,100,received,transaction,2303 
42,106,received,transaction,2305 
42,107,received,transaction,2304 
42,105,received,transaction,2304 
42,101,received,transaction,2305 
42,113,received,transaction,2305 
43,104,received,transaction,2304 
44,109,received,transaction,2305 
44,102,received,transaction,2305 
46,112,received,transaction,2305 
46,115,received,transaction,2305 
46,116,received,transaction,2305 
47,114,received,transaction,2305 
47,108,received,transaction,2304 
48,118,received,transaction,2305 
48,110,received,transaction,2304 
48,100,received,transaction,2305 
49, 105,Appended, Transaction, 2306
49, 105, broadcasting, data, 2306
49,108,received,transaction,2305 
50,117,received,transaction,2306 
50,112,received,transaction,2306 
50,111,received,transaction,2306 
50,117,received,transaction,2305 
51,104,received,transaction,2306 
51,116,received,transaction,2306 
51,107,received,transaction,2305 
52,100,received,transaction,2306 
52,113,received,transaction,2306 
53,109,received,transaction,2306 
54,102,received,transaction,2306 
55,118,received,transaction,2306 
56,114,received,transaction,2306 
57,101,received,transaction,2306 
58,106,received,transaction,2306 
59,108,received,transaction,2306 
59, 100,Appended, Transaction, 2307
59, 100, broadcasting, data, 2307
59,111,received,transaction,2305 
60,103,received,transaction,2307 
61,110,received,transaction,2306 
61,112,received,transaction,2307 
61,115,received,transaction,2307 
63,105,received,transaction,2307 
63,105,received,transaction,2305 
64,116,received,transaction,2307 
64,104,received,transaction,2305 
64,118,received,transaction,2307 
64,103,received,transaction,2306 
64,111,received,transaction,2307 
68,107,received,transaction,2306 
68,108,received,transaction,2307 
68,117,received,transaction,2307 
69,113,received,transaction,2307 
69,114,received,transaction,2307 
69, 107,Appended, Transaction, 2308
69, 107, broadcasting, data, 2308
69,113,received,transaction,2308 
70,118,received,transaction,2308 
72,102,received,transaction,2308 
72,104,received,transaction,2307 
72,109,received,transaction,2308 
72,114,received,transaction,2308 
72,106,received,transaction,2307 
73,112,received,transaction,2308 
73,104,received,transaction,2308 
74,111,received,transaction,2308 
74,109,received,transaction,2307 
74,101,received,transaction,2308 
74,102,received,transaction,2307 
76,106,received,transaction,2308 
76,116,received,transaction,2308 
77,105,received,transaction,2308 
77,100,received,transaction,2308 
78,110,received,transaction,2307 
79,115,received,transaction,2308 
79, 118,Appended, Transaction, 2309
79, 118, broadcasting, data, 2309
80,106,received,transaction,2309 
80,107,received,transaction,2307 
80,103,received,transaction,2308 
81,117,received,transaction,2308 
81,114,received,transaction,2309 
81,110,received,transaction,2308 
81,108,received,transaction,2308 
81,105,received,transaction,2309 
81,115,received,transaction,2309 
81,101,received,transaction,2307 
82,112,received,transaction,2309 
82,117,received,transaction,2309 
83,108,received,transaction,2309 
84,100,received,transaction,2309 
84,102,received,transaction,2309 
88,103,received,transaction,2309 
88,104,received,transaction,2309 
89,101,received,transaction,2309 
89, 104,Appended, Transaction, 2310
89, 104, broadcasting, data, 2310
89,110,received,transaction,2309 
89,116,received,transaction,2309 
90,112,received,transaction,2310 
90,106,received,transaction,2310 
90,110,received,transaction,2310 
90,117,received,transaction,2310 
91,116,received,transaction,2310 
92,105,received,transaction,2310 
93,107,received,transaction,2309 
93,100,received,transaction,2310 
93,118,received,transaction,2310 
94,113,received,transaction,2309 
94,109,received,transaction,2309 
95,102,received,transaction,2310 
95,107,received,transaction,2310 
98,111,received,transaction,2309 
98,103,received,transaction,2310 
99, 107,Appended, Transaction, 2311
99, 107, broadcasting, data, 2311
100,111,received,transaction,2310 
100,118,received,transaction,2311 
100,109,received,transaction,2310 
101,103,received,transaction,2311 
101,104,received,transaction,2311 
102,114,received,transaction,2310 
102,102,received,transaction,2311 
102,109,received,transaction,2311 
103,106,received,transaction,2311 
104,115,received,transaction,2311 
104,116,received,transaction,2311 
104,108,received,transaction,2311 
105,111,received,transaction,2311 
105,115,received,transaction,2310 
105,117,received,transaction,2311 
106,114,received,transaction,2311 
106,113,received,transaction,2311 
107,112,received,transaction,2311 
108,113,received,transaction,2310 
109,101,received,transaction,2311 
109,101,received,transaction,2310 
109, 104,Appended, Transaction, 2312
109, 104, broadcasting, data, 2312
110,100,received,transaction,2311 
110,106,received,transaction,2312 
110,108,received,transaction,2312 
110,110,received,transaction,2312 
110,105,received,transaction,2311 
111,105,received,transaction,2312 
111,107,received,transaction,2312 
111,115,received,transaction,2312 
111,116,received,transaction,2312 
111,114,received,transaction,2312 
113,110,received,transaction,2311 
113,100,received,transaction,2312 
113,118,received,transaction,2312 
115,108,received,transaction,2310 
116,111,received,transaction,2312 
116,117,received,transaction,2312 
117,109,received,transaction,2312 
119, 110,Appended, Transaction, 2313
119, 110, broadcasting, data, 2313
119,101,received,transaction,2312 
120,100,received,transaction,2313 
120,104,received,transaction,2313 
121,101,received,transaction,2313 
121,102,received,transaction,2313 
121,111,received,transaction,2313 
122,103,received,transaction,2312 
123,107,received,transaction,2313 
123,113,received,transaction,2312 
124,102,received,transaction,2312 
127,103,received,transaction,2313 
128,109,received,transaction,2313 
129, 102,Appended, Transaction, 2314
129, 102, broadcasting, data, 2314
130,114,received,transaction,2313 
131,118,received,transaction,2313 
131,110,received,transaction,2314 
131,106,received,transaction,2314 
131,111,received,transaction,2314 
132,105,received,transaction,2314 
132,114,received,transaction,2314 
132,101,received,transaction,2314 
133,113,received,transaction,2313 
133,112,received,transaction,2314 
133,115,received,transaction,2313 
134,100,received,transaction,2314 
134,113,received,transaction,2314 
134,109,received,transaction,2314 
135,112,received,transaction,2312 
135,118,received,transaction,2314 
135,112,received,transaction,2313 
135,116,received,transaction,2314 
136,117,received,transaction,2314 
137,106,received,transaction,2313 
137,108,received,transaction,2313 
138,117,received,transaction,2313 
138,108,received,transaction,2314 
139, 112,Appended, Transaction, 2315
139, 112, broadcasting, data, 2315
140,116,received,transaction,2313 
140,117,received,transaction,2315 
141,103,received,transaction,2314 
141,101,received,transaction,2315 
141,104,received,transaction,2315 
141,105,received,transaction,2315 
141,118,received,transaction,2315 
141,115,received,transaction,2314 
142,116,received,transaction,2315 
142,111,received,transaction,2315 
143,107,received,transaction,2314 
144,105,received,transaction,2313 
144,107,received,transaction,2315 
144,114,received,transaction,2315 
145,109,received,transaction,2315 
145,100,received,transaction,2315 
145,103,received,transaction,2315 
145,110,received,transaction,2315 
149,106,received,transaction,2315 
149,104,received,transaction,2314 
149, 102,Appended, Transaction, 2316
149, 102, broadcasting, data, 2316
149,113,received,transaction,2315 
150,108,received,transaction,2316 
150,117,received,transaction,2316 
150,106,received,transaction,2316 
151,108,received,transaction,2315 
151,101,received,transaction,2316 
152,115,received,transaction,2315 
152,107,received,transaction,2316 
152,114,received,transaction,2316 
153,111,received,transaction,2316 
153,104,received,transaction,2316 
153,100,received,transaction,2316 
154,103,received,transaction,2316 
154,112,received,transaction,2316 
154,116,received,transaction,2316 
155,109,received,transaction,2316 
157,115,received,transaction,2316 
157,113,received,transaction,2316 
159, 102,Appended, Transaction, 2317
159, 102, broadcasting, data, 2317
159,117,received,transaction,2317 
160,102,received,transaction,2315 
161,110,received,transaction,2316 
161,101,received,transaction,2317 
161,110,received,transaction,2317 
161,111,received,transaction,2317 
164,103,received,transaction,2317 
164,100,received,transaction,2317 
164,105,received,transaction,2317 
164,112,received,transaction,2317 
164,116,received,transaction,2317 
164,118,received,transaction,2317 
165,113,received,transaction,2317 
166,118,received,transaction,2316 
167,104,received,transaction,2317 
168,105,received,transaction,2316 
169, 102,Appended, Transaction, 2318
169, 102, broadcasting, data, 2318
169,109,received,transaction,2318 
170,103,received,transaction,2318 
170,108,received,transaction,2318 
171,107,received,transaction,2317 
171,114,received,transaction,2317 
171,101,received,transaction,2318 
171,106,received,transaction,2318 
171,110,received,transaction,2318 
171,111,received,transaction,2318 
171,113,received,transaction,2318 
172,115,received,transaction,2317 
173,109,received,transaction,2317 
174,105,received,transaction,2318 
174,104,received,transaction,2318 
175,108,received,transaction,2317 
176,114,received,transaction,2318 
176,115,received,transaction,2318 
176,118,received,transaction,2318 
176,112,received,transaction,2318 
177,116,received,transaction,2318 
177,106,received,transaction,2317 
179, 110,Appended, Transaction, 2319
179, 110, broadcasting, data, 2319
180,100,received,transaction,2319 
180,104,received,transaction,2319 
181,100,received,transaction,2318 
181,102,received,transaction,2319 
181,111,received,transaction,2319 
184,101,received,transaction,2319 
184,107,received,transaction,2318 
185,112,received,transaction,2319 
185,117,received,transaction,2318 
186,106,received,transaction,2319 
186,116,received,transaction,2319 
186,114,received,transaction,2319 
187,109,received,transaction,2319 
187,105,received,transaction,2319 
187,103,received,transaction,2319 
188,107,received,transaction,2319 
189, 100,Appended, Transaction, 2320
189, 100, broadcasting, data, 2320
190,101,received,transaction,2320 
190,110,received,transaction,2320 
190,118,received,transaction,2320 
190,106,received,transaction,2320 
190,113,received,transaction,2319 
191,105,received,transaction,2320 
191,116,received,transaction,2320 
191,108,received,transaction,2319 
192,115,received,transaction,2319 
193,112,received,transaction,2320 
193,104,received,transaction,2320 
194,103,received,transaction,2320 
194,102,received,transaction,2320 
194,111,received,transaction,2320 
198,117,received,transaction,2319 
199, 103,Appended, Transaction, 2321
199, 103, broadcasting, data, 2321
200,118,received,transaction,2319 
200,118,received,transaction,2321 
201,101,received,transaction,2321 
201,111,received,transaction,2321 
201,107,received,transaction,2320 
201,116,received,transaction,2321 
202,110,received,transaction,2321 
202,100,received,transaction,2321 
202,112,received,transaction,2321 
204,102,received,transaction,2321 
204,108,received,transaction,2321 
205,114,received,transaction,2320 
205,117,received,transaction,2321 
205,113,received,transaction,2320 
206,107,received,transaction,2321 
206,105,received,transaction,2321 
206,109,received,transaction,2321 
207,115,received,transaction,2321 
209, 100,Appended, Transaction, 2322
209, 100, broadcasting, data, 2322
210,115,received,transaction,2320 
210,108,received,transaction,2320 
210,118,received,transaction,2322 
210,105,received,transaction,2322 
211,114,received,transaction,2322 
211,109,received,transaction,2322 
211,115,received,transaction,2322 
211,116,received,transaction,2322 
212,113,received,transaction,2321 
212,109,received,transaction,2320 
213,112,received,transaction,2322 
213,117,received,transaction,2320 
213,103,received,transaction,2322 
214,101,received,transaction,2322 
214,111,received,transaction,2322 
214,113,received,transaction,2322 
215,114,received,transaction,2321 
216,104,received,transaction,2321 
217,110,received,transaction,2322 
217,107,received,transaction,2322 
218,106,received,transaction,2321 
219,106,received,transaction,2322 
219,108,received,transaction,2322 
219, 106,Appended, Transaction, 2323
219, 106, broadcasting, data, 2323
220,100,received,transaction,2323 
220,104,received,transaction,2323 
220,118,received,transaction,2323 
221,104,received,transaction,2322 
221,102,received,transaction,2323 
221,111,received,transaction,2323 
221,113,received,transaction,2323 
223,117,received,transaction,2323 
224,117,received,transaction,2322 
225,102,received,transaction,2322 
225,112,received,transaction,2323 
226,103,received,transaction,2323 
228,105,received,transaction,2323 
229,114,received,transaction,2323 
229, 117,Appended, Transaction, 2324
229, 117, broadcasting, data, 2324
230,104,received,transaction,2324 
230,105,received,transaction,2324 
230,112,received,transaction,2324 
230,116,received,transaction,2324 
230,109,received,transaction,2324 
231,110,received,transaction,2323 
231,109,received,transaction,2323 
231,108,received,transaction,2324 
231,102,received,transaction,2324 
232,115,received,transaction,2324 
233,116,received,transaction,2323 
233,101,received,transaction,2323 
233,110,received,transaction,2324 
234,114,received,transaction,2324 
235,113,received,transaction,2324 
236,101,received,transaction,2324 
236,115,received,transaction,2323 
237,100,received,transaction,2324 
239,107,received,transaction,2324 
239, 114,Appended, Transaction, 2325
239, 114, broadcasting, data, 2325
240,107,received,transaction,2323 
240,108,received,transaction,2325 
240,108,received,transaction,2323 
241,101,received,transaction,2325 
241,106,received,transaction,2325 
241,111,received,transaction,2325 
242,112,received,transaction,2325 
243,117,received,transaction,2325 
243,113,received,transaction,2325 
243,105,received,transaction,2325 
243,103,received,transaction,2325 
244,103,received,transaction,2324 
244,104,received,transaction,2325 
244,116,received,transaction,2325 
245,110,received,transaction,2325 
245,109,received,transaction,2325 
246,111,received,transaction,2324 
247,102,received,transaction,2325 
248,118,received,transaction,2324 
249,106,received,transaction,2324 
249, 109,Appended, Transaction, 2326
249, 109, broadcasting, data, 2326
249,118,received,transaction,2325 
250,102,received,transaction,2326 
251,100,received,transaction,2326 
251,115,received,transaction,2326 
251,118,received,transaction,2326 
252,105,received,transaction,2326 
252,107,received,transaction,2326 
253,107,received,transaction,2325 
253,115,received,transaction,2325 
254,113,received,transaction,2326 
255,108,received,transaction,2326 
255,117,received,transaction,2326 
256,111,received,transaction,2326 
256,103,received,transaction,2326 
256,106,received,transaction,2326 
257,112,received,transaction,2326 
259,104,received,transaction,2326 
259, 105,Appended, Transaction, 2327
259, 105, broadcasting, data, 2327
260,108,received,transaction,2327 
260,110,received,transaction,2326 
261,117,received,transaction,2327 
261,104,received,transaction,2327 
261,109,received,transaction,2327 
261,116,received,transaction,2327 
261,118,received,transaction,2327 
262,114,received,transaction,2326 
262,101,received,transaction,2327 
263,100,received,transaction,2325 
264,103,received,transaction,2327 
264,114,received,transaction,2327 
264,116,received,transaction,2326 
264,101,received,transaction,2326 
264,102,received,transaction,2327 
264,107,received,transaction,2327 
265,110,received,transaction,2327 
265,111,received,transaction,2327 
267,106,received,transaction,2327 
269,100,received,transaction,2327 
269, 105,Appended, Transaction, 2328
269, 105, broadcasting, data, 2328
270,113,received,transaction,2327 
270,108,received,transaction,2328 
270,117,received,transaction,2328 
271,109,received,transaction,2328 
271,116,received,transaction,2328 
272,118,received,transaction,2328 
272,111,received,transaction,2328 
274,112,received,transaction,2327 
274,113,received,transaction,2328 
274,102,received,transaction,2328 
276,114,received,transaction,2328 
279, 104,Appended, Transaction, 2329
279, 104, broadcasting, data, 2329
280,104,received,transaction,2328 
281,106,received,transaction,2328 
281,105,received,transaction,2329 
281,112,received,transaction,2329 
281,116,received,transaction,2329 
282,115,received,transaction,2329 
283,103,received,transaction,2329 
283,100,received,transaction,2328 
283,118,received,transaction,2329 
284,112,received,transaction,2328 
284,117,received,transaction,2329 
284,102,received,transaction,2329 
284,114,received,transaction,2329 
285,101,received,transaction,2329 
285,106,received,transaction,2329 
285,101,received,transaction,2328 
285,110,received,transaction,2328 
286,103,received,transaction,2328 
286,100,received,transaction,2329 
287,109,received,transaction,2329 
288,107,received,transaction,2328 
289, 103,Appended, Transaction, 2330
289, 103, broadcasting, data, 2330
289,111,received,transaction,2329 
290,114,received,transaction,2330 
290,110,received,transaction,2329 
292,100,received,transaction,2330 
294,108,received,transaction,2329 
294,106,received,transaction,2330 
294,117,received,transaction,2330 
295,108,received,transaction,2330 
295,107,received,transaction,2329 
295,102,received,transaction,2330 
296,101,received,transaction,2330 
296,105,received,transaction,2330 
296,112,received,transaction,2330 
297,107,received,transaction,2330 
298,110,received,transaction,2330 
298,113,received,transaction,2330 
299,116,received,transaction,2330 
299, 107,Appended, Transaction, 2331
299, 107, broadcasting, data, 2331
300,118,received,transaction,2330 
301,113,received,transaction,2329 
302,114,received,transaction,2331 
303,106,received,transaction,2331 
303,110,received,transaction,2331 
303,111,received,transaction,2330 
304,101,received,transaction,2331 
304,113,received,transaction,2331 
304,115,received,transaction,2331 
304,116,received,transaction,2331 
304,111,received,transaction,2331 
306,102,received,transaction,2331 
307,105,received,transaction,2331 
307,108,received,transaction,2331 
308,109,received,transaction,2330 
308,115,received,transaction,2330 
309, 117,Appended, Transaction, 2332
309, 117, broadcasting, data, 2332
310,117,received,transaction,2331 
310,118,received,transaction,2331 
310,115,received,transaction,2332 
312,114,received,transaction,2332 
313,109,received,transaction,2331 
313,112,received,transaction,2331 
314,103,received,transaction,2332 
314,104,received,transaction,2330 
315,108,received,transaction,2332 
315,109,received,transaction,2332 
316,103,received,transaction,2331 
316,106,received,transaction,2332 
317,105,received,transaction,2332 
317,104,received,transaction,2332 
317,113,received,transaction,2332 
318,112,received,transaction,2332 
318,102,received,transaction,2332 
319,110,received,transaction,2332 
319, 107,Appended, Transaction, 2333
319, 107, broadcasting, data, 2333
319,104,received,transaction,2331 
320,114,received,transaction,2333 
321,117,received,transaction,2333 
321,104,received,transaction,2333 
322,102,received,transaction,2333 
322,101,received,transaction,2332 
322,111,received,transaction,2333 
322,109,received,transaction,2333 
324,106,received,transaction,2333 
324,111,received,transaction,2332 
324,112,received,transaction,2333 
324,115,received,transaction,2333 
325,100,received,transaction,2331 
325,103,received,transaction,2333 
326,116,received,transaction,2332 
327,118,received,transaction,2332 
327,110,received,transaction,2333 
327,118,received,transaction,2333 
328,100,received,transaction,2332 
328,105,received,transaction,2333 
329,107,received,transaction,2332 
329,113,received,transaction,2333 
329, 112,Appended, Transaction, 2334
329, 112, broadcasting, data, 2334
331,116,received,transaction,2333 
331,101,received,transaction,2333 
331,105,received,transaction,2334 
331,109,received,transaction,2334 
331,115,received,transaction,2334 
331,116,received,transaction,2334 
331,118,received,transaction,2334 
332,101,received,transaction,2334 
335,110,received,transaction,2334 
335,108,received,transaction,2334 
336,103,received,transaction,2334 
337,108,received,transaction,2333 
337,100,received,transaction,2334 
337,100,received,transaction,2333 
338,102,received,transaction,2334 
339, 118,Appended, Transaction, 2335
339, 118, broadcasting, data, 2335
339,106,received,transaction,2335 
340,103,received,transaction,2335 
341,110,received,transaction,2335 
341,105,received,transaction,2335 
341,109,received,transaction,2335 
341,116,received,transaction,2335 
341,104,received,transaction,2334 
342,113,received,transaction,2334 
342,117,received,transaction,2334 
343,100,received,transaction,2335 
343,104,received,transaction,2335 
344,101,received,transaction,2335 
344,102,received,transaction,2335 
344,114,received,transaction,2335 
344,114,received,transaction,2334 
346,111,received,transaction,2335 
346,111,received,transaction,2334 
347,112,received,transaction,2335 
347,107,received,transaction,2335 
347,108,received,transaction,2335 
349, 114,Appended, Transaction, 2336
349, 114, broadcasting, data, 2336
349,106,received,transaction,2336 
350,108,received,transaction,2336 
350,117,received,transaction,2336 
351,104,received,transaction,2336 
351,101,received,transaction,2336 
351,111,received,transaction,2336 
351,113,received,transaction,2336 
351,107,received,transaction,2334 
352,102,received,transaction,2336 
352,107,received,transaction,2336 
352,115,received,transaction,2335 
354,112,received,transaction,2336 
354,116,received,transaction,2336 
354,117,received,transaction,2335 
357,105,received,transaction,2336 
358,100,received,transaction,2336 
359, 101,Appended, Transaction, 2337
359, 101, broadcasting, data, 2337
359,106,received,transaction,2334 
359,111,received,transaction,2337 
361,109,received,transaction,2336 
361,106,received,transaction,2337 
361,110,received,transaction,2337 
361,114,received,transaction,2337 
361,113,received,transaction,2337 
361,103,received,transaction,2336 
362,103,received,transaction,2337 
362,108,received,transaction,2337 
363,113,received,transaction,2335 
364,110,received,transaction,2336 
364,115,received,transaction,2337 
364,107,received,transaction,2337 
364,109,received,transaction,2337 
365,115,received,transaction,2336 
367,102,received,transaction,2337 
368,118,received,transaction,2337 
369, 118,Appended, Transaction, 2338
369, 118, broadcasting, data, 2338
370,102,received,transaction,2338 
370,100,received,transaction,2337 
370,106,received,transaction,2338 
370,110,received,transaction,2338 
370,115,received,transaction,2338 
371,111,received,transaction,2338 
371,105,received,transaction,2338 
371,109,received,transaction,2338 
371,116,received,transaction,2338 
372,103,received,transaction,2338 
373,100,received,transaction,2338 
374,117,received,transaction,2337 
374,104,received,transaction,2337 
374,104,received,transaction,2338 
375,112,received,transaction,2337 
377,116,received,transaction,2337 
377,105,received,transaction,2337 
378,118,received,transaction,2336 
379,112,received,transaction,2338 
379,114,received,transaction,2338 
379, 113,Appended, Transaction, 2339
379, 113, broadcasting, data, 2339
379,113,received,transaction,2338 
381,101,received,transaction,2339 
381,106,received,transaction,2339 
381,101,received,transaction,2338 
382,110,received,transaction,2339 
382,103,received,transaction,2339 
382,116,received,transaction,2339 
382,102,received,transaction,2339 
383,117,received,transaction,2339 
384,108,received,transaction,2338 
384,100,received,transaction,2339 
385,111,received,transaction,2339 
386,115,received,transaction,2339 
387,108,received,transaction,2339 
387,107,received,transaction,2338 
388,117,received,transaction,2338 
389, 101,Appended, Transaction, 2340
389, 101, broadcasting, data, 2340
390,105,received,transaction,2339 
391,112,received,transaction,2339 
391,102,received,transaction,2340 
391,106,received,transaction,2340 
391,114,received,transaction,2340 
392,116,received,transaction,2340 
392,109,received,transaction,2339 
392,111,received,transaction,2340 
392,115,received,transaction,2340 
392,105,received,transaction,2340 
394,114,received,transaction,2339 
394,112,received,transaction,2340 
394,100,received,transaction,2340 
394,109,received,transaction,2340 
397,107,received,transaction,2339 
397,107,received,transaction,2340 
397,113,received,transaction,2340 
397,108,received,transaction,2340 
397,117,received,transaction,2340 
399,118,received,transaction,2339 
399, 103,Appended, Transaction, 2341
399, 103, broadcasting, data, 2341
399,104,received,transaction,2340 
400,110,received,transaction,2340 
402,101,received,transaction,2341 
402,111,received,transaction,2341 
403,108,received,transaction,2341 
404,118,received,transaction,2341 
404,113,received,transaction,2341 
405,118,received,transaction,2340 
405,116,received,transaction,2341 
405,103,received,transaction,2340 
405,112,received,transaction,2341 
405,117,received,transaction,2341 
406,115,received,transaction,2341 
408,106,received,transaction,2341 
409, 114,Appended, Transaction, 2342
409, 114, broadcasting, data, 2342
410,104,received,transaction,2339 
410,108,received,transaction,2342 
410,115,received,transaction,2342 
411,101,received,transaction,2342 
411,110,received,transaction,2342 
412,104,received,transaction,2341 
412,105,received,transaction,2341 
413,110,received,transaction,2341 
413,116,received,transaction,2342 
413,107,received,transaction,2342 
414,113,received,transaction,2342 
414,102,received,transaction,2342 
415,109,received,transaction,2341 
415,100,received,transaction,2342 
415,118,received,transaction,2342 
415,114,received,transaction,2341 
415,109,received,transaction,2342 
415,100,received,transaction,2341 
415,117,received,transaction,2342 
416,106,received,transaction,2342 
416,112,received,transaction,2342 
416,111,received,transaction,2342 
416,102,received,transaction,2341 
417,105,received,transaction,2342 
419, 112,Appended, Transaction, 2343
419, 112, broadcasting, data, 2343
419,109,received,transaction,2343 
419,118,received,transaction,2343 
420,108,received,transaction,2343 
421,105,received,transaction,2343 
421,115,received,transaction,2343 
421,116,received,transaction,2343 
422,102,received,transaction,2343 
422,101,received,transaction,2343 
422,111,received,transaction,2343 
422,113,received,transaction,2343 
423,103,received,transaction,2342 
423,104,received,transaction,2342 
424,110,received,transaction,2343 
424,114,received,transaction,2343 
425,106,received,transaction,2343 
426,100,received,transaction,2343 
427,107,received,transaction,2341 
428,103,received,transaction,2343 
429, 118,Appended, Transaction, 2344
429, 118, broadcasting, data, 2344
430,100,received,transaction,2344 
430,110,received,transaction,2344 
431,105,received,transaction,2344 
431,112,received,transaction,2344 
431,116,received,transaction,2344 
431,115,received,transaction,2344 
432,117,received,transaction,2343 
432,102,received,transaction,2344 
433,117,received,transaction,2344 
433,106,received,transaction,2344 
434,103,received,transaction,2344 
434,101,received,transaction,2344 
434,111,received,transaction,2344 
434,113,received,transaction,2344 
434,114,received,transaction,2344 
435,109,received,transaction,2344 
436,104,received,transaction,2344 
438,104,received,transaction,2343 
439, 115,Appended, Transaction, 2345
439, 115, broadcasting, data, 2345
440,107,received,transaction,2343 
440,108,received,transaction,2345 
441,100,received,transaction,2345 
441,112,received,transaction,2345 
441,118,received,transaction,2345 
441,104,received,transaction,2345 
443,117,received,transaction,2345 
444,108,received,transaction,2344 
444,102,received,transaction,2345 
444,114,received,transaction,2345 
445,101,received,transaction,2345 
446,103,received,transaction,2345 
447,113,received,transaction,2345 
447,106,received,transaction,2345 
448,111,received,transaction,2345 
449,110,received,transaction,2345 
449, 109,Appended, Transaction, 2346
449, 109, broadcasting, data, 2346
450,107,received,transaction,2344 
451,100,received,transaction,2346 
451,112,received,transaction,2346 
451,102,received,transaction,2346 
452,109,received,transaction,2345 
452,117,received,transaction,2346 
454,107,received,transaction,2346 
454,111,received,transaction,2346 
456,115,received,transaction,2346 
456,118,received,transaction,2346 
456,103,received,transaction,2346 
457,105,received,transaction,2346 
457,101,received,transaction,2346 
459, 110,Appended, Transaction, 2347
459, 110, broadcasting, data, 2347
459,114,received,transaction,2346 
460,114,received,transaction,2347 
460,116,received,transaction,2345 
460,104,received,transaction,2347 
460,106,received,transaction,2347 
460,113,received,transaction,2346 
461,106,received,transaction,2346 
461,107,received,transaction,2347 
461,104,received,transaction,2346 
461,101,received,transaction,2347 
462,115,received,transaction,2347 
462,109,received,transaction,2347 
464,100,received,transaction,2347 
464,117,received,transaction,2347 
465,108,received,transaction,2346 
466,110,received,transaction,2346 
467,108,received,transaction,2347 
467,113,received,transaction,2347 
467,107,received,transaction,2345 
468,116,received,transaction,2347 
468,116,received,transaction,2346 
469, 115,Appended, Transaction, 2348
469, 115, broadcasting, data, 2348
470,117,received,transaction,2348 
471,100,received,transaction,2348 
471,109,received,transaction,2348 
471,106,received,transaction,2348 
472,111,received,transaction,2348 
472,118,received,transaction,2347 
472,105,received,transaction,2347 
474,102,received,transaction,2348 
474,107,received,transaction,2348 
475,110,received,transaction,2348 
475,104,received,transaction,2348 
476,108,received,transaction,2348 
476,116,received,transaction,2348 
477,103,received,transaction,2348 
478,101,received,transaction,2348 
479,112,received,transaction,2348 
479, 113,Appended, Transaction, 2349
479, 113, broadcasting, data, 2349
479,112,received,transaction,2347 
481,101,received,transaction,2349 
481,102,received,transaction,2349 
481,102,received,transaction,2347 
481,116,received,transaction,2349 
482,111,received,transaction,2347 
482,104,received,transaction,2349 
482,103,received,transaction,2347 
482,103,received,transaction,2349 
482,112,received,transaction,2349 
483,111,received,transaction,2349 
484,107,received,transaction,2349 
484,114,received,transaction,2349 
484,106,received,transaction,2349 
485,100,received,transaction,2349 
486,118,received,transaction,2348 
487,117,received,transaction,2349 
488,118,received,transaction,2349 
488,115,received,transaction,2349 
489,113,received,transaction,2348 
489, 105,Appended, Transaction, 2350
489, 105, broadcasting, data, 2350
489,107,received,transaction,2350 
489,109,received,transaction,2350 
489,105,received,transaction,2349 
490,108,received,transaction,2350 
490,117,received,transaction,2350 
491,104,received,transaction,2350 
491,112,received,transaction,2350 
491,118,received,transaction,2350 
492,111,received,transaction,2350 
492,113,received,transaction,2350 
493,116,received,transaction,2350 
494,102,received,transaction,2350 
494,100,received,transaction,2350 
495,110,received,transaction,2350 
496,114,received,transaction,2348 
499,109,received,transaction,2349 
499, 109,Appended, Transaction, 2351
499, 109, broadcasting, data, 2351
Simulation ended
