0,100, generated, node, -
0,101, generated, node, -
0,102, generated, node, -
0,103, generated, node, -
0,104, generated, node, -
0,105, generated, node, -
0,106, generated, node, -
0,107, generated, node, -
0,108, generated, node, -
0,109, generated, node, -
0,110, generated, node, -
0,111, generated, node, -
0,112, generated, node, -
0,113, generated, node, -
0,114, generated, node, -
0,115, generated, node, -
0,116, generated, node, -
0,117, generated, node, -
0,118, generated, node, -
1000, 110, Created, block,99901,0
No of blocks in node 110 is 1
1000, 110, broadcasting, data, 99901
1000,112, received, block, 99901
1000,112, interrupted, block, 99901 
1000,107, received, block, 99901
1000,107, interrupted, block, 99901 
1001,104, received, block, 99901
1001,104, interrupted, block, 99901 
1001,118, received, block, 99901
1001,118, interrupted, block, 99901 
1001,102, received, block, 99901
1001,102, interrupted, block, 99901 
1002,101, received, block, 99901
1002,101, interrupted, block, 99901 
1003,109, received, block, 99901
1003,109, interrupted, block, 99901 
1003,111, received, block, 99901
1003,111, interrupted, block, 99901 
1004,113, received, block, 99901
1004,113, interrupted, block, 99901 
1005,103, received, block, 99901
1005,103, interrupted, block, 99901 
No of blocks in node 111 is 1
1006,115, received, block, 99901
1006,115, interrupted, block, 99901 
1007,105, received, block, 99901
1007,105, interrupted, block, 99901 
1008,106, received, block, 99901
1008,106, interrupted, block, 99901 
No of blocks in node 112 is 1
1010,116, received, block, 99901
1010,116, interrupted, block, 99901 
1013,100, received, block, 99901
1013,100, interrupted, block, 99901 
1014,108, received, block, 99901
1014,108, interrupted, block, 99901 
No of blocks in node 108 is 1
No of blocks in node 105 is 1
1018,114, received, block, 99901
1018,114, interrupted, block, 99901 
1026,117, received, block, 99901
1026,117, interrupted, block, 99901 
No of blocks in node 103 is 1
No of blocks in node 107 is 1
No of blocks in node 109 is 1
No of blocks in node 115 is 1
No of blocks in node 102 is 1
No of blocks in node 101 is 1
No of blocks in node 116 is 1
No of blocks in node 118 is 1
No of blocks in node 106 is 1
No of blocks in node 104 is 1
No of blocks in node 117 is 1
No of blocks in node 113 is 1
No of blocks in node 100 is 1
No of blocks in node 114 is 1
2000, 110, Created, block,99902,0
No of blocks in node 110 is 2
2000, 110, broadcasting, data, 99902
2001,104, received, block, 99902
2001,104, interrupted, block, 99902 
2001,101, received, block, 99902
2001,101, interrupted, block, 99902 
2002,111, received, block, 99902
2002,111, interrupted, block, 99902 
2003,109, received, block, 99902
2003,109, interrupted, block, 99902 
2003,100, received, block, 99902
2003,100, interrupted, block, 99902 
2004,114, received, block, 99902
2004,114, interrupted, block, 99902 
2005,118, received, block, 99902
2005,118, interrupted, block, 99902 
2005,108, received, block, 99902
2005,108, interrupted, block, 99902 
2006,105, received, block, 99902
2006,105, interrupted, block, 99902 
No of blocks in node 111 is 2
2007,117, received, block, 99902
2007,117, interrupted, block, 99902 
2007,113, received, block, 99902
2007,113, interrupted, block, 99902 
2008,103, received, block, 99902
2008,103, interrupted, block, 99902 
2008,102, received, block, 99902
2008,102, interrupted, block, 99902 
No of blocks in node 114 is 2
2009,107, received, block, 99902
2009,107, interrupted, block, 99902 
No of blocks in node 117 is 2
2018,116, received, block, 99902
2018,116, interrupted, block, 99902 
2020,106, received, block, 99902
2020,106, interrupted, block, 99902 
2021,115, received, block, 99902
2021,115, interrupted, block, 99902 
No of blocks in node 101 is 2
2022,112, received, block, 99902
2022,112, interrupted, block, 99902 
No of blocks in node 106 is 2
No of blocks in node 105 is 2
No of blocks in node 113 is 2
No of blocks in node 107 is 2
No of blocks in node 104 is 2
No of blocks in node 109 is 2
No of blocks in node 118 is 2
No of blocks in node 103 is 2
No of blocks in node 102 is 2
No of blocks in node 108 is 2
No of blocks in node 100 is 2
No of blocks in node 115 is 2
No of blocks in node 116 is 2
No of blocks in node 112 is 2
3000, 110, Created, block,99903,0
No of blocks in node 110 is 3
3000, 110, broadcasting, data, 99903
3001,100, received, block, 99903
3001,100, interrupted, block, 99903 
3001,113, received, block, 99903
3001,113, interrupted, block, 99903 
3001,106, received, block, 99903
3001,106, interrupted, block, 99903 
3001,104, received, block, 99903
3001,104, interrupted, block, 99903 
3002,102, received, block, 99903
3002,102, interrupted, block, 99903 
3002,111, received, block, 99903
3002,111, interrupted, block, 99903 
3002,114, received, block, 99903
3002,114, interrupted, block, 99903 
3002,117, received, block, 99903
3002,117, interrupted, block, 99903 
3003,109, received, block, 99903
3003,109, interrupted, block, 99903 
3004,107, received, block, 99903
3004,107, interrupted, block, 99903 
3004,115, received, block, 99903
3004,115, interrupted, block, 99903 
3005,103, received, block, 99903
3005,103, interrupted, block, 99903 
3006,112, received, block, 99903
3006,112, interrupted, block, 99903 
3007,108, received, block, 99903
3007,108, interrupted, block, 99903 
3007,118, received, block, 99903
3007,118, interrupted, block, 99903 
3007,105, received, block, 99903
3007,105, interrupted, block, 99903 
3012,116, received, block, 99903
3012,116, interrupted, block, 99903 
3015,101, received, block, 99903
3015,101, interrupted, block, 99903 
No of blocks in node 105 is 3
No of blocks in node 107 is 3
No of blocks in node 115 is 3
No of blocks in node 101 is 3
No of blocks in node 117 is 3
No of blocks in node 104 is 3
No of blocks in node 113 is 3
No of blocks in node 116 is 3
No of blocks in node 102 is 3
No of blocks in node 112 is 3
No of blocks in node 114 is 3
No of blocks in node 103 is 3
No of blocks in node 106 is 3
No of blocks in node 100 is 3
No of blocks in node 108 is 3
No of blocks in node 118 is 3
No of blocks in node 111 is 3
No of blocks in node 109 is 3
4000, 110, Created, block,99904,0
No of blocks in node 110 is 4
4000, 110, broadcasting, data, 99904
4001,118, received, block, 99904
4001,118, interrupted, block, 99904 
4002,101, received, block, 99904
4002,101, interrupted, block, 99904 
4002,102, received, block, 99904
4002,102, interrupted, block, 99904 
4002,114, received, block, 99904
4002,114, interrupted, block, 99904 
4003,117, received, block, 99904
4003,117, interrupted, block, 99904 
4004,107, received, block, 99904
4004,107, interrupted, block, 99904 
No of blocks in node 118 is 4
4004,109, received, block, 99904
4004,109, interrupted, block, 99904 
4005,103, received, block, 99904
4005,103, interrupted, block, 99904 
4005,106, received, block, 99904
4005,106, interrupted, block, 99904 
4005,116, received, block, 99904
4005,116, interrupted, block, 99904 
4006,115, received, block, 99904
4006,115, interrupted, block, 99904 
4006,104, received, block, 99904
4006,104, interrupted, block, 99904 
4006,113, received, block, 99904
4006,113, interrupted, block, 99904 
4007,108, received, block, 99904
4007,108, interrupted, block, 99904 
4007,105, received, block, 99904
4007,105, interrupted, block, 99904 
4007,111, received, block, 99904
4007,111, interrupted, block, 99904 
4007,100, received, block, 99904
4007,100, interrupted, block, 99904 
No of blocks in node 116 is 4
4012,112, received, block, 99904
4012,112, interrupted, block, 99904 
No of blocks in node 107 is 4
No of blocks in node 102 is 4
No of blocks in node 111 is 4
No of blocks in node 108 is 4
No of blocks in node 113 is 4
No of blocks in node 103 is 4
No of blocks in node 105 is 4
No of blocks in node 100 is 4
No of blocks in node 112 is 4
No of blocks in node 117 is 4
No of blocks in node 101 is 4
No of blocks in node 109 is 4
No of blocks in node 106 is 4
No of blocks in node 104 is 4
No of blocks in node 114 is 4
No of blocks in node 115 is 4
5000, 110, Created, block,99905,0
No of blocks in node 110 is 5
5000, 110, broadcasting, data, 99905
5001,100, received, block, 99905
5001,100, interrupted, block, 99905 
5001,104, received, block, 99905
5001,104, interrupted, block, 99905 
5002,113, received, block, 99905
5002,113, interrupted, block, 99905 
5002,114, received, block, 99905
5002,114, interrupted, block, 99905 
5002,111, received, block, 99905
5002,111, interrupted, block, 99905 
5002,112, received, block, 99905
5002,112, interrupted, block, 99905 
5003,118, received, block, 99905
5003,118, interrupted, block, 99905 
5005,101, received, block, 99905
5005,101, interrupted, block, 99905 
5005,115, received, block, 99905
5005,115, interrupted, block, 99905 
5006,102, received, block, 99905
5006,102, interrupted, block, 99905 
5007,117, received, block, 99905
5007,117, interrupted, block, 99905 
5007,106, received, block, 99905
5007,106, interrupted, block, 99905 
No of blocks in node 118 is 5
No of blocks in node 111 is 5
5009,109, received, block, 99905
5009,109, interrupted, block, 99905 
5010,107, received, block, 99905
5010,107, interrupted, block, 99905 
5012,105, received, block, 99905
5012,105, interrupted, block, 99905 
5012,103, received, block, 99905
5012,103, interrupted, block, 99905 
No of blocks in node 105 is 5
5015,116, received, block, 99905
5015,116, interrupted, block, 99905 
No of blocks in node 103 is 5
No of blocks in node 114 is 5
No of blocks in node 112 is 5
5021,108, received, block, 99905
5021,108, interrupted, block, 99905 
No of blocks in node 104 is 5
No of blocks in node 107 is 5
No of blocks in node 116 is 5
No of blocks in node 100 is 5
No of blocks in node 113 is 5
No of blocks in node 106 is 5
No of blocks in node 102 is 5
No of blocks in node 115 is 5
No of blocks in node 101 is 5
No of blocks in node 117 is 5
No of blocks in node 109 is 5
No of blocks in node 108 is 5
6000, 110, Created, block,99906,0
No of blocks in node 110 is 6
6000, 110, broadcasting, data, 99906
6000,101, received, block, 99906
6000,101, interrupted, block, 99906 
6001,100, received, block, 99906
6001,100, interrupted, block, 99906 
6001,104, received, block, 99906
6001,104, interrupted, block, 99906 
6002,114, received, block, 99906
6002,114, interrupted, block, 99906 
6002,106, received, block, 99906
6002,106, interrupted, block, 99906 
6003,108, received, block, 99906
6003,108, interrupted, block, 99906 
6003,107, received, block, 99906
6003,107, interrupted, block, 99906 
6004,113, received, block, 99906
6004,113, interrupted, block, 99906 
6005,103, received, block, 99906
6005,103, interrupted, block, 99906 
6005,118, received, block, 99906
6005,118, interrupted, block, 99906 
6006,112, received, block, 99906
6006,112, interrupted, block, 99906 
No of blocks in node 114 is 6
6008,117, received, block, 99906
6008,117, interrupted, block, 99906 
No of blocks in node 106 is 6
6008,102, received, block, 99906
6008,102, interrupted, block, 99906 
6009,109, received, block, 99906
6009,109, interrupted, block, 99906 
6009,115, received, block, 99906
6009,115, interrupted, block, 99906 
6009,111, received, block, 99906
6009,111, interrupted, block, 99906 
No of blocks in node 102 is 6
No of blocks in node 108 is 6
No of blocks in node 100 is 6
No of blocks in node 104 is 6
No of blocks in node 109 is 6
6015,116, received, block, 99906
6015,116, interrupted, block, 99906 
6015,105, received, block, 99906
6015,105, interrupted, block, 99906 
No of blocks in node 105 is 6
No of blocks in node 113 is 6
No of blocks in node 116 is 6
No of blocks in node 111 is 6
No of blocks in node 101 is 6
No of blocks in node 117 is 6
No of blocks in node 107 is 6
No of blocks in node 103 is 6
No of blocks in node 112 is 6
No of blocks in node 118 is 6
No of blocks in node 115 is 6
7000, 110, Created, block,99907,0
No of blocks in node 110 is 7
7000, 110, broadcasting, data, 99907
7001,115, received, block, 99907
7001,115, interrupted, block, 99907 
7001,107, received, block, 99907
7001,107, interrupted, block, 99907 
7001,104, received, block, 99907
7001,104, interrupted, block, 99907 
7002,101, received, block, 99907
7002,101, interrupted, block, 99907 
7002,111, received, block, 99907
7002,111, interrupted, block, 99907 
7002,114, received, block, 99907
7002,114, interrupted, block, 99907 
7003,106, received, block, 99907
7003,106, interrupted, block, 99907 
7005,108, received, block, 99907
7005,108, interrupted, block, 99907 
7005,118, received, block, 99907
7005,118, interrupted, block, 99907 
7006,105, received, block, 99907
7006,105, interrupted, block, 99907 
7006,112, received, block, 99907
7006,112, interrupted, block, 99907 
7006,109, received, block, 99907
7006,109, interrupted, block, 99907 
7007,117, received, block, 99907
7007,117, interrupted, block, 99907 
7007,113, received, block, 99907
7007,113, interrupted, block, 99907 
7008,103, received, block, 99907
7008,103, interrupted, block, 99907 
7010,102, received, block, 99907
7010,102, interrupted, block, 99907 
7011,116, received, block, 99907
7011,116, interrupted, block, 99907 
No of blocks in node 104 is 7
No of blocks in node 117 is 7
No of blocks in node 101 is 7
No of blocks in node 111 is 7
No of blocks in node 107 is 7
No of blocks in node 115 is 7
No of blocks in node 112 is 7
7023,100, received, block, 99907
7023,100, interrupted, block, 99907 
No of blocks in node 103 is 7
No of blocks in node 105 is 7
No of blocks in node 102 is 7
No of blocks in node 116 is 7
No of blocks in node 108 is 7
No of blocks in node 106 is 7
No of blocks in node 100 is 7
No of blocks in node 114 is 7
No of blocks in node 113 is 7
No of blocks in node 118 is 7
No of blocks in node 109 is 7
8000, 110, Created, block,99908,0
No of blocks in node 110 is 8
8000, 110, broadcasting, data, 99908
8000,104, received, block, 99908
8000,104, interrupted, block, 99908 
8001,100, received, block, 99908
8001,100, interrupted, block, 99908 
8001,118, received, block, 99908
8001,118, interrupted, block, 99908 
8002,111, received, block, 99908
8002,111, interrupted, block, 99908 
8002,113, received, block, 99908
8002,113, interrupted, block, 99908 
8002,115, received, block, 99908
8002,115, interrupted, block, 99908 
8002,112, received, block, 99908
8002,112, interrupted, block, 99908 
8003,109, received, block, 99908
8003,109, interrupted, block, 99908 
8004,107, received, block, 99908
8004,107, interrupted, block, 99908 
No of blocks in node 100 is 8
8005,106, received, block, 99908
8005,106, interrupted, block, 99908 
8006,105, received, block, 99908
8006,105, interrupted, block, 99908 
8006,116, received, block, 99908
8006,116, interrupted, block, 99908 
8007,108, received, block, 99908
8007,108, interrupted, block, 99908 
8007,117, received, block, 99908
8007,117, interrupted, block, 99908 
8008,102, received, block, 99908
8008,102, interrupted, block, 99908 
No of blocks in node 118 is 8
No of blocks in node 115 is 8
8014,103, received, block, 99908
8014,103, interrupted, block, 99908 
8015,114, received, block, 99908
8015,114, interrupted, block, 99908 
No of blocks in node 112 is 8
8023,101, received, block, 99908
8023,101, interrupted, block, 99908 
No of blocks in node 114 is 8
No of blocks in node 111 is 8
No of blocks in node 116 is 8
No of blocks in node 103 is 8
No of blocks in node 108 is 8
No of blocks in node 113 is 8
No of blocks in node 107 is 8
No of blocks in node 105 is 8
No of blocks in node 102 is 8
No of blocks in node 117 is 8
No of blocks in node 104 is 8
No of blocks in node 106 is 8
No of blocks in node 101 is 8
No of blocks in node 109 is 8
9000, 110, Created, block,99909,0
No of blocks in node 110 is 9
9000, 110, broadcasting, data, 99909
9000,101, received, block, 99909
9000,101, interrupted, block, 99909 
9001,100, received, block, 99909
9001,100, interrupted, block, 99909 
9001,104, received, block, 99909
9001,104, interrupted, block, 99909 
9001,118, received, block, 99909
9001,118, interrupted, block, 99909 
9002,114, received, block, 99909
9002,114, interrupted, block, 99909 
9002,113, received, block, 99909
9002,113, interrupted, block, 99909 
9003,109, received, block, 99909
9003,109, interrupted, block, 99909 
9004,107, received, block, 99909
9004,107, interrupted, block, 99909 
9004,102, received, block, 99909
9004,102, interrupted, block, 99909 
9004,111, received, block, 99909
9004,111, interrupted, block, 99909 
No of blocks in node 113 is 9
9004,116, received, block, 99909
9004,116, interrupted, block, 99909 
9005,106, received, block, 99909
9005,106, interrupted, block, 99909 
9006,105, received, block, 99909
9006,105, interrupted, block, 99909 
9006,117, received, block, 99909
9006,117, interrupted, block, 99909 
9008,103, received, block, 99909
9008,103, interrupted, block, 99909 
9011,108, received, block, 99909
9011,108, interrupted, block, 99909 
No of blocks in node 116 is 9
9019,115, received, block, 99909
9019,115, interrupted, block, 99909 
9019,112, received, block, 99909
9019,112, interrupted, block, 99909 
No of blocks in node 103 is 9
No of blocks in node 104 is 9
No of blocks in node 118 is 9
No of blocks in node 111 is 9
No of blocks in node 100 is 9
No of blocks in node 107 is 9
No of blocks in node 101 is 9
No of blocks in node 117 is 9
No of blocks in node 109 is 9
No of blocks in node 114 is 9
No of blocks in node 106 is 9
No of blocks in node 112 is 9
No of blocks in node 105 is 9
No of blocks in node 102 is 9
No of blocks in node 108 is 9
No of blocks in node 115 is 9
10000, 110, Created, block,99910,0
No of blocks in node 110 is 10
10000, 110, broadcasting, data, 99910
10001,100, received, block, 99910
10001,100, interrupted, block, 99910 
10001,118, received, block, 99910
10001,118, interrupted, block, 99910 
10002,101, received, block, 99910
10002,101, interrupted, block, 99910 
10002,102, received, block, 99910
10002,102, interrupted, block, 99910 
10002,113, received, block, 99910
10002,113, interrupted, block, 99910 
10002,114, received, block, 99910
10002,114, interrupted, block, 99910 
10002,105, received, block, 99910
10002,105, interrupted, block, 99910 
10003,109, received, block, 99910
10003,109, interrupted, block, 99910 
10004,107, received, block, 99910
10004,107, interrupted, block, 99910 
10006,112, received, block, 99910
10006,112, interrupted, block, 99910 
10006,115, received, block, 99910
10006,115, interrupted, block, 99910 
No of blocks in node 102 is 10
No of blocks in node 109 is 10
No of blocks in node 115 is 10
10008,108, received, block, 99910
10008,108, interrupted, block, 99910 
No of blocks in node 114 is 10
10009,104, received, block, 99910
10009,104, interrupted, block, 99910 
10009,117, received, block, 99910
10009,117, interrupted, block, 99910 
No of blocks in node 105 is 10
No of blocks in node 112 is 10
No of blocks in node 104 is 10
10014,103, received, block, 99910
10014,103, interrupted, block, 99910 
10016,106, received, block, 99910
10016,106, interrupted, block, 99910 
10016,111, received, block, 99910
10016,111, interrupted, block, 99910 
No of blocks in node 113 is 10
No of blocks in node 103 is 10
10019,116, received, block, 99910
10019,116, interrupted, block, 99910 
No of blocks in node 100 is 10
No of blocks in node 106 is 10
No of blocks in node 117 is 10
No of blocks in node 108 is 10
No of blocks in node 101 is 10
No of blocks in node 118 is 10
No of blocks in node 107 is 10
No of blocks in node 116 is 10
No of blocks in node 111 is 10
Simulation ended
