0,100, generated, node, -
0,101, generated, node, -
0,102, generated, node, -
0,103, generated, node, -
0,104, generated, node, -
0,105, generated, node, -
0,106, generated, node, -
0,107, generated, node, -
0,108, generated, node, -
0,109, generated, node, -
0,110, generated, node, -
0,111, generated, node, -
0,112, generated, node, -
0,113, generated, node, -
0,114, generated, node, -
0,115, generated, node, -
0,116, generated, node, -
0,117, generated, node, -
0,118, generated, node, -
0, 100,Appended, Transaction, 2301
0, 100, broadcasting, data, 2301
0,105,received,transaction,2301 
1,118,received,transaction,2301 
2,112,received,transaction,2301 
2,116,received,transaction,2301 
2,106,received,transaction,2301 
4,104,received,transaction,2301 
5,101,received,transaction,2301 
5,113,received,transaction,2301 
5,103,received,transaction,2301 
7,102,received,transaction,2301 
7,117,received,transaction,2301 
8,107,received,transaction,2301 
9,109,received,transaction,2301 
10, 100,Appended, Transaction, 2302
10, 100, broadcasting, data, 2302
10,108,received,transaction,2302 
10,111,received,transaction,2302 
11,118,received,transaction,2302 
12,111,received,transaction,2301 
12,105,received,transaction,2302 
12,109,received,transaction,2302 
12,112,received,transaction,2302 
12,115,received,transaction,2302 
12,114,received,transaction,2301 
12,115,received,transaction,2301 
12,102,received,transaction,2302 
13,103,received,transaction,2302 
14,101,received,transaction,2302 
15,106,received,transaction,2302 
15,113,received,transaction,2302 
16,116,received,transaction,2302 
17,114,received,transaction,2302 
19,110,received,transaction,2302 
20, 100,Appended, Transaction, 2303
20, 100, broadcasting, data, 2303
20,103,received,transaction,2303 
20,107,received,transaction,2302 
21,106,received,transaction,2303 
21,110,received,transaction,2303 
21,117,received,transaction,2303 
22,105,received,transaction,2303 
22,115,received,transaction,2303 
22,116,received,transaction,2303 
22,111,received,transaction,2303 
23,110,received,transaction,2301 
23,101,received,transaction,2303 
24,104,received,transaction,2303 
25,113,received,transaction,2303 
25,114,received,transaction,2303 
25,117,received,transaction,2302 
25,102,received,transaction,2303 
27,108,received,transaction,2301 
30, 100,Appended, Transaction, 2304
30, 100, broadcasting, data, 2304
30,101,received,transaction,2304 
30,118,received,transaction,2303 
31,117,received,transaction,2304 
31,110,received,transaction,2304 
31,118,received,transaction,2304 
32,105,received,transaction,2304 
32,109,received,transaction,2304 
32,115,received,transaction,2304 
33,107,received,transaction,2303 
35,113,received,transaction,2304 
35,114,received,transaction,2304 
36,108,received,transaction,2304 
36,108,received,transaction,2303 
37,104,received,transaction,2302 
38,107,received,transaction,2304 
38,116,received,transaction,2304 
38,106,received,transaction,2304 
38,112,received,transaction,2304 
38,103,received,transaction,2304 
38,104,received,transaction,2304 
40, 100,Appended, Transaction, 2305
40, 100, broadcasting, data, 2305
40,110,received,transaction,2305 
40,109,received,transaction,2303 
40,112,received,transaction,2303 
41,106,received,transaction,2305 
42,115,received,transaction,2305 
42,116,received,transaction,2305 
43,109,received,transaction,2305 
43,103,received,transaction,2305 
44,107,received,transaction,2305 
44,112,received,transaction,2305 
44,113,received,transaction,2305 
45,102,received,transaction,2305 
47,108,received,transaction,2305 
47,102,received,transaction,2304 
48,114,received,transaction,2305 
49,117,received,transaction,2305 
49,105,received,transaction,2305 
50, 100,Appended, Transaction, 2306
50, 100, broadcasting, data, 2306
50,111,received,transaction,2304 
51,110,received,transaction,2306 
51,118,received,transaction,2305 
52,112,received,transaction,2306 
52,103,received,transaction,2306 
52,104,received,transaction,2306 
53,101,received,transaction,2305 
53,104,received,transaction,2305 
54,118,received,transaction,2306 
55,101,received,transaction,2306 
55,111,received,transaction,2306 
56,102,received,transaction,2306 
56,108,received,transaction,2306 
58,107,received,transaction,2306 
58,114,received,transaction,2306 
59,113,received,transaction,2306 
59, 100,Appended, Transaction, 2307
59, 100, broadcasting, data, 2307
60,104,received,transaction,2307 
60,116,received,transaction,2306 
60,110,received,transaction,2307 
60,118,received,transaction,2307 
61,109,received,transaction,2306 
61,109,received,transaction,2307 
61,112,received,transaction,2307 
61,115,received,transaction,2307 
61,116,received,transaction,2307 
62,103,received,transaction,2307 
63,106,received,transaction,2306 
64,111,received,transaction,2307 
64,113,received,transaction,2307 
65,114,received,transaction,2307 
66,105,received,transaction,2307 
66,111,received,transaction,2305 
67,105,received,transaction,2306 
67,101,received,transaction,2307 
68,108,received,transaction,2307 
69,107,received,transaction,2307 
69,115,received,transaction,2306 
69, 100,Appended, Transaction, 2308
69, 100, broadcasting, data, 2308
70,117,received,transaction,2307 
71,105,received,transaction,2308 
71,109,received,transaction,2308 
71,112,received,transaction,2308 
71,115,received,transaction,2308 
71,106,received,transaction,2308 
74,117,received,transaction,2306 
75,113,received,transaction,2308 
75,106,received,transaction,2307 
75,102,received,transaction,2308 
76,117,received,transaction,2308 
77,107,received,transaction,2308 
78,111,received,transaction,2308 
78,102,received,transaction,2307 
79, 100,Appended, Transaction, 2309
79, 100, broadcasting, data, 2309
80,112,received,transaction,2309 
80,103,received,transaction,2309 
80,106,received,transaction,2309 
80,110,received,transaction,2309 
80,118,received,transaction,2309 
81,110,received,transaction,2308 
81,104,received,transaction,2308 
82,103,received,transaction,2308 
82,101,received,transaction,2308 
83,115,received,transaction,2309 
83,105,received,transaction,2309 
83,118,received,transaction,2308 
83,116,received,transaction,2308 
83,107,received,transaction,2309 
84,117,received,transaction,2309 
84,102,received,transaction,2309 
84,111,received,transaction,2309 
85,114,received,transaction,2309 
86,101,received,transaction,2309 
88,116,received,transaction,2309 
89,114,received,transaction,2308 
89, 100,Appended, Transaction, 2310
89, 100, broadcasting, data, 2310
90,108,received,transaction,2308 
90,105,received,transaction,2310 
90,104,received,transaction,2310 
90,106,received,transaction,2310 
90,118,received,transaction,2310 
90,107,received,transaction,2310 
91,109,received,transaction,2309 
91,109,received,transaction,2310 
91,116,received,transaction,2310 
92,114,received,transaction,2310 
92,103,received,transaction,2310 
93,112,received,transaction,2310 
93,108,received,transaction,2309 
93,113,received,transaction,2310 
94,101,received,transaction,2310 
94,115,received,transaction,2310 
94,102,received,transaction,2310 
94,111,received,transaction,2310 
96,104,received,transaction,2309 
98,110,received,transaction,2310 
99,108,received,transaction,2310 
99, 100,Appended, Transaction, 2311
99, 100, broadcasting, data, 2311
100,113,received,transaction,2311 
100,110,received,transaction,2311 
101,109,received,transaction,2311 
101,115,received,transaction,2311 
101,116,received,transaction,2311 
101,118,received,transaction,2311 
102,103,received,transaction,2311 
103,105,received,transaction,2311 
104,111,received,transaction,2311 
105,113,received,transaction,2309 
107,107,received,transaction,2311 
108,104,received,transaction,2311 
108,102,received,transaction,2311 
109,106,received,transaction,2311 
109,112,received,transaction,2311 
110, 100,Appended, Transaction, 2312
110, 100, broadcasting, data, 2312
111,118,received,transaction,2312 
112,109,received,transaction,2312 
112,116,received,transaction,2312 
112,108,received,transaction,2311 
113,117,received,transaction,2310 
113,103,received,transaction,2312 
113,110,received,transaction,2312 
113,112,received,transaction,2312 
114,104,received,transaction,2312 
115,101,received,transaction,2312 
115,102,received,transaction,2312 
115,113,received,transaction,2312 
117,114,received,transaction,2311 
119,108,received,transaction,2312 
119,117,received,transaction,2312 
120, 100,Appended, Transaction, 2313
120, 100, broadcasting, data, 2313
120,117,received,transaction,2311 
120,114,received,transaction,2312 
121,118,received,transaction,2313 
121,101,received,transaction,2311 
121,109,received,transaction,2313 
122,116,received,transaction,2313 
123,106,received,transaction,2313 
123,105,received,transaction,2313 
124,106,received,transaction,2312 
124,114,received,transaction,2313 
124,102,received,transaction,2313 
125,111,received,transaction,2312 
127,111,received,transaction,2313 
128,107,received,transaction,2312 
128,105,received,transaction,2312 
128,104,received,transaction,2313 
128,115,received,transaction,2312 
128,112,received,transaction,2313 
128,108,received,transaction,2313 
130, 100,Appended, Transaction, 2314
130, 100, broadcasting, data, 2314
130,111,received,transaction,2314 
130,105,received,transaction,2314 
131,110,received,transaction,2314 
131,106,received,transaction,2314 
131,115,received,transaction,2313 
132,109,received,transaction,2314 
132,112,received,transaction,2314 
132,115,received,transaction,2314 
133,103,received,transaction,2314 
133,101,received,transaction,2313 
133,118,received,transaction,2314 
135,113,received,transaction,2314 
136,101,received,transaction,2314 
136,107,received,transaction,2313 
136,110,received,transaction,2313 
136,113,received,transaction,2313 
137,116,received,transaction,2314 
137,104,received,transaction,2314 
138,114,received,transaction,2314 
138,117,received,transaction,2313 
139,103,received,transaction,2313 
140, 100,Appended, Transaction, 2315
140, 100, broadcasting, data, 2315
140,117,received,transaction,2314 
141,106,received,transaction,2315 
141,110,received,transaction,2315 
141,104,received,transaction,2315 
141,118,received,transaction,2315 
141,108,received,transaction,2315 
141,108,received,transaction,2314 
141,114,received,transaction,2315 
142,116,received,transaction,2315 
142,105,received,transaction,2315 
142,103,received,transaction,2315 
144,117,received,transaction,2315 
144,107,received,transaction,2314 
145,102,received,transaction,2315 
145,102,received,transaction,2314 
145,109,received,transaction,2315 
147,111,received,transaction,2315 
147,113,received,transaction,2315 
148,107,received,transaction,2315 
150, 100,Appended, Transaction, 2316
150, 100, broadcasting, data, 2316
151,103,received,transaction,2316 
151,115,received,transaction,2315 
152,105,received,transaction,2316 
152,109,received,transaction,2316 
152,115,received,transaction,2316 
152,116,received,transaction,2316 
152,112,received,transaction,2315 
152,118,received,transaction,2316 
153,101,received,transaction,2315 
155,113,received,transaction,2316 
156,106,received,transaction,2316 
156,112,received,transaction,2316 
157,101,received,transaction,2316 
157,110,received,transaction,2316 
157,111,received,transaction,2316 
158,107,received,transaction,2316 
159,108,received,transaction,2316 
159,114,received,transaction,2316 
159,104,received,transaction,2316 
159, 100,Appended, Transaction, 2317
159, 100, broadcasting, data, 2317
160,110,received,transaction,2317 
161,117,received,transaction,2317 
161,102,received,transaction,2316 
161,105,received,transaction,2317 
163,116,received,transaction,2317 
164,112,received,transaction,2317 
164,117,received,transaction,2316 
164,101,received,transaction,2317 
164,102,received,transaction,2317 
164,113,received,transaction,2317 
165,103,received,transaction,2317 
167,115,received,transaction,2317 
168,109,received,transaction,2317 
169, 100,Appended, Transaction, 2318
169, 100, broadcasting, data, 2318
170,107,received,transaction,2318 
170,106,received,transaction,2318 
170,118,received,transaction,2318 
171,104,received,transaction,2317 
171,102,received,transaction,2318 
171,105,received,transaction,2318 
172,110,received,transaction,2318 
172,103,received,transaction,2318 
173,118,received,transaction,2317 
173,108,received,transaction,2317 
174,109,received,transaction,2318 
174,114,received,transaction,2317 
174,111,received,transaction,2318 
175,106,received,transaction,2317 
175,111,received,transaction,2317 
176,101,received,transaction,2318 
177,113,received,transaction,2318 
177,115,received,transaction,2318 
177,114,received,transaction,2318 
179,116,received,transaction,2318 
179, 100,Appended, Transaction, 2319
179, 100, broadcasting, data, 2319
180,117,received,transaction,2319 
180,109,received,transaction,2319 
180,117,received,transaction,2318 
180,112,received,transaction,2318 
180,110,received,transaction,2319 
181,106,received,transaction,2319 
181,116,received,transaction,2319 
181,112,received,transaction,2319 
182,115,received,transaction,2319 
182,103,received,transaction,2319 
184,101,received,transaction,2319 
184,111,received,transaction,2319 
185,104,received,transaction,2318 
186,113,received,transaction,2319 
186,104,received,transaction,2319 
188,118,received,transaction,2319 
188,102,received,transaction,2319 
189,107,received,transaction,2317 
189, 100,Appended, Transaction, 2320
189, 100, broadcasting, data, 2320
190,110,received,transaction,2320 
190,118,received,transaction,2320 
190,107,received,transaction,2319 
191,109,received,transaction,2320 
191,116,received,transaction,2320 
192,113,received,transaction,2320 
192,103,received,transaction,2320 
192,117,received,transaction,2320 
193,114,received,transaction,2319 
193,104,received,transaction,2320 
194,102,received,transaction,2320 
194,108,received,transaction,2319 
196,105,received,transaction,2320 
197,107,received,transaction,2320 
198,108,received,transaction,2320 
199, 100,Appended, Transaction, 2321
199, 100, broadcasting, data, 2321
200,108,received,transaction,2318 
200,110,received,transaction,2321 
200,118,received,transaction,2321 
200,112,received,transaction,2321 
201,112,received,transaction,2320 
201,115,received,transaction,2320 
201,115,received,transaction,2321 
201,116,received,transaction,2321 
201,109,received,transaction,2321 
202,111,received,transaction,2320 
202,106,received,transaction,2320 
203,103,received,transaction,2321 
203,104,received,transaction,2321 
204,114,received,transaction,2321 
204,111,received,transaction,2321 
205,105,received,transaction,2319 
206,114,received,transaction,2320 
206,101,received,transaction,2321 
207,107,received,transaction,2321 
208,117,received,transaction,2321 
208,108,received,transaction,2321 
209,101,received,transaction,2320 
209, 100,Appended, Transaction, 2322
209, 100, broadcasting, data, 2322
210,115,received,transaction,2322 
210,106,received,transaction,2322 
210,110,received,transaction,2322 
210,118,received,transaction,2322 
210,113,received,transaction,2322 
211,112,received,transaction,2322 
212,113,received,transaction,2321 
214,105,received,transaction,2321 
214,106,received,transaction,2321 
214,111,received,transaction,2322 
215,105,received,transaction,2322 
215,117,received,transaction,2322 
215,101,received,transaction,2322 
216,114,received,transaction,2322 
218,108,received,transaction,2322 
219,102,received,transaction,2321 
219,104,received,transaction,2322 
219, 100,Appended, Transaction, 2323
219, 100, broadcasting, data, 2323
220,102,received,transaction,2322 
220,115,received,transaction,2323 
221,114,received,transaction,2323 
221,110,received,transaction,2323 
221,116,received,transaction,2322 
222,103,received,transaction,2323 
224,117,received,transaction,2323 
224,109,received,transaction,2322 
224,101,received,transaction,2323 
225,103,received,transaction,2322 
225,111,received,transaction,2323 
226,112,received,transaction,2323 
227,109,received,transaction,2323 
227,107,received,transaction,2323 
227,104,received,transaction,2323 
228,102,received,transaction,2323 
229, 100,Appended, Transaction, 2324
229, 100, broadcasting, data, 2324
230,104,received,transaction,2324 
230,106,received,transaction,2324 
230,110,received,transaction,2324 
230,118,received,transaction,2324 
230,106,received,transaction,2323 
231,105,received,transaction,2324 
231,109,received,transaction,2324 
234,108,received,transaction,2324 
234,102,received,transaction,2324 
234,113,received,transaction,2324 
234,114,received,transaction,2324 
234,116,received,transaction,2323 
234,107,received,transaction,2322 
236,108,received,transaction,2323 
236,105,received,transaction,2323 
237,113,received,transaction,2323 
238,112,received,transaction,2324 
238,116,received,transaction,2324 
239, 100,Appended, Transaction, 2325
239, 100, broadcasting, data, 2325
239,112,received,transaction,2325 
239,105,received,transaction,2325 
240,110,received,transaction,2325 
241,101,received,transaction,2324 
241,102,received,transaction,2325 
241,115,received,transaction,2325 
241,116,received,transaction,2325 
241,103,received,transaction,2324 
241,115,received,transaction,2324 
242,106,received,transaction,2325 
242,111,received,transaction,2324 
244,101,received,transaction,2325 
245,117,received,transaction,2325 
246,111,received,transaction,2325 
246,118,received,transaction,2323 
246,104,received,transaction,2325 
247,107,received,transaction,2325 
247,103,received,transaction,2325 
248,118,received,transaction,2325 
249,117,received,transaction,2324 
249,113,received,transaction,2325 
249, 100,Appended, Transaction, 2326
249, 100, broadcasting, data, 2326
249,104,received,transaction,2326 
250,102,received,transaction,2326 
250,107,received,transaction,2324 
250,114,received,transaction,2326 
250,114,received,transaction,2325 
252,112,received,transaction,2326 
253,108,received,transaction,2325 
253,116,received,transaction,2326 
253,109,received,transaction,2326 
253,106,received,transaction,2326 
254,101,received,transaction,2326 
254,111,received,transaction,2326 
255,109,received,transaction,2325 
256,113,received,transaction,2326 
256,110,received,transaction,2326 
259, 100,Appended, Transaction, 2327
259, 100, broadcasting, data, 2327
259,118,received,transaction,2327 
259,108,received,transaction,2326 
259,118,received,transaction,2326 
260,107,received,transaction,2326 
260,106,received,transaction,2327 
260,110,received,transaction,2327 
260,115,received,transaction,2326 
261,109,received,transaction,2327 
261,112,received,transaction,2327 
261,116,received,transaction,2327 
261,103,received,transaction,2326 
261,105,received,transaction,2327 
262,103,received,transaction,2327 
263,104,received,transaction,2327 
263,108,received,transaction,2327 
263,102,received,transaction,2327 
264,113,received,transaction,2327 
266,117,received,transaction,2326 
267,114,received,transaction,2327 
269,105,received,transaction,2326 
269, 100,Appended, Transaction, 2328
269, 100, broadcasting, data, 2328
270,113,received,transaction,2328 
270,118,received,transaction,2328 
271,115,received,transaction,2327 
271,109,received,transaction,2328 
271,112,received,transaction,2328 
272,103,received,transaction,2328 
273,104,received,transaction,2328 
273,105,received,transaction,2328 
274,107,received,transaction,2328 
274,115,received,transaction,2328 
275,111,received,transaction,2327 
275,117,received,transaction,2327 
275,114,received,transaction,2328 
276,111,received,transaction,2328 
276,106,received,transaction,2328 
276,102,received,transaction,2328 
278,108,received,transaction,2328 
279, 100,Appended, Transaction, 2329
279, 100, broadcasting, data, 2329
280,118,received,transaction,2329 
280,101,received,transaction,2328 
280,117,received,transaction,2328 
280,101,received,transaction,2327 
281,112,received,transaction,2329 
281,116,received,transaction,2329 
283,107,received,transaction,2327 
283,104,received,transaction,2329 
284,110,received,transaction,2329 
284,101,received,transaction,2329 
284,113,received,transaction,2329 
285,116,received,transaction,2328 
287,115,received,transaction,2329 
287,107,received,transaction,2329 
288,114,received,transaction,2329 
289,103,received,transaction,2329 
289,110,received,transaction,2328 
289,106,received,transaction,2329 
289, 100,Appended, Transaction, 2330
289, 100, broadcasting, data, 2330
289,111,received,transaction,2329 
291,105,received,transaction,2330 
291,116,received,transaction,2330 
291,108,received,transaction,2329 
291,118,received,transaction,2330 
291,112,received,transaction,2330 
292,109,received,transaction,2330 
293,109,received,transaction,2329 
293,102,received,transaction,2329 
293,104,received,transaction,2330 
294,107,received,transaction,2330 
294,101,received,transaction,2330 
294,113,received,transaction,2330 
295,108,received,transaction,2330 
296,110,received,transaction,2330 
297,117,received,transaction,2329 
299,102,received,transaction,2330 
299,111,received,transaction,2330 
299, 100,Appended, Transaction, 2331
299, 100, broadcasting, data, 2331
300,103,received,transaction,2330 
301,105,received,transaction,2331 
301,109,received,transaction,2331 
301,112,received,transaction,2331 
301,115,received,transaction,2331 
301,116,received,transaction,2331 
302,110,received,transaction,2331 
302,105,received,transaction,2329 
302,106,received,transaction,2331 
303,104,received,transaction,2331 
304,113,received,transaction,2331 
304,101,received,transaction,2331 
304,102,received,transaction,2331 
304,111,received,transaction,2331 
304,118,received,transaction,2331 
306,106,received,transaction,2330 
307,107,received,transaction,2331 
308,108,received,transaction,2331 
309,117,received,transaction,2330 
309,114,received,transaction,2330 
309, 100,Appended, Transaction, 2332
309, 100, broadcasting, data, 2332
310,110,received,transaction,2332 
310,115,received,transaction,2330 
310,106,received,transaction,2332 
311,103,received,transaction,2331 
311,109,received,transaction,2332 
311,116,received,transaction,2332 
312,104,received,transaction,2332 
314,101,received,transaction,2332 
314,102,received,transaction,2332 
314,114,received,transaction,2332 
314,118,received,transaction,2332 
316,111,received,transaction,2332 
316,114,received,transaction,2331 
317,105,received,transaction,2332 
319,115,received,transaction,2332 
319, 100,Appended, Transaction, 2333
319, 100, broadcasting, data, 2333
320,108,received,transaction,2332 
320,107,received,transaction,2333 
320,110,received,transaction,2333 
320,106,received,transaction,2333 
320,118,received,transaction,2333 
321,114,received,transaction,2333 
321,109,received,transaction,2333 
321,112,received,transaction,2333 
321,116,received,transaction,2333 
321,117,received,transaction,2332 
322,104,received,transaction,2333 
322,103,received,transaction,2333 
323,113,received,transaction,2332 
323,112,received,transaction,2332 
324,103,received,transaction,2332 
324,115,received,transaction,2333 
324,111,received,transaction,2333 
324,102,received,transaction,2333 
325,105,received,transaction,2333 
325,107,received,transaction,2332 
327,117,received,transaction,2331 
329, 100,Appended, Transaction, 2334
329, 100, broadcasting, data, 2334
330,106,received,transaction,2334 
330,110,received,transaction,2334 
332,108,received,transaction,2333 
333,108,received,transaction,2334 
333,118,received,transaction,2334 
333,102,received,transaction,2334 
334,117,received,transaction,2333 
336,113,received,transaction,2334 
336,113,received,transaction,2333 
336,116,received,transaction,2334 
336,105,received,transaction,2334 
338,101,received,transaction,2334 
338,103,received,transaction,2334 
338,111,received,transaction,2334 
339, 100,Appended, Transaction, 2335
339, 100, broadcasting, data, 2335
340,107,received,transaction,2334 
340,118,received,transaction,2335 
341,109,received,transaction,2334 
341,104,received,transaction,2334 
341,112,received,transaction,2334 
341,105,received,transaction,2335 
341,109,received,transaction,2335 
342,103,received,transaction,2335 
342,107,received,transaction,2335 
343,101,received,transaction,2333 
344,101,received,transaction,2335 
344,102,received,transaction,2335 
345,108,received,transaction,2335 
345,114,received,transaction,2334 
346,117,received,transaction,2334 
347,112,received,transaction,2335 
347,106,received,transaction,2335 
347,115,received,transaction,2334 
348,114,received,transaction,2335 
349,115,received,transaction,2335 
349,113,received,transaction,2335 
349,117,received,transaction,2335 
349, 100,Appended, Transaction, 2336
349, 100, broadcasting, data, 2336
350,106,received,transaction,2336 
350,118,received,transaction,2336 
351,105,received,transaction,2336 
351,109,received,transaction,2336 
351,112,received,transaction,2336 
352,110,received,transaction,2336 
352,113,received,transaction,2336 
353,116,received,transaction,2335 
353,104,received,transaction,2336 
354,110,received,transaction,2335 
354,101,received,transaction,2336 
356,116,received,transaction,2336 
356,111,received,transaction,2336 
357,107,received,transaction,2336 
357,103,received,transaction,2336 
358,108,received,transaction,2336 
358,117,received,transaction,2336 
359,111,received,transaction,2335 
359, 100,Appended, Transaction, 2337
359, 100, broadcasting, data, 2337
360,104,received,transaction,2335 
360,105,received,transaction,2337 
360,109,received,transaction,2337 
360,110,received,transaction,2337 
361,112,received,transaction,2337 
361,116,received,transaction,2337 
362,118,received,transaction,2337 
362,103,received,transaction,2337 
362,115,received,transaction,2337 
363,102,received,transaction,2336 
364,115,received,transaction,2336 
365,104,received,transaction,2337 
366,102,received,transaction,2337 
367,101,received,transaction,2337 
368,106,received,transaction,2337 
368,108,received,transaction,2337 
369, 100,Appended, Transaction, 2338
369, 100, broadcasting, data, 2338
370,103,received,transaction,2338 
370,114,received,transaction,2338 
370,106,received,transaction,2338 
370,110,received,transaction,2338 
371,114,received,transaction,2336 
371,109,received,transaction,2338 
372,107,received,transaction,2337 
372,112,received,transaction,2338 
372,113,received,transaction,2337 
373,104,received,transaction,2338 
373,111,received,transaction,2337 
373,114,received,transaction,2337 
374,101,received,transaction,2338 
374,111,received,transaction,2338 
374,117,received,transaction,2337 
374,107,received,transaction,2338 
376,102,received,transaction,2338 
378,118,received,transaction,2338 
378,117,received,transaction,2338 
378,116,received,transaction,2338 
379, 100,Appended, Transaction, 2339
379, 100, broadcasting, data, 2339
380,118,received,transaction,2339 
380,114,received,transaction,2339 
381,104,received,transaction,2339 
381,113,received,transaction,2338 
381,116,received,transaction,2339 
381,105,received,transaction,2339 
382,105,received,transaction,2338 
383,103,received,transaction,2339 
384,102,received,transaction,2339 
385,117,received,transaction,2339 
386,115,received,transaction,2339 
387,101,received,transaction,2339 
387,107,received,transaction,2339 
387,112,received,transaction,2339 
387,106,received,transaction,2339 
388,109,received,transaction,2339 
389, 100,Appended, Transaction, 2340
389, 100, broadcasting, data, 2340
389,108,received,transaction,2338 
389,115,received,transaction,2338 
390,116,received,transaction,2340 
390,106,received,transaction,2340 
390,110,received,transaction,2340 
390,118,received,transaction,2340 
390,114,received,transaction,2340 
391,104,received,transaction,2340 
391,112,received,transaction,2340 
391,105,received,transaction,2340 
392,113,received,transaction,2339 
392,103,received,transaction,2340 
394,115,received,transaction,2340 
394,101,received,transaction,2340 
395,107,received,transaction,2340 
396,110,received,transaction,2339 
397,117,received,transaction,2340 
398,113,received,transaction,2340 
399, 100,Appended, Transaction, 2341
399, 100, broadcasting, data, 2341
399,106,received,transaction,2341 
399,111,received,transaction,2339 
400,102,received,transaction,2340 
400,110,received,transaction,2341 
400,118,received,transaction,2341 
401,109,received,transaction,2341 
401,112,received,transaction,2341 
401,115,received,transaction,2341 
401,109,received,transaction,2340 
401,108,received,transaction,2340 
402,103,received,transaction,2341 
402,108,received,transaction,2339 
402,107,received,transaction,2341 
404,101,received,transaction,2341 
404,102,received,transaction,2341 
404,113,received,transaction,2341 
404,114,received,transaction,2341 
407,105,received,transaction,2341 
409, 100,Appended, Transaction, 2342
409, 100, broadcasting, data, 2342
409,104,received,transaction,2342 
410,116,received,transaction,2342 
410,110,received,transaction,2342 
410,118,received,transaction,2342 
410,115,received,transaction,2342 
410,111,received,transaction,2340 
411,112,received,transaction,2342 
412,103,received,transaction,2342 
412,108,received,transaction,2341 
412,105,received,transaction,2342 
412,113,received,transaction,2342 
413,109,received,transaction,2342 
413,111,received,transaction,2341 
414,101,received,transaction,2342 
414,102,received,transaction,2342 
414,111,received,transaction,2342 
414,114,received,transaction,2342 
415,116,received,transaction,2341 
417,104,received,transaction,2341 
417,108,received,transaction,2342 
417,117,received,transaction,2342 
419, 100,Appended, Transaction, 2343
419, 100, broadcasting, data, 2343
419,109,received,transaction,2343 
420,110,received,transaction,2343 
420,118,received,transaction,2343 
421,112,received,transaction,2343 
421,116,received,transaction,2343 
422,103,received,transaction,2343 
422,102,received,transaction,2343 
423,104,received,transaction,2343 
424,106,received,transaction,2343 
425,101,received,transaction,2343 
425,111,received,transaction,2343 
425,107,received,transaction,2343 
426,114,received,transaction,2343 
426,105,received,transaction,2343 
428,108,received,transaction,2343 
428,117,received,transaction,2343 
428,113,received,transaction,2343 
428,106,received,transaction,2342 
429, 100,Appended, Transaction, 2344
429, 100, broadcasting, data, 2344
430,110,received,transaction,2344 
430,118,received,transaction,2344 
430,117,received,transaction,2341 
431,109,received,transaction,2344 
431,107,received,transaction,2342 
431,115,received,transaction,2344 
431,116,received,transaction,2344 
432,105,received,transaction,2344 
432,115,received,transaction,2343 
433,104,received,transaction,2344 
434,111,received,transaction,2344 
435,117,received,transaction,2344 
437,107,received,transaction,2344 
438,114,received,transaction,2344 
439, 100,Appended, Transaction, 2345
439, 100, broadcasting, data, 2345
439,118,received,transaction,2345 
441,105,received,transaction,2345 
441,112,received,transaction,2345 
441,115,received,transaction,2345 
441,102,received,transaction,2345 
441,106,received,transaction,2344 
442,103,received,transaction,2345 
442,111,received,transaction,2345 
443,104,received,transaction,2345 
443,109,received,transaction,2345 
444,101,received,transaction,2345 
444,113,received,transaction,2345 
444,114,received,transaction,2345 
444,107,received,transaction,2345 
444,108,received,transaction,2344 
445,112,received,transaction,2344 
445,101,received,transaction,2344 
445,113,received,transaction,2344 
447,102,received,transaction,2344 
448,117,received,transaction,2345 
449,108,received,transaction,2345 
449, 100,Appended, Transaction, 2346
449, 100, broadcasting, data, 2346
449,117,received,transaction,2346 
449,106,received,transaction,2346 
449,109,received,transaction,2346 
449,106,received,transaction,2345 
450,110,received,transaction,2346 
450,118,received,transaction,2346 
451,115,received,transaction,2346 
452,103,received,transaction,2346 
452,110,received,transaction,2345 
453,114,received,transaction,2346 
454,102,received,transaction,2346 
454,101,received,transaction,2346 
455,105,received,transaction,2346 
456,103,received,transaction,2344 
458,116,received,transaction,2345 
458,113,received,transaction,2346 
458,108,received,transaction,2346 
458,107,received,transaction,2346 
459, 100,Appended, Transaction, 2347
459, 100, broadcasting, data, 2347
459,112,received,transaction,2346 
459,116,received,transaction,2346 
460,110,received,transaction,2347 
461,116,received,transaction,2347 
461,111,received,transaction,2346 
461,106,received,transaction,2347 
461,103,received,transaction,2347 
463,109,received,transaction,2347 
463,104,received,transaction,2347 
464,102,received,transaction,2347 
466,105,received,transaction,2347 
466,112,received,transaction,2347 
469, 100,Appended, Transaction, 2348
469, 100, broadcasting, data, 2348
470,106,received,transaction,2348 
470,110,received,transaction,2348 
470,118,received,transaction,2348 
470,107,received,transaction,2347 
470,101,received,transaction,2347 
470,104,received,transaction,2346 
471,115,received,transaction,2348 
471,116,received,transaction,2348 
472,103,received,transaction,2348 
472,101,received,transaction,2348 
472,118,received,transaction,2347 
472,105,received,transaction,2348 
473,114,received,transaction,2347 
473,114,received,transaction,2348 
474,111,received,transaction,2347 
475,115,received,transaction,2347 
475,104,received,transaction,2348 
476,102,received,transaction,2348 
477,111,received,transaction,2348 
478, 100,Appended, Transaction, 2349
478, 100, broadcasting, data, 2349
479,106,received,transaction,2349 
479,110,received,transaction,2349 
480,109,received,transaction,2349 
480,117,received,transaction,2348 
480,118,received,transaction,2349 
480,107,received,transaction,2348 
481,113,received,transaction,2347 
481,115,received,transaction,2349 
482,112,received,transaction,2348 
483,107,received,transaction,2349 
483,111,received,transaction,2349 
484,114,received,transaction,2349 
484,113,received,transaction,2348 
485,108,received,transaction,2348 
485,117,received,transaction,2347 
485,116,received,transaction,2349 
487,113,received,transaction,2349 
487,108,received,transaction,2347 
487,108,received,transaction,2349 
488,109,received,transaction,2348 
488, 100,Appended, Transaction, 2350
488, 100, broadcasting, data, 2350
489,101,received,transaction,2350 
489,117,received,transaction,2349 
489,106,received,transaction,2350 
489,110,received,transaction,2350 
489,118,received,transaction,2350 
490,101,received,transaction,2349 
490,108,received,transaction,2350 
490,105,received,transaction,2350 
490,109,received,transaction,2350 
490,112,received,transaction,2350 
491,112,received,transaction,2349 
493,116,received,transaction,2350 
493,102,received,transaction,2350 
494,104,received,transaction,2349 
494,117,received,transaction,2350 
495,105,received,transaction,2349 
496,114,received,transaction,2350 
498,102,received,transaction,2349 
498,103,received,transaction,2350 
499, 100,Appended, Transaction, 2351
499, 100, broadcasting, data, 2351
499,103,received,transaction,2351 
Simulation ended
