0,100, generated, node, -
0,101, generated, node, -
0,102, generated, node, -
0,103, generated, node, -
0,104, generated, node, -
0,105, generated, node, -
0,106, generated, node, -
0,107, generated, node, -
0,108, generated, node, -
0,109, generated, node, -
0,110, generated, node, -
0,111, generated, node, -
0,112, generated, node, -
0,113, generated, node, -
0,114, generated, node, -
0,115, generated, node, -
0,116, generated, node, -
0,117, generated, node, -
0,118, generated, node, -
0, 108,Appended, Transaction, 2301
0, 108, broadcasting, data, 2301
0,118,received,transaction,2301 
1,105,received,transaction,2301 
1,114,received,transaction,2301 
1,116,received,transaction,2301 
2,103,received,transaction,2301 
3,117,received,transaction,2301 
4,109,received,transaction,2301 
6,107,received,transaction,2301 
6,115,received,transaction,2301 
6,104,received,transaction,2301 
7,102,received,transaction,2301 
7,112,received,transaction,2301 
7,100,received,transaction,2301 
8,101,received,transaction,2301 
9, 111,Appended, Transaction, 2302
9, 111, broadcasting, data, 2302
11,106,received,transaction,2301 
11,105,received,transaction,2302 
11,106,received,transaction,2302 
11,110,received,transaction,2302 
11,114,received,transaction,2302 
12,100,received,transaction,2302 
12,101,received,transaction,2302 
12,103,received,transaction,2302 
12,112,received,transaction,2302 
14,113,received,transaction,2302 
14,107,received,transaction,2302 
14,118,received,transaction,2302 
15,111,received,transaction,2301 
15,109,received,transaction,2302 
17,108,received,transaction,2302 
17,117,received,transaction,2302 
18,104,received,transaction,2302 
19, 114,Appended, Transaction, 2303
19, 114, broadcasting, data, 2303
20,115,received,transaction,2303 
20,108,received,transaction,2303 
20,117,received,transaction,2303 
20,111,received,transaction,2303 
21,110,received,transaction,2303 
22,116,received,transaction,2302 
22,113,received,transaction,2303 
22,110,received,transaction,2301 
22,116,received,transaction,2303 
23,102,received,transaction,2302 
24,106,received,transaction,2303 
24,118,received,transaction,2303 
25,109,received,transaction,2303 
26,103,received,transaction,2303 
27,102,received,transaction,2303 
28,104,received,transaction,2303 
28,113,received,transaction,2301 
29,112,received,transaction,2303 
30, 102,Appended, Transaction, 2304
30, 102, broadcasting, data, 2304
30,118,received,transaction,2304 
30,101,received,transaction,2304 
30,115,received,transaction,2302 
31,108,received,transaction,2304 
31,105,received,transaction,2303 
32,111,received,transaction,2304 
32,113,received,transaction,2304 
32,106,received,transaction,2304 
33,107,received,transaction,2304 
33,114,received,transaction,2304 
34,110,received,transaction,2304 
34,101,received,transaction,2303 
34,107,received,transaction,2303 
35,100,received,transaction,2304 
35,109,received,transaction,2304 
35,117,received,transaction,2304 
36,115,received,transaction,2304 
37,103,received,transaction,2304 
37,112,received,transaction,2304 
37,116,received,transaction,2304 
39, 103,Appended, Transaction, 2305
39, 103, broadcasting, data, 2305
40,101,received,transaction,2305 
41,106,received,transaction,2305 
41,116,received,transaction,2305 
42,115,received,transaction,2305 
42,100,received,transaction,2303 
42,118,received,transaction,2305 
43,104,received,transaction,2304 
43,109,received,transaction,2305 
44,111,received,transaction,2305 
44,117,received,transaction,2305 
45,112,received,transaction,2305 
45,104,received,transaction,2305 
46,113,received,transaction,2305 
46,102,received,transaction,2305 
46,114,received,transaction,2305 
48,105,received,transaction,2304 
48,107,received,transaction,2305 
48,105,received,transaction,2305 
