0,100, generated, node, -
0,101, generated, node, -
0,102, generated, node, -
0,103, generated, node, -
0,104, generated, node, -
0,105, generated, node, -
0,106, generated, node, -
0,107, generated, node, -
0,108, generated, node, -
0,109, generated, node, -
0,110, generated, node, -
0,111, generated, node, -
0,112, generated, node, -
0,113, generated, node, -
0,114, generated, node, -
0,115, generated, node, -
0,116, generated, node, -
0,117, generated, node, -
0,118, generated, node, -
0, 100,Appended, Transaction, 2301
0, 100, broadcasting, data, 2301
1,106,received,transaction,2301 
1,113,received,transaction,2301 
1,116,received,transaction,2301 
2,109,received,transaction,2301 
2,115,received,transaction,2301 
2,118,received,transaction,2301 
2,112,received,transaction,2301 
3,103,received,transaction,2301 
3,105,received,transaction,2301 
4,104,received,transaction,2301 
4,107,received,transaction,2301 
4,110,received,transaction,2301 
5,114,received,transaction,2301 
9,117,received,transaction,2301 
10, 100,Appended, Transaction, 2302
10, 100, broadcasting, data, 2302
10,118,received,transaction,2302 
11,105,received,transaction,2302 
11,117,received,transaction,2302 
11,110,received,transaction,2302 
12,109,received,transaction,2302 
12,115,received,transaction,2302 
12,116,received,transaction,2302 
12,108,received,transaction,2301 
14,111,received,transaction,2301 
14,101,received,transaction,2302 
16,112,received,transaction,2302 
18,108,received,transaction,2302 
18,102,received,transaction,2301 
19,113,received,transaction,2302 
19, 100,Appended, Transaction, 2303
19, 100, broadcasting, data, 2303
20,103,received,transaction,2302 
20,106,received,transaction,2303 
21,101,received,transaction,2301 
21,105,received,transaction,2303 
21,112,received,transaction,2303 
22,118,received,transaction,2303 
22,107,received,transaction,2302 
23,104,received,transaction,2303 
24,114,received,transaction,2303 
24,111,received,transaction,2302 
24,106,received,transaction,2302 
24,113,received,transaction,2303 
25,114,received,transaction,2302 
25,110,received,transaction,2303 
25,104,received,transaction,2302 
27,107,received,transaction,2303 
30, 100,Appended, Transaction, 2304
30, 100, broadcasting, data, 2304
30,115,received,transaction,2303 
31,106,received,transaction,2304 
31,118,received,transaction,2304 
31,111,received,transaction,2303 
31,104,received,transaction,2304 
31,113,received,transaction,2304 
31,116,received,transaction,2303 
31,102,received,transaction,2303 
31,101,received,transaction,2303 
32,116,received,transaction,2304 
32,115,received,transaction,2304 
32,102,received,transaction,2304 
33,102,received,transaction,2302 
34,108,received,transaction,2304 
34,109,received,transaction,2303 
35,108,received,transaction,2303 
35,109,received,transaction,2304 
35,114,received,transaction,2304 
36,103,received,transaction,2304 
36,103,received,transaction,2303 
37,112,received,transaction,2304 
37,105,received,transaction,2304 
37,110,received,transaction,2304 
39,117,received,transaction,2304 
40, 100,Appended, Transaction, 2305
40, 100, broadcasting, data, 2305
41,106,received,transaction,2305 
41,110,received,transaction,2305 
41,118,received,transaction,2305 
42,105,received,transaction,2305 
42,115,received,transaction,2305 
43,103,received,transaction,2305 
43,113,received,transaction,2305 
43,111,received,transaction,2304 
43,117,received,transaction,2303 
44,104,received,transaction,2305 
45,101,received,transaction,2305 
45,107,received,transaction,2304 
46,114,received,transaction,2305 
47,102,received,transaction,2305 
48,109,received,transaction,2305 
49,111,received,transaction,2305 
50, 100,Appended, Transaction, 2306
50, 100, broadcasting, data, 2306
51,116,received,transaction,2305 
51,106,received,transaction,2306 
51,118,received,transaction,2306 
52,105,received,transaction,2306 
52,112,received,transaction,2306 
53,112,received,transaction,2305 
54,108,received,transaction,2306 
55,101,received,transaction,2306 
55,111,received,transaction,2306 
55,113,received,transaction,2306 
57,114,received,transaction,2306 
57,101,received,transaction,2304 
59,117,received,transaction,2306 
59,107,received,transaction,2306 
60,115,received,transaction,2306 
60,117,received,transaction,2305 
60, 100,Appended, Transaction, 2307
60, 100, broadcasting, data, 2307
60,110,received,transaction,2306 
60,101,received,transaction,2307 
60,102,received,transaction,2306 
61,118,received,transaction,2307 
61,107,received,transaction,2305 
61,104,received,transaction,2306 
62,105,received,transaction,2307 
62,108,received,transaction,2305 
62,109,received,transaction,2307 
62,112,received,transaction,2307 
62,115,received,transaction,2307 
62,116,received,transaction,2307 
62,108,received,transaction,2307 
62,116,received,transaction,2306 
63,103,received,transaction,2306 
64,109,received,transaction,2306 
64,104,received,transaction,2307 
67,114,received,transaction,2307 
67,110,received,transaction,2307 
67,102,received,transaction,2307 
69,103,received,transaction,2307 
70, 100,Appended, Transaction, 2308
70, 100, broadcasting, data, 2308
70,113,received,transaction,2307 
70,102,received,transaction,2308 
71,106,received,transaction,2308 
72,105,received,transaction,2308 
72,109,received,transaction,2308 
72,116,received,transaction,2308 
72,106,received,transaction,2307 
73,111,received,transaction,2307 
73,103,received,transaction,2308 
73,114,received,transaction,2308 
73,110,received,transaction,2308 
74,117,received,transaction,2308 
74,117,received,transaction,2307 
75,101,received,transaction,2308 
75,113,received,transaction,2308 
76,107,received,transaction,2307 
76,104,received,transaction,2308 
78,107,received,transaction,2308 
78,111,received,transaction,2308 
80, 100,Appended, Transaction, 2309
80, 100, broadcasting, data, 2309
80,102,received,transaction,2309 
80,111,received,transaction,2309 
81,106,received,transaction,2309 
81,110,received,transaction,2309 
81,118,received,transaction,2309 
82,112,received,transaction,2309 
82,105,received,transaction,2309 
83,115,received,transaction,2309 
83,118,received,transaction,2308 
83,115,received,transaction,2308 
83,103,received,transaction,2309 
87,114,received,transaction,2309 
88,107,received,transaction,2309 
88,117,received,transaction,2309 
88,108,received,transaction,2308 
89,112,received,transaction,2308 
90, 100,Appended, Transaction, 2310
90, 100, broadcasting, data, 2310
90,104,received,transaction,2310 
91,118,received,transaction,2310 
92,115,received,transaction,2310 
92,112,received,transaction,2310 
92,116,received,transaction,2310 
92,109,received,transaction,2309 
92,110,received,transaction,2310 
93,103,received,transaction,2310 
94,101,received,transaction,2309 
94,105,received,transaction,2310 
94,102,received,transaction,2310 
95,101,received,transaction,2310 
95,113,received,transaction,2310 
95,114,received,transaction,2310 
95,116,received,transaction,2309 
97,106,received,transaction,2310 
98,107,received,transaction,2310 
98,108,received,transaction,2309 
99,108,received,transaction,2310 
100, 100,Appended, Transaction, 2311
100, 100, broadcasting, data, 2311
100,115,received,transaction,2311 
100,113,received,transaction,2309 
101,109,received,transaction,2310 
101,106,received,transaction,2311 
102,116,received,transaction,2311 
102,117,received,transaction,2310 
102,104,received,transaction,2311 
103,111,received,transaction,2310 
104,113,received,transaction,2311 
104,108,received,transaction,2311 
104,107,received,transaction,2311 
105,102,received,transaction,2311 
106,110,received,transaction,2311 
106,118,received,transaction,2311 
107,101,received,transaction,2311 
108,114,received,transaction,2311 
108,104,received,transaction,2309 
109,117,received,transaction,2311 
110, 100,Appended, Transaction, 2312
110, 100, broadcasting, data, 2312
111,106,received,transaction,2312 
111,118,received,transaction,2312 
111,111,received,transaction,2312 
112,105,received,transaction,2312 
112,112,received,transaction,2312 
113,105,received,transaction,2311 
113,111,received,transaction,2311 
113,103,received,transaction,2312 
113,110,received,transaction,2312 
113,112,received,transaction,2311 
114,109,received,transaction,2311 
114,104,received,transaction,2312 
114,108,received,transaction,2312 
115,103,received,transaction,2311 
115,102,received,transaction,2312 
115,113,received,transaction,2312 
115,114,received,transaction,2312 
117,115,received,transaction,2312 
118,107,received,transaction,2312 
118,109,received,transaction,2312 
120, 100,Appended, Transaction, 2313
120, 100, broadcasting, data, 2313
121,118,received,transaction,2313 
121,102,received,transaction,2313 
121,114,received,transaction,2313 
122,112,received,transaction,2313 
122,115,received,transaction,2313 
122,116,received,transaction,2313 
123,101,received,transaction,2312 
124,106,received,transaction,2313 
124,110,received,transaction,2313 
125,101,received,transaction,2313 
127,104,received,transaction,2313 
127,113,received,transaction,2313 
127,107,received,transaction,2313 
127,108,received,transaction,2313 
130, 100,Appended, Transaction, 2314
130, 100, broadcasting, data, 2314
131,110,received,transaction,2314 
131,103,received,transaction,2313 
131,105,received,transaction,2313 
132,111,received,transaction,2313 
132,105,received,transaction,2314 
132,112,received,transaction,2314 
132,116,received,transaction,2314 
132,118,received,transaction,2314 
132,109,received,transaction,2313 
133,115,received,transaction,2314 
134,113,received,transaction,2314 
135,107,received,transaction,2314 
135,111,received,transaction,2314 
136,117,received,transaction,2312 
136,117,received,transaction,2314 
136,116,received,transaction,2312 
137,106,received,transaction,2314 
138,102,received,transaction,2314 
138,103,received,transaction,2314 
139,108,received,transaction,2314 
140, 100,Appended, Transaction, 2315
140, 100, broadcasting, data, 2315
140,114,received,transaction,2314 
141,104,received,transaction,2314 
141,106,received,transaction,2315 
141,110,received,transaction,2315 
141,118,received,transaction,2315 
142,116,received,transaction,2315 
142,117,received,transaction,2313 
142,115,received,transaction,2315 
142,105,received,transaction,2315 
143,109,received,transaction,2314 
143,112,received,transaction,2315 
144,101,received,transaction,2314 
145,117,received,transaction,2315 
145,114,received,transaction,2315 
147,111,received,transaction,2315 
147,102,received,transaction,2315 
148,107,received,transaction,2315 
150, 100,Appended, Transaction, 2316
150, 100, broadcasting, data, 2316
150,101,received,transaction,2315 
151,106,received,transaction,2316 
151,110,received,transaction,2316 
152,115,received,transaction,2316 
152,116,received,transaction,2316 
152,104,received,transaction,2315 
154,105,received,transaction,2316 
154,104,received,transaction,2316 
155,109,received,transaction,2315 
155,101,received,transaction,2316 
155,111,received,transaction,2316 
155,103,received,transaction,2316 
156,109,received,transaction,2316 
157,103,received,transaction,2315 
157,113,received,transaction,2315 
158,118,received,transaction,2316 
159,117,received,transaction,2316 
159,113,received,transaction,2316 
160, 100,Appended, Transaction, 2317
160, 100, broadcasting, data, 2317
160,112,received,transaction,2316 
160,102,received,transaction,2317 
160,112,received,transaction,2317 
161,106,received,transaction,2317 
161,110,received,transaction,2317 
162,111,received,transaction,2317 
162,109,received,transaction,2317 
162,116,received,transaction,2317 
162,108,received,transaction,2315 
163,107,received,transaction,2316 
163,108,received,transaction,2316 
164,114,received,transaction,2317 
164,114,received,transaction,2316 
164,118,received,transaction,2317 
165,104,received,transaction,2317 
166,115,received,transaction,2317 
168,103,received,transaction,2317 
169,102,received,transaction,2316 
169,108,received,transaction,2317 
169,101,received,transaction,2317 
170, 100,Appended, Transaction, 2318
170, 100, broadcasting, data, 2318
170,115,received,transaction,2318 
171,106,received,transaction,2318 
171,110,received,transaction,2318 
172,104,received,transaction,2318 
172,105,received,transaction,2318 
172,116,received,transaction,2318 
172,102,received,transaction,2318 
172,112,received,transaction,2318 
172,103,received,transaction,2318 
173,109,received,transaction,2318 
175,111,received,transaction,2318 
175,117,received,transaction,2317 
176,107,received,transaction,2317 
177,118,received,transaction,2318 
177,101,received,transaction,2318 
178,107,received,transaction,2318 
178,105,received,transaction,2317 
180, 100,Appended, Transaction, 2319
180, 100, broadcasting, data, 2319
180,114,received,transaction,2319 
181,108,received,transaction,2318 
181,105,received,transaction,2319 
181,106,received,transaction,2319 
181,110,received,transaction,2319 
181,118,received,transaction,2319 
181,116,received,transaction,2319 
182,109,received,transaction,2319 
182,115,received,transaction,2319 
184,117,received,transaction,2318 
185,113,received,transaction,2319 
186,108,received,transaction,2319 
187,112,received,transaction,2319 
187,114,received,transaction,2318 
188,113,received,transaction,2318 
190,104,received,transaction,2319 
190, 100,Appended, Transaction, 2320
190, 100, broadcasting, data, 2320
190,112,received,transaction,2320 
191,117,received,transaction,2319 
191,101,received,transaction,2319 
191,106,received,transaction,2320 
191,110,received,transaction,2320 
191,118,received,transaction,2320 
191,103,received,transaction,2320 
192,111,received,transaction,2319 
192,105,received,transaction,2320 
192,109,received,transaction,2320 
192,115,received,transaction,2320 
195,101,received,transaction,2320 
196,116,received,transaction,2320 
196,113,received,transaction,2317 
198,107,received,transaction,2320 
199,108,received,transaction,2320 
199,117,received,transaction,2320 
200, 100,Appended, Transaction, 2321
200, 100, broadcasting, data, 2321
201,110,received,transaction,2321 
201,118,received,transaction,2321 
201,102,received,transaction,2319 
202,101,received,transaction,2321 
202,115,received,transaction,2321 
202,105,received,transaction,2321 
202,112,received,transaction,2321 
202,116,received,transaction,2321 
202,111,received,transaction,2320 
202,113,received,transaction,2320 
203,102,received,transaction,2320 
203,114,received,transaction,2320 
204,117,received,transaction,2321 
204,103,received,transaction,2321 
206,104,received,transaction,2320 
206,107,received,transaction,2319 
207,103,received,transaction,2319 
209,104,received,transaction,2321 
210,113,received,transaction,2321 
210, 100,Appended, Transaction, 2322
210, 100, broadcasting, data, 2322
211,107,received,transaction,2321 
212,105,received,transaction,2322 
212,118,received,transaction,2322 
214,110,received,transaction,2322 
215,111,received,transaction,2322 
215,102,received,transaction,2322 
216,114,received,transaction,2322 
216,117,received,transaction,2322 
217,101,received,transaction,2322 
217,106,received,transaction,2322 
217,103,received,transaction,2322 
218,102,received,transaction,2321 
218,107,received,transaction,2322 
219,106,received,transaction,2321 
219,108,received,transaction,2322 
219,108,received,transaction,2321 
219,109,received,transaction,2321 
220,109,received,transaction,2322 
220,112,received,transaction,2322 
220,115,received,transaction,2322 
220, 100,Appended, Transaction, 2323
220, 100, broadcasting, data, 2323
221,113,received,transaction,2322 
221,114,received,transaction,2321 
222,114,received,transaction,2323 
222,117,received,transaction,2323 
222,105,received,transaction,2323 
222,109,received,transaction,2323 
222,104,received,transaction,2322 
222,110,received,transaction,2323 
223,106,received,transaction,2323 
224,118,received,transaction,2323 
224,104,received,transaction,2323 
225,102,received,transaction,2323 
225,101,received,transaction,2323 
225,111,received,transaction,2323 
226,116,received,transaction,2323 
229,111,received,transaction,2321 
230, 100,Appended, Transaction, 2324
230, 100, broadcasting, data, 2324
230,109,received,transaction,2324 
230,108,received,transaction,2323 
231,113,received,transaction,2324 
231,106,received,transaction,2324 
231,116,received,transaction,2322 
232,105,received,transaction,2324 
232,115,received,transaction,2324 
233,101,received,transaction,2324 
234,103,received,transaction,2324 
234,113,received,transaction,2323 
235,112,received,transaction,2324 
235,107,received,transaction,2323 
235,102,received,transaction,2324 
236,103,received,transaction,2323 
237,104,received,transaction,2324 
238,110,received,transaction,2324 
238,115,received,transaction,2323 
240,112,received,transaction,2323 
240, 100,Appended, Transaction, 2325
240, 100, broadcasting, data, 2325
240,102,received,transaction,2325 
241,107,received,transaction,2324 
241,110,received,transaction,2325 
242,107,received,transaction,2325 
242,112,received,transaction,2325 
243,117,received,transaction,2324 
244,109,received,transaction,2325 
244,105,received,transaction,2325 
244,111,received,transaction,2324 
244,116,received,transaction,2325 
244,115,received,transaction,2325 
245,114,received,transaction,2324 
245,111,received,transaction,2325 
245,114,received,transaction,2325 
245,108,received,transaction,2324 
245,116,received,transaction,2324 
247,118,received,transaction,2324 
247,104,received,transaction,2325 
249,108,received,transaction,2325 
250, 100,Appended, Transaction, 2326
250, 100, broadcasting, data, 2326
250,101,received,transaction,2325 
250,101,received,transaction,2326 
251,112,received,transaction,2326 
251,118,received,transaction,2326 
251,103,received,transaction,2325 
253,109,received,transaction,2326 
253,106,received,transaction,2326 
253,103,received,transaction,2326 
253,115,received,transaction,2326 
254,111,received,transaction,2326 
254,105,received,transaction,2326 
254,118,received,transaction,2325 
254,107,received,transaction,2326 
255,102,received,transaction,2326 
257,117,received,transaction,2325 
258,116,received,transaction,2326 
258,113,received,transaction,2325 
260,113,received,transaction,2326 
260,110,received,transaction,2326 
260, 100,Appended, Transaction, 2327
260, 100, broadcasting, data, 2327
261,116,received,transaction,2327 
261,106,received,transaction,2327 
261,110,received,transaction,2327 
261,118,received,transaction,2327 
261,104,received,transaction,2326 
261,106,received,transaction,2325 
262,105,received,transaction,2327 
262,114,received,transaction,2326 
264,113,received,transaction,2327 
264,108,received,transaction,2327 
264,104,received,transaction,2327 
264,109,received,transaction,2327 
265,117,received,transaction,2326 
266,108,received,transaction,2326 
267,114,received,transaction,2327 
268,107,received,transaction,2327 
269,111,received,transaction,2327 
269,117,received,transaction,2327 
270, 100,Appended, Transaction, 2328
270, 100, broadcasting, data, 2328
270,112,received,transaction,2327 
270,102,received,transaction,2327 
270,116,received,transaction,2328 
271,106,received,transaction,2328 
271,118,received,transaction,2328 
272,105,received,transaction,2328 
272,109,received,transaction,2328 
273,102,received,transaction,2328 
273,117,received,transaction,2328 
274,115,received,transaction,2327 
274,115,received,transaction,2328 
274,107,received,transaction,2328 
274,111,received,transaction,2328 
275,113,received,transaction,2328 
275,114,received,transaction,2328 
276,101,received,transaction,2327 
279,101,received,transaction,2328 
280, 100,Appended, Transaction, 2329
280, 100, broadcasting, data, 2329
280,108,received,transaction,2328 
280,101,received,transaction,2329 
281,104,received,transaction,2328 
281,106,received,transaction,2329 
281,110,received,transaction,2329 
282,105,received,transaction,2329 
282,109,received,transaction,2329 
282,112,received,transaction,2328 
283,111,received,transaction,2329 
284,104,received,transaction,2329 
284,103,received,transaction,2328 
285,117,received,transaction,2329 
286,116,received,transaction,2329 
287,107,received,transaction,2329 
288,103,received,transaction,2327 
289,110,received,transaction,2328 
290,115,received,transaction,2329 
290, 100,Appended, Transaction, 2330
290, 100, broadcasting, data, 2330
290,108,received,transaction,2330 
291,106,received,transaction,2330 
291,110,received,transaction,2330 
291,118,received,transaction,2330 
291,118,received,transaction,2329 
292,105,received,transaction,2330 
292,113,received,transaction,2329 
292,116,received,transaction,2330 
294,104,received,transaction,2330 
294,114,received,transaction,2329 
295,114,received,transaction,2330 
295,117,received,transaction,2330 
296,112,received,transaction,2329 
297,102,received,transaction,2330 
297,103,received,transaction,2329 
298,107,received,transaction,2330 
299,112,received,transaction,2330 
300,101,received,transaction,2330 
300, 100,Appended, Transaction, 2331
300, 100, broadcasting, data, 2331
300,109,received,transaction,2330 
300,111,received,transaction,2330 
301,106,received,transaction,2331 
301,118,received,transaction,2331 
302,103,received,transaction,2330 
302,115,received,transaction,2331 
302,116,received,transaction,2331 
302,102,received,transaction,2329 
303,113,received,transaction,2331 
303,107,received,transaction,2331 
304,117,received,transaction,2331 
305,111,received,transaction,2331 
307,113,received,transaction,2330 
307,110,received,transaction,2331 
308,114,received,transaction,2331 
308,115,received,transaction,2330 
309,108,received,transaction,2331 
310,109,received,transaction,2331 
310, 100,Appended, Transaction, 2332
310, 100, broadcasting, data, 2332
310,112,received,transaction,2332 
310,101,received,transaction,2331 
311,110,received,transaction,2332 
311,118,received,transaction,2332 
311,106,received,transaction,2332 
311,112,received,transaction,2331 
311,102,received,transaction,2331 
312,103,received,transaction,2331 
312,105,received,transaction,2332 
312,115,received,transaction,2332 
313,103,received,transaction,2332 
314,101,received,transaction,2332 
315,105,received,transaction,2331 
315,116,received,transaction,2332 
315,111,received,transaction,2332 
315,113,received,transaction,2332 
319,108,received,transaction,2332 
319,108,received,transaction,2329 
320, 100,Appended, Transaction, 2333
320, 100, broadcasting, data, 2333
320,104,received,transaction,2333 
320,118,received,transaction,2333 
320,104,received,transaction,2331 
321,106,received,transaction,2333 
321,102,received,transaction,2332 
322,115,received,transaction,2333 
322,114,received,transaction,2332 
323,103,received,transaction,2333 
323,101,received,transaction,2333 
323,109,received,transaction,2333 
325,111,received,transaction,2333 
325,113,received,transaction,2333 
325,116,received,transaction,2333 
326,108,received,transaction,2333 
327,117,received,transaction,2333 
328,107,received,transaction,2333 
328,112,received,transaction,2333 
328,114,received,transaction,2333 
328,107,received,transaction,2332 
330, 100,Appended, Transaction, 2334
330, 100, broadcasting, data, 2334
330,109,received,transaction,2332 
331,118,received,transaction,2334 
331,104,received,transaction,2332 
331,105,received,transaction,2333 
331,117,received,transaction,2332 
332,110,received,transaction,2333 
332,105,received,transaction,2334 
332,109,received,transaction,2334 
332,107,received,transaction,2334 
332,116,received,transaction,2334 
332,112,received,transaction,2334 
333,102,received,transaction,2334 
334,104,received,transaction,2334 
334,102,received,transaction,2333 
335,101,received,transaction,2334 
335,113,received,transaction,2334 
335,111,received,transaction,2334 
335,103,received,transaction,2334 
336,114,received,transaction,2334 
337,110,received,transaction,2334 
338,106,received,transaction,2334 
338,108,received,transaction,2334 
339,117,received,transaction,2334 
340, 100,Appended, Transaction, 2335
340, 100, broadcasting, data, 2335
340,111,received,transaction,2335 
340,103,received,transaction,2335 
342,105,received,transaction,2335 
342,115,received,transaction,2335 
342,106,received,transaction,2335 
343,118,received,transaction,2335 
344,104,received,transaction,2335 
344,109,received,transaction,2335 
344,113,received,transaction,2335 
345,115,received,transaction,2334 
345,107,received,transaction,2335 
347,116,received,transaction,2335 
348,112,received,transaction,2335 
348,114,received,transaction,2335 
350, 100,Appended, Transaction, 2336
350, 100, broadcasting, data, 2336
351,106,received,transaction,2336 
351,110,received,transaction,2336 
352,117,received,transaction,2335 
352,115,received,transaction,2336 
352,109,received,transaction,2336 
352,110,received,transaction,2335 
352,101,received,transaction,2335 
352,102,received,transaction,2335 
353,103,received,transaction,2336 
353,116,received,transaction,2336 
354,117,received,transaction,2336 
354,104,received,transaction,2336 
354,101,received,transaction,2336 
355,113,received,transaction,2336 
355,102,received,transaction,2336 
357,108,received,transaction,2336 
357,112,received,transaction,2336 
359,108,received,transaction,2335 
360, 100,Appended, Transaction, 2337
360, 100, broadcasting, data, 2337
360,114,received,transaction,2336 
360,118,received,transaction,2337 
361,110,received,transaction,2337 
361,105,received,transaction,2336 
361,102,received,transaction,2337 
362,109,received,transaction,2337 
362,115,received,transaction,2337 
362,116,received,transaction,2337 
363,107,received,transaction,2336 
364,104,received,transaction,2337 
364,105,received,transaction,2337 
364,118,received,transaction,2336 
365,112,received,transaction,2337 
366,106,received,transaction,2337 
368,101,received,transaction,2337 
368,111,received,transaction,2336 
369,117,received,transaction,2337 
369,113,received,transaction,2337 
370, 100,Appended, Transaction, 2338
370, 100, broadcasting, data, 2338
371,107,received,transaction,2337 
371,110,received,transaction,2338 
371,103,received,transaction,2337 
371,103,received,transaction,2338 
372,109,received,transaction,2338 
372,112,received,transaction,2338 
372,115,received,transaction,2338 
372,116,received,transaction,2338 
372,113,received,transaction,2338 
372,106,received,transaction,2338 
374,111,received,transaction,2337 
374,114,received,transaction,2337 
375,118,received,transaction,2338 
378,111,received,transaction,2338 
379,117,received,transaction,2338 
380, 100,Appended, Transaction, 2339
380, 100, broadcasting, data, 2339
381,105,received,transaction,2339 
381,105,received,transaction,2338 
382,108,received,transaction,2337 
382,109,received,transaction,2339 
382,112,received,transaction,2339 
382,115,received,transaction,2339 
382,116,received,transaction,2339 
383,114,received,transaction,2338 
383,104,received,transaction,2339 
383,107,received,transaction,2338 
383,103,received,transaction,2339 
384,102,received,transaction,2338 
384,101,received,transaction,2338 
385,108,received,transaction,2338 
385,101,received,transaction,2339 
385,102,received,transaction,2339 
385,111,received,transaction,2339 
385,113,received,transaction,2339 
386,110,received,transaction,2339 
386,104,received,transaction,2338 
389,108,received,transaction,2339 
389,117,received,transaction,2339 
389,106,received,transaction,2339 
390, 100,Appended, Transaction, 2340
390, 100, broadcasting, data, 2340
391,110,received,transaction,2340 
391,118,received,transaction,2340 
392,111,received,transaction,2340 
392,109,received,transaction,2340 
392,115,received,transaction,2340 
392,116,received,transaction,2340 
392,114,received,transaction,2339 
393,118,received,transaction,2339 
394,105,received,transaction,2340 
394,103,received,transaction,2340 
395,102,received,transaction,2340 
395,107,received,transaction,2339 
396,114,received,transaction,2340 
398,107,received,transaction,2340 
398,104,received,transaction,2340 
399,112,received,transaction,2340 
400, 100,Appended, Transaction, 2341
400, 100, broadcasting, data, 2341
400,105,received,transaction,2341 
401,113,received,transaction,2340 
401,117,received,transaction,2340 
401,118,received,transaction,2341 
401,101,received,transaction,2340 
401,110,received,transaction,2341 
402,104,received,transaction,2341 
402,115,received,transaction,2341 
402,113,received,transaction,2341 
403,108,received,transaction,2341 
404,106,received,transaction,2340 
405,102,received,transaction,2341 
405,111,received,transaction,2341 
408,106,received,transaction,2341 
408,107,received,transaction,2341 
408,109,received,transaction,2341 
409,101,received,transaction,2341 
409,117,received,transaction,2341 
410, 100,Appended, Transaction, 2342
410, 100, broadcasting, data, 2342
411,118,received,transaction,2342 
411,103,received,transaction,2341 
412,116,received,transaction,2341 
412,105,received,transaction,2342 
412,109,received,transaction,2342 
412,112,received,transaction,2342 
414,104,received,transaction,2342 
414,114,received,transaction,2341 
415,102,received,transaction,2342 
415,108,received,transaction,2340 
416,110,received,transaction,2342 
416,116,received,transaction,2342 
417,112,received,transaction,2341 
418,115,received,transaction,2342 
418,106,received,transaction,2342 
418,113,received,transaction,2342 
419,117,received,transaction,2342 
420, 100,Appended, Transaction, 2343
420, 100, broadcasting, data, 2343
420,114,received,transaction,2343 
421,101,received,transaction,2342 
421,106,received,transaction,2343 
421,110,received,transaction,2343 
421,103,received,transaction,2342 
421,111,received,transaction,2342 
422,115,received,transaction,2343 
422,116,received,transaction,2343 
422,114,received,transaction,2342 
423,112,received,transaction,2343 
423,103,received,transaction,2343 
424,118,received,transaction,2343 
424,111,received,transaction,2343 
425,102,received,transaction,2343 
425,113,received,transaction,2343 
425,108,received,transaction,2342 
428,108,received,transaction,2343 
428,107,received,transaction,2342 
429,104,received,transaction,2343 
429,107,received,transaction,2343 
429,109,received,transaction,2343 
430, 100,Appended, Transaction, 2344
430, 100, broadcasting, data, 2344
432,105,received,transaction,2344 
432,112,received,transaction,2344 
432,116,received,transaction,2344 
432,111,received,transaction,2344 
432,109,received,transaction,2344 
433,103,received,transaction,2344 
434,107,received,transaction,2344 
435,113,received,transaction,2344 
436,101,received,transaction,2343 
437,117,received,transaction,2344 
438,118,received,transaction,2344 
439,106,received,transaction,2344 
439,114,received,transaction,2344 
440,105,received,transaction,2343 
440, 100,Appended, Transaction, 2345
440, 100, broadcasting, data, 2345
441,117,received,transaction,2343 
441,106,received,transaction,2345 
441,110,received,transaction,2345 
441,108,received,transaction,2344 
442,109,received,transaction,2345 
442,115,received,transaction,2345 
443,116,received,transaction,2345 
444,112,received,transaction,2345 
444,118,received,transaction,2345 
445,101,received,transaction,2345 
445,102,received,transaction,2345 
445,114,received,transaction,2345 
445,110,received,transaction,2344 
446,101,received,transaction,2344 
446,115,received,transaction,2344 
447,104,received,transaction,2344 
448,102,received,transaction,2344 
449,105,received,transaction,2345 
449,117,received,transaction,2345 
449,111,received,transaction,2345 
450, 100,Appended, Transaction, 2346
450, 100, broadcasting, data, 2346
451,118,received,transaction,2346 
451,106,received,transaction,2346 
451,110,received,transaction,2346 
452,115,received,transaction,2346 
452,107,received,transaction,2346 
455,101,received,transaction,2346 
455,102,received,transaction,2346 
455,111,received,transaction,2346 
455,114,received,transaction,2346 
455,103,received,transaction,2345 
456,113,received,transaction,2345 
456,104,received,transaction,2346 
457,104,received,transaction,2345 
457,112,received,transaction,2346 
458,103,received,transaction,2346 
460, 100,Appended, Transaction, 2347
460, 100, broadcasting, data, 2347
460,113,received,transaction,2346 
460,107,received,transaction,2345 
461,103,received,transaction,2347 
462,105,received,transaction,2346 
462,105,received,transaction,2347 
462,116,received,transaction,2346 
462,108,received,transaction,2345 
464,108,received,transaction,2346 
464,112,received,transaction,2347 
465,101,received,transaction,2347 
465,111,received,transaction,2347 
465,114,received,transaction,2347 
465,109,received,transaction,2346 
466,117,received,transaction,2346 
466,109,received,transaction,2347 
466,118,received,transaction,2347 
467,104,received,transaction,2347 
467,115,received,transaction,2347 
468,102,received,transaction,2347 
468,116,received,transaction,2347 
469,106,received,transaction,2347 
469,107,received,transaction,2347 
470, 100,Appended, Transaction, 2348
470, 100, broadcasting, data, 2348
470,110,received,transaction,2347 
470,108,received,transaction,2347 
471,118,received,transaction,2348 
471,101,received,transaction,2348 
472,109,received,transaction,2348 
472,115,received,transaction,2348 
472,105,received,transaction,2348 
473,103,received,transaction,2348 
475,113,received,transaction,2347 
475,102,received,transaction,2348 
475,111,received,transaction,2348 
475,113,received,transaction,2348 
475,114,received,transaction,2348 
477,110,received,transaction,2348 
478,116,received,transaction,2348 
478,106,received,transaction,2348 
479,117,received,transaction,2348 
479,112,received,transaction,2348 
479,107,received,transaction,2348 
480, 100,Appended, Transaction, 2349
480, 100, broadcasting, data, 2349
481,110,received,transaction,2349 
481,118,received,transaction,2349 
482,106,received,transaction,2349 
482,115,received,transaction,2349 
482,105,received,transaction,2349 
482,109,received,transaction,2349 
482,112,received,transaction,2349 
482,116,received,transaction,2349 
483,117,received,transaction,2347 
483,104,received,transaction,2348 
484,102,received,transaction,2349 
485,114,received,transaction,2349 
485,108,received,transaction,2348 
486,101,received,transaction,2349 
486,103,received,transaction,2349 
487,117,received,transaction,2349 
489,108,received,transaction,2349 
490, 100,Appended, Transaction, 2350
490, 100, broadcasting, data, 2350
490,101,received,transaction,2350 
490,104,received,transaction,2349 
491,116,received,transaction,2350 
491,117,received,transaction,2350 
491,111,received,transaction,2349 
492,109,received,transaction,2350 
493,103,received,transaction,2350 
493,102,received,transaction,2350 
495,113,received,transaction,2350 
495,114,received,transaction,2350 
496,118,received,transaction,2350 
497,104,received,transaction,2350 
498,113,received,transaction,2349 
498,107,received,transaction,2350 
499,115,received,transaction,2350 
Simulation ended
